branch_id,desk_service_id,sampled_at,people_waiting,last_ticket_called,estimated_wait_minutes,source,is_open
loja_de_cidadao_do_cacem,Atendimento com Marcação,2026-07-27T00:47:30.403363+00:00,0,,0,siga_live,True
loja_de_cidadao_de_odivelas,Atendimento com Marcação,2026-07-27T00:47:30.403363+00:00,0,,0,siga_live,True
loja_de_cidadao_de_queluz,Atendimento com Marcação,2026-07-27T00:47:30.403363+00:00,0,,0,siga_live,True
loja_de_cidadao_do_cacem,Atendimento Geral,2026-07-27T00:47:30.403363+00:00,,,,siga_live,False
loja_de_cidadao_de_odivelas,Atendimento Geral,2026-07-27T00:47:30.403363+00:00,0,,0,siga_live,True
loja_de_cidadao_de_queluz,Atendimento Geral,2026-07-27T00:47:30.403363+00:00,,,,siga_live,False
loja_de_cidadao_de_mafra,Atendimento Geral,2026-07-27T00:47:30.403363+00:00,,,,siga_live,False
loja_de_cidadao_de_mafra,Venda de Produtos,2026-07-27T00:47:30.403363+00:00,,,,siga_live,False
loja_de_cidadao_do_saldanha,Acolhimento,2026-07-27T00:47:30.403363+00:00,,,,siga_live,False
loja_de_cidadao_de_arruda_dos_vinhos,Atendimento com Marcação,2026-07-27T00:47:30.403363+00:00,0,,0,siga_live,True
loja_de_cidadao_de_vila_franca_de_xira,Atendimento com Marcação,2026-07-27T00:47:30.403363+00:00,0,,0,siga_live,True
loja_de_cidadao_das_laranjeiras,Atendimento com Marcação,2026-07-27T00:47:30.403363+00:00,,,,siga_live,False
loja_de_cidadao_de_mafra,Atendimento com Marcação,2026-07-27T00:47:30.403363+00:00,0,,0,siga_live,True
loja_de_cidadao_do_saldanha,Atendimento com Marcação,2026-07-27T00:47:30.403363+00:00,0,,0,siga_live,True
loja_de_cidadao_das_laranjeiras,Atendimento Geral,2026-07-27T00:47:30.403363+00:00,0,,0,siga_live,True
loja_de_cidadao_de_marvila,Atendimento Geral,2026-07-27T00:47:30.403363+00:00,,,,siga_live,False
loja_de_cidadao_de_arruda_dos_vinhos,Contencioso,2026-07-27T00:47:30.403363+00:00,,,,siga_live,False
loja_de_cidadao_do_cacem,Contencioso,2026-07-27T00:47:30.403363+00:00,,,,siga_live,False
loja_de_cidadao_do_bombarral,Contencioso,2026-07-27T00:47:30.403363+00:00,,,,siga_live,False
loja_de_cidadao_de_mafra,Contencioso,2026-07-27T00:47:30.403363+00:00,,,,siga_live,False
loja_de_cidadao_de_arruda_dos_vinhos,Execuções Fiscais,2026-07-27T00:47:30.403363+00:00,,,,siga_live,False
loja_de_cidadao_do_cacem,Execuções Fiscais,2026-07-27T00:47:30.403363+00:00,,,,siga_live,False
loja_de_cidadao_de_vila_franca_de_xira,Execuções Fiscais,2026-07-27T00:47:30.403363+00:00,,,,siga_live,False
loja_de_cidadao_do_bombarral,Execuções Fiscais,2026-07-27T00:47:30.403363+00:00,,,,siga_live,False
loja_de_cidadao_de_mafra,Execuções Fiscais,2026-07-27T00:47:30.403363+00:00,,,,siga_live,False
loja_de_cidadao_do_saldanha,Execuções Fiscais,2026-07-27T00:47:30.403363+00:00,,,,siga_live,False
loja_de_cidadao_de_vila_franca_de_xira,Outros Assuntos,2026-07-27T00:47:30.403363+00:00,,,,siga_live,False
loja_de_cidadao_de_arruda_dos_vinhos,Pagamentos,2026-07-27T00:47:30.403363+00:00,,,,siga_live,False
loja_de_cidadao_de_vila_franca_de_xira,Pagamentos,2026-07-27T00:47:30.403363+00:00,,,,siga_live,False
loja_de_cidadao_do_bombarral,Pagamentos,2026-07-27T00:47:30.403363+00:00,,,,siga_live,False
loja_de_cidadao_de_mafra,Pagamentos,2026-07-27T00:47:30.403363+00:00,,,,siga_live,False
loja_de_cidadao_de_arruda_dos_vinhos,Património,2026-07-27T00:47:30.403363+00:00,,,,siga_live,False
loja_de_cidadao_do_cacem,Património,2026-07-27T00:47:30.403363+00:00,,,,siga_live,False
loja_de_cidadao_de_vila_franca_de_xira,Património,2026-07-27T00:47:30.403363+00:00,,,,siga_live,False
loja_de_cidadao_do_bombarral,Património,2026-07-27T00:47:30.403363+00:00,,,,siga_live,False
loja_de_cidadao_de_mafra,Património,2026-07-27T00:47:30.403363+00:00,,,,siga_live,False
loja_de_cidadao_do_saldanha,Património,2026-07-27T00:47:30.403363+00:00,,,,siga_live,False
loja_de_cidadao_de_arruda_dos_vinhos,Rendimento,2026-07-27T00:47:30.403363+00:00,,,,siga_live,False
loja_de_cidadao_do_cacem,Rendimento,2026-07-27T00:47:30.403363+00:00,,,,siga_live,False
loja_de_cidadao_de_vila_franca_de_xira,Rendimento,2026-07-27T00:47:30.403363+00:00,,,,siga_live,False
loja_de_cidadao_do_bombarral,Rendimento,2026-07-27T00:47:30.403363+00:00,,,,siga_live,False
loja_de_cidadao_de_mafra,Rendimento,2026-07-27T00:47:30.403363+00:00,,,,siga_live,False
loja_de_cidadao_do_saldanha,Rendimento,2026-07-27T00:47:30.403363+00:00,,,,siga_live,False
loja_de_cidadao_de_arruda_dos_vinhos,Atendimento Geral,2026-07-27T00:47:30.403363+00:00,,,,siga_live,False
loja_de_cidadao_de_cascais,Atendimento ao Migrante,2026-07-27T00:47:30.403363+00:00,,,,siga_live,False
loja_de_cidadao_de_cascais,Atendimento Geral,2026-07-27T00:47:30.403363+00:00,,,,siga_live,False
loja_de_cidadao_de_cascais,Atividades Económicas,2026-07-27T00:47:30.403363+00:00,,,,siga_live,False
loja_de_cidadao_de_cascais,BREXIT,2026-07-27T00:47:30.403363+00:00,,,,siga_live,False
loja_de_cidadao_de_cascais,Cascais Envolvente,2026-07-27T00:47:30.403363+00:00,,,,siga_live,False
loja_de_cidadao_de_cascais,Cascais Envolvente - Técnicas,2026-07-27T00:47:30.403363+00:00,,,,siga_live,False
loja_de_cidadao_de_cascais,CRUE,2026-07-27T00:47:30.403363+00:00,,,,siga_live,False
loja_de_cidadao_de_cascais,Espaço de Energia,2026-07-27T00:47:30.403363+00:00,,,,siga_live,False
loja_de_cidadao_de_cascais,MOBICASCAIS - Carregamento de Passes,2026-07-27T00:47:30.403363+00:00,,,,siga_live,False
loja_de_cidadao_de_cascais,MOBICASCAIS - Outros assuntos,2026-07-27T00:47:30.403363+00:00,,,,siga_live,False
loja_de_cidadao_de_cascais,Pagamentos / Levantamento de documentos,2026-07-27T00:47:30.403363+00:00,,,,siga_live,False
loja_de_cidadao_de_cascais,PARC - Dísticos de residente,2026-07-27T00:47:30.403363+00:00,,,,siga_live,False
loja_de_cidadao_de_cascais,PARC - Multas,2026-07-27T00:47:30.403363+00:00,,,,siga_live,False
loja_de_cidadao_de_cascais,Urbanismo,2026-07-27T00:47:30.403363+00:00,,,,siga_live,False
loja_de_cidadao_do_saldanha,Atendimento Geral,2026-07-27T00:47:30.403363+00:00,,,,siga_live,False
loja_de_cidadao_de_marvila,Atendimento Urbanismo,2026-07-27T00:47:30.403363+00:00,,,,siga_live,False
loja_de_cidadao_do_saldanha,Atendimento Urbanismo,2026-07-27T00:47:30.403363+00:00,,,,siga_live,False
loja_de_cidadao_de_marvila,Atividades Económicas,2026-07-27T00:47:30.403363+00:00,,,,siga_live,False
loja_de_cidadao_do_saldanha,Atividades Económicas,2026-07-27T00:47:30.403363+00:00,,,,siga_live,False
loja_de_cidadao_de_marvila,Candidaturas Habitação,2026-07-27T00:47:30.403363+00:00,,,,siga_live,False
loja_de_cidadao_do_saldanha,Candidaturas Habitação,2026-07-27T00:47:30.403363+00:00,,,,siga_live,False
loja_de_cidadao_de_marvila,Certificado da União Europeia,2026-07-27T00:47:30.403363+00:00,,,,siga_live,False
loja_de_cidadao_do_saldanha,Certificado da União Europeia,2026-07-27T00:47:30.403363+00:00,,,,siga_live,False
loja_de_cidadao_de_marvila,Levantamento de Documentos,2026-07-27T00:47:30.403363+00:00,,,,siga_live,False
loja_de_cidadao_do_saldanha,Levantamento de Documentos,2026-07-27T00:47:30.403363+00:00,,,,siga_live,False
loja_de_cidadao_de_odivelas,Câmara Municipal de Odivelas,2026-07-27T00:47:30.403363+00:00,,,,siga_live,False
loja_de_cidadao_de_odivelas,Cartões Municipais,2026-07-27T00:47:30.403363+00:00,,,,siga_live,False
loja_de_cidadao_de_odivelas,Execuções Fiscais,2026-07-27T00:47:30.403363+00:00,,,,siga_live,False
loja_de_cidadao_de_odivelas,Serviço do Cidadão,2026-07-27T00:47:30.403363+00:00,0,,0,siga_live,True
loja_de_cidadao_de_odivelas,Tesouraria,2026-07-27T00:47:30.403363+00:00,,,,siga_live,False
loja_de_cidadao_de_vila_franca_de_xira,CM Vila Franca de Xira - Atendimento Geral,2026-07-27T00:47:30.403363+00:00,,,,siga_live,False
loja_de_cidadao_de_vila_franca_de_xira,CM Vila Franca de Xira - Tesouraria,2026-07-27T00:47:30.403363+00:00,,,,siga_live,False
loja_de_cidadao_de_vila_franca_de_xira,Junta de Freguesia de Alverca,2026-07-27T00:47:30.403363+00:00,,,,siga_live,False
loja_de_cidadao_de_vila_franca_de_xira,SMAS Vila Franca Xira - Atendimento Geral,2026-07-27T00:47:30.403363+00:00,,,,siga_live,False
loja_de_cidadao_de_vila_franca_de_xira,SMAS Vila Franca Xira - Tesouraria,2026-07-27T00:47:30.403363+00:00,,,,siga_live,False
loja_de_cidadao_do_saldanha,Atendimento,2026-07-27T00:47:30.403363+00:00,,,,siga_live,False
loja_de_cidadao_de_odivelas,Cidadãos da Comunidade Europeia,2026-07-27T00:47:30.403363+00:00,0,,0,siga_live,True
loja_de_cidadao_de_odivelas,GAE - Gabinete de Apoio ao Emigrante,2026-07-27T00:47:30.403363+00:00,0,,0,siga_live,True
loja_de_cidadao_de_odivelas,Triagem CLAIM/GAE,2026-07-27T00:47:30.403363+00:00,,,,siga_live,False
loja_de_cidadao_do_cacem,DEFESA DO CONSUMIDOR,2026-07-27T00:47:30.403363+00:00,,,,siga_live,False
loja_de_cidadao_de_mafra,Atendimento a Clientes,2026-07-27T00:47:30.403363+00:00,,,,siga_live,False
loja_de_cidadao_das_laranjeiras,Aplicações Financeiras,2026-07-27T00:47:30.403363+00:00,,,,siga_live,False
loja_de_cidadao_de_odivelas,Aplicações Financeiras,2026-07-27T00:47:30.403363+00:00,,,,siga_live,False
loja_de_cidadao_das_laranjeiras,Envios Urgentes - CTT Expresso,2026-07-27T00:47:30.403363+00:00,,,,siga_live,False
loja_de_cidadao_do_cacem,CLAIM,2026-07-27T00:47:30.403363+00:00,,,,siga_live,False
loja_de_cidadao_das_laranjeiras,Levantamento de Certificados Emitidos,2026-07-27T00:47:30.403363+00:00,,,,siga_live,False
loja_de_cidadao_das_laranjeiras,Pedido de Emissão de Certificado,2026-07-27T00:47:30.403363+00:00,,,,siga_live,False
loja_de_cidadao_das_laranjeiras,Triagem,2026-07-27T00:47:30.403363+00:00,,,,siga_live,False
loja_de_cidadao_de_marvila,Triagem,2026-07-27T00:47:30.403363+00:00,,,,siga_live,False
loja_de_cidadao_das_laranjeiras,Dísticos,2026-07-27T00:47:30.403363+00:00,,,,siga_live,False
loja_de_cidadao_do_saldanha,Dísticos,2026-07-27T00:47:30.403363+00:00,,,,siga_live,False
loja_de_cidadao_das_laranjeiras,Gira,2026-07-27T00:47:30.403363+00:00,,,,siga_live,False
loja_de_cidadao_do_saldanha,Gira,2026-07-27T00:47:30.403363+00:00,,,,siga_live,False
loja_de_cidadao_das_laranjeiras,Multas,2026-07-27T00:47:30.403363+00:00,,,,siga_live,False
loja_de_cidadao_do_saldanha,Multas,2026-07-27T00:47:30.403363+00:00,,,,siga_live,False
loja_de_cidadao_das_laranjeiras,Outros,2026-07-27T00:47:30.403363+00:00,,,,siga_live,False
loja_de_cidadao_do_saldanha,Outros,2026-07-27T00:47:30.403363+00:00,,,,siga_live,False
loja_de_cidadao_das_laranjeiras,Senha A - Atendimento Geral,2026-07-27T00:47:30.403363+00:00,,,,siga_live,False
loja_de_cidadao_das_laranjeiras,Senha B - Pagamentos EPAL,2026-07-27T00:47:30.403363+00:00,,,,siga_live,False
loja_de_cidadao_do_cacem,Atendimento Telefónico,2026-07-27T00:47:30.403363+00:00,0,,0,siga_live,True
loja_de_cidadao_de_queluz,Atendimento Telefónico,2026-07-27T00:47:30.403363+00:00,0,,0,siga_live,True
loja_de_cidadao_do_cacem,Atendimentos Unidade de Gestão,2026-07-27T00:47:30.403363+00:00,0,,0,siga_live,True
loja_de_cidadao_de_queluz,Atendimentos Unidade de Gestão,2026-07-27T00:47:30.403363+00:00,0,,0,siga_live,True
loja_de_cidadao_do_cacem,Cartão de Cidadão Renovação maiores de 25 anos/ Citizen Card – Renewal for +25 years old,2026-07-27T00:47:30.403363+00:00,,,,siga_live,False
loja_de_cidadao_de_queluz,Cartão de Cidadão Renovação maiores de 25 anos/ Citizen Card – Renewal for +25 years old,2026-07-27T00:47:30.403363+00:00,,,,siga_live,False
loja_de_cidadao_do_cacem,CMS Atendimento Municipal/ CMS - Municipality,2026-07-27T00:47:30.403363+00:00,,,,siga_live,False
loja_de_cidadao_de_queluz,CMS Atendimento Municipal/ CMS - Municipality,2026-07-27T00:47:30.403363+00:00,,,,siga_live,False
loja_de_cidadao_do_cacem,Espaço Cidadão/ Citizen Spot,2026-07-27T00:47:30.403363+00:00,,,,siga_live,False
loja_de_cidadao_de_queluz,Espaço Cidadão/ Citizen Spot,2026-07-27T00:47:30.403363+00:00,,,,siga_live,False
loja_de_cidadao_do_cacem,Levantamentos/ Withdrawls,2026-07-27T00:47:30.403363+00:00,,,,siga_live,False
loja_de_cidadao_de_queluz,Levantamentos/ Withdrawls,2026-07-27T00:47:30.403363+00:00,,,,siga_live,False
loja_de_cidadao_do_cacem,Tesouraria/ Treasury,2026-07-27T00:47:30.403363+00:00,,,,siga_live,False
loja_de_cidadao_de_queluz,Tesouraria/ Treasury,2026-07-27T00:47:30.403363+00:00,,,,siga_live,False
loja_de_cidadao_do_cacem,Urbanismo/ Urban Planning,2026-07-27T00:47:30.403363+00:00,,,,siga_live,False
loja_de_cidadao_de_queluz,Urbanismo/ Urban Planning,2026-07-27T00:47:30.403363+00:00,,,,siga_live,False
loja_de_cidadao_de_arruda_dos_vinhos,Atendimento Geral/ General Attendance,2026-07-27T00:47:30.403363+00:00,,,,siga_live,False
loja_de_cidadao_de_cascais,Atendimento Geral/ General Attendance,2026-07-27T00:47:30.403363+00:00,,,,siga_live,False
loja_de_cidadao_de_vila_franca_de_xira,Atendimento Geral/ General Attendance,2026-07-27T00:47:30.403363+00:00,,,,siga_live,False
loja_de_cidadao_das_laranjeiras,Atendimento Geral/ General Attendance,2026-07-27T00:47:30.403363+00:00,,,,siga_live,False
loja_de_cidadao_de_marvila,Atendimento Geral/ General Attendance,2026-07-27T00:47:30.403363+00:00,,,,siga_live,False
loja_de_cidadao_de_odivelas,Atendimento Geral/ General Attendance,2026-07-27T00:47:30.403363+00:00,,,,siga_live,False
loja_de_cidadao_do_saldanha,Atendimento Geral/ General Attendance,2026-07-27T00:47:30.403363+00:00,,,,siga_live,False
loja_de_cidadao_de_torres_vedras,Atendimento Geral/ General Attendance,2026-07-27T00:47:30.403363+00:00,,,,siga_live,False
loja_de_cidadao_de_vila_franca_de_xira,Carta de Condução/ Driving License,2026-07-27T00:47:30.403363+00:00,,,,siga_live,False
loja_de_cidadao_das_laranjeiras,Carta de Condução/ Driving License,2026-07-27T00:47:30.403363+00:00,,,,siga_live,False
loja_de_cidadao_de_cascais,Cartão de Cidadão Renovação maiores de 25 anos/ Citizen Card – Renewal for +25 years old,2026-07-27T00:47:30.403363+00:00,,,,siga_live,False
loja_de_cidadao_de_vila_franca_de_xira,Cartão de Cidadão Renovação maiores de 25 anos/ Citizen Card – Renewal for +25 years old,2026-07-27T00:47:30.403363+00:00,,,,siga_live,False
loja_de_cidadao_das_laranjeiras,Certificados de Aforro e Poupança/ Savings Certificates,2026-07-27T00:47:30.403363+00:00,,,,siga_live,False
loja_de_cidadao_de_cascais,ID cidadão estrangeiro/ Foreign Citizen ID,2026-07-27T00:47:30.403363+00:00,,,,siga_live,False
loja_de_cidadao_das_laranjeiras,ID cidadão estrangeiro/ Foreign Citizen ID,2026-07-27T00:47:30.403363+00:00,,,,siga_live,False
loja_de_cidadao_do_saldanha,ID cidadão estrangeiro/ Foreign Citizen ID,2026-07-27T00:47:30.403363+00:00,,,,siga_live,False
loja_de_cidadao_de_mafra,Câmara Municipal de Mafra / Mafra Municipality,2026-07-27T00:47:30.403363+00:00,,,,siga_live,False
loja_de_cidadao_de_mafra,Cartão de Cidadão Renovação maiores de 25 anos/ Citizen Card – Renewal for +25 years old,2026-07-27T00:47:30.403363+00:00,,,,siga_live,False
loja_de_cidadao_de_mafra,Espaço Cidadão/ Citizen Spot,2026-07-27T00:47:30.403363+00:00,,,,siga_live,False
loja_de_cidadao_de_odivelas,Empresa na Hora,2026-07-27T00:47:30.403363+00:00,,,,siga_live,False
loja_de_cidadao_de_mafra,Outros Assuntos,2026-07-27T00:47:30.403363+00:00,,,,siga_live,False
loja_de_cidadao_de_mafra,Recrutamento,2026-07-27T00:47:30.403363+00:00,,,,siga_live,False
loja_de_cidadao_de_marvila,Distribuição,2026-07-27T00:47:30.403363+00:00,,,,siga_live,False
loja_de_cidadao_do_cacem,ATENDIMENTO GERAL,2026-07-27T00:47:30.403363+00:00,,,,siga_live,False
loja_de_cidadao_de_cascais,Galp - Eletricidade e Gás Natural,2026-07-27T00:47:30.403363+00:00,,,,siga_live,False
loja_de_cidadao_das_laranjeiras,Galp - Eletricidade e Gás Natural,2026-07-27T00:47:30.403363+00:00,,,,siga_live,False
loja_de_cidadao_de_marvila,Galp - Eletricidade e Gás Natural,2026-07-27T00:47:30.403363+00:00,,,,siga_live,False
loja_de_cidadao_de_odivelas,Galp - Eletricidade e Gás Natural,2026-07-27T00:47:30.403363+00:00,,,,siga_live,False
loja_de_cidadao_de_cascais,Galp - Gás Propano,2026-07-27T00:47:30.403363+00:00,,,,siga_live,False
loja_de_cidadao_das_laranjeiras,Galp - Gás Propano,2026-07-27T00:47:30.403363+00:00,,,,siga_live,False
loja_de_cidadao_de_marvila,Galp - Gás Propano,2026-07-27T00:47:30.403363+00:00,,,,siga_live,False
loja_de_cidadao_de_odivelas,Galp - Gás Propano,2026-07-27T00:47:30.403363+00:00,,,,siga_live,False
loja_de_cidadao_de_marvila,Obras,2026-07-27T00:47:30.403363+00:00,,,,siga_live,False
loja_de_cidadao_do_saldanha,Obras,2026-07-27T00:47:30.403363+00:00,,,,siga_live,False
loja_de_cidadao_de_marvila,Pagamentos,2026-07-27T00:47:30.403363+00:00,,,,siga_live,False
loja_de_cidadao_do_saldanha,Pagamentos,2026-07-27T00:47:30.403363+00:00,,,,siga_live,False
loja_de_cidadao_das_laranjeiras,Eletricidade,2026-07-27T00:47:30.403363+00:00,,,,siga_live,False
loja_de_cidadao_de_odivelas,Eletricidade,2026-07-27T00:47:30.403363+00:00,,,,siga_live,False
loja_de_cidadao_das_laranjeiras,Eletricidade e Gás Natural,2026-07-27T00:47:30.403363+00:00,,,,siga_live,False
loja_de_cidadao_de_odivelas,Eletricidade e Gás Natural,2026-07-27T00:47:30.403363+00:00,,,,siga_live,False
loja_de_cidadao_das_laranjeiras,Gás Natural,2026-07-27T00:47:30.403363+00:00,,,,siga_live,False
loja_de_cidadao_de_odivelas,Gás Natural,2026-07-27T00:47:30.403363+00:00,,,,siga_live,False
loja_de_cidadao_de_odivelas,Outros,2026-07-27T00:47:30.403363+00:00,,,,siga_live,False
loja_de_cidadao_de_marvila,Casa,2026-07-27T00:47:30.403363+00:00,,,,siga_live,False
loja_de_cidadao_de_marvila,Empresa,2026-07-27T00:47:30.403363+00:00,,,,siga_live,False
loja_de_cidadao_de_marvila,Cartão Estacionamento (Pessoa com Deficiência),2026-07-27T00:47:30.403363+00:00,,,,siga_live,False
loja_de_cidadao_do_saldanha,Cartão Estacionamento (Pessoa com Deficiência),2026-07-27T00:47:30.403363+00:00,,,,siga_live,False
loja_de_cidadao_do_saldanha,Condutores,2026-07-27T00:47:30.403363+00:00,,,,siga_live,False
loja_de_cidadao_do_saldanha,Levantamento Apreensão Veículos,2026-07-27T00:47:30.403363+00:00,,,,siga_live,False
loja_de_cidadao_do_saldanha,Levantamento de Carta de Condução,2026-07-27T00:47:30.403363+00:00,,,,siga_live,False
loja_de_cidadao_do_saldanha,Transportes,2026-07-27T00:47:30.403363+00:00,,,,siga_live,False
loja_de_cidadao_de_marvila,Veículos,2026-07-27T00:47:30.403363+00:00,,,,siga_live,False
loja_de_cidadao_do_cacem,Entrega de Documentos,2026-07-27T00:47:30.403363+00:00,,,,siga_live,False
loja_de_cidadao_das_laranjeiras,Entrega de Documentos,2026-07-27T00:47:30.403363+00:00,,,,siga_live,False
loja_de_cidadao_de_mafra,Entrega de Documentos,2026-07-27T00:47:30.403363+00:00,,,,siga_live,False
loja_de_cidadao_de_queluz,Entrega de Documentos,2026-07-27T00:47:30.403363+00:00,,,,siga_live,False
loja_de_cidadao_de_arruda_dos_vinhos,Geral,2026-07-27T00:47:30.403363+00:00,,,,siga_live,False
loja_de_cidadao_do_cacem,Geral,2026-07-27T00:47:30.403363+00:00,,,,siga_live,False
loja_de_cidadao_de_cascais,Geral,2026-07-27T00:47:30.403363+00:00,,,,siga_live,False
loja_de_cidadao_de_vila_franca_de_xira,Geral,2026-07-27T00:47:30.403363+00:00,,,,siga_live,False
loja_de_cidadao_das_laranjeiras,Geral,2026-07-27T00:47:30.403363+00:00,,,,siga_live,False
loja_de_cidadao_de_mafra,Geral,2026-07-27T00:47:30.403363+00:00,,,,siga_live,False
loja_de_cidadao_de_marvila,Geral,2026-07-27T00:47:30.403363+00:00,,,,siga_live,False
loja_de_cidadao_de_odivelas,Geral,2026-07-27T00:47:30.403363+00:00,,,,siga_live,False
loja_de_cidadao_de_queluz,Geral,2026-07-27T00:47:30.403363+00:00,,,,siga_live,False
loja_de_cidadao_do_saldanha,Geral,2026-07-27T00:47:30.403363+00:00,,,,siga_live,False
loja_de_cidadao_de_arruda_dos_vinhos,Levantamento de NISS,2026-07-27T00:47:30.403363+00:00,,,,siga_live,False
loja_de_cidadao_do_cacem,Levantamento de NISS,2026-07-27T00:47:30.403363+00:00,,,,siga_live,False
loja_de_cidadao_de_cascais,Levantamento de NISS,2026-07-27T00:47:30.403363+00:00,,,,siga_live,False
loja_de_cidadao_das_laranjeiras,Levantamento de NISS,2026-07-27T00:47:30.403363+00:00,,,,siga_live,False
loja_de_cidadao_de_mafra,Levantamento de NISS,2026-07-27T00:47:30.403363+00:00,,,,siga_live,False
loja_de_cidadao_de_odivelas,Levantamento de NISS,2026-07-27T00:47:30.403363+00:00,,,,siga_live,False
loja_de_cidadao_de_queluz,Levantamento de NISS,2026-07-27T00:47:30.403363+00:00,,,,siga_live,False
loja_de_cidadao_do_saldanha,Levantamento de NISS,2026-07-27T00:47:30.403363+00:00,,,,siga_live,False
loja_de_cidadao_de_arruda_dos_vinhos,Posto de serviços rápidos,2026-07-27T00:47:30.403363+00:00,,,,siga_live,False
loja_de_cidadao_do_cacem,Posto de serviços rápidos,2026-07-27T00:47:30.403363+00:00,,,,siga_live,False
loja_de_cidadao_de_vila_franca_de_xira,Posto de serviços rápidos,2026-07-27T00:47:30.403363+00:00,,,,siga_live,False
loja_de_cidadao_de_mafra,Posto de serviços rápidos,2026-07-27T00:47:30.403363+00:00,,,,siga_live,False
loja_de_cidadao_de_marvila,Posto de serviços rápidos,2026-07-27T00:47:30.403363+00:00,,,,siga_live,False
loja_de_cidadao_de_odivelas,Posto de serviços rápidos,2026-07-27T00:47:30.403363+00:00,,,,siga_live,False
loja_de_cidadao_de_arruda_dos_vinhos,Tesouraria,2026-07-27T00:47:30.403363+00:00,,,,siga_live,False
loja_de_cidadao_de_cascais,Tesouraria,2026-07-27T00:47:30.403363+00:00,,,,siga_live,False
loja_de_cidadao_de_mafra,Tesouraria,2026-07-27T00:47:30.403363+00:00,,,,siga_live,False
loja_de_cidadao_de_queluz,Tesouraria,2026-07-27T00:47:30.403363+00:00,,,,siga_live,False
loja_de_cidadao_das_laranjeiras,Atendimento geral; Declarações; Atualizações,2026-07-27T00:47:30.403363+00:00,,,,siga_live,False
loja_de_cidadao_das_laranjeiras,Construção,2026-07-27T00:47:30.403363+00:00,,,,siga_live,False
loja_de_cidadao_das_laranjeiras,Imobiliário,2026-07-27T00:47:30.403363+00:00,,,,siga_live,False
loja_de_cidadao_do_bombarral, Certificados /Traduções / Procurações/ Reconhecimentos / Fotocópias/ Instrumentos/ Outros,2026-07-27T00:47:30.403363+00:00,,,,siga_live,False
loja_de_cidadao_do_cacem,Cartão de Cidadão - Levantamento,2026-07-27T00:47:30.403363+00:00,,,,siga_live,False
loja_de_cidadao_de_vila_franca_de_xira,Cartão de Cidadão - Levantamento,2026-07-27T00:47:30.403363+00:00,,,,siga_live,False
loja_de_cidadao_do_bombarral,Cartão de Cidadão - Levantamento,2026-07-27T00:47:30.403363+00:00,,,,siga_live,False
loja_de_cidadao_das_laranjeiras,Cartão de Cidadão - Levantamento,2026-07-27T00:47:30.403363+00:00,,,,siga_live,False
loja_de_cidadao_de_marvila,Cartão de Cidadão - Levantamento,2026-07-27T00:47:30.403363+00:00,,,,siga_live,False
loja_de_cidadao_de_odivelas,Cartão de Cidadão - Levantamento,2026-07-27T00:47:30.403363+00:00,,,,siga_live,False
loja_de_cidadao_de_queluz,Cartão de Cidadão - Levantamento,2026-07-27T00:47:30.403363+00:00,,,,siga_live,False
loja_de_cidadao_do_saldanha,Cartão de Cidadão - Levantamento,2026-07-27T00:47:30.403363+00:00,,,,siga_live,False
loja_de_cidadao_de_torres_vedras,Cartão de Cidadão - Levantamento,2026-07-27T00:47:30.403363+00:00,,,,siga_live,False
loja_de_cidadao_do_cacem,Cartão de Cidadão - Outros,2026-07-27T00:47:30.403363+00:00,,,,siga_live,False
loja_de_cidadao_de_vila_franca_de_xira,Cartão de Cidadão - Outros,2026-07-27T00:47:30.403363+00:00,,,,siga_live,False
loja_de_cidadao_do_bombarral,Cartão de Cidadão - Outros,2026-07-27T00:47:30.403363+00:00,,,,siga_live,False
loja_de_cidadao_das_laranjeiras,Cartão de Cidadão - Outros,2026-07-27T00:47:30.403363+00:00,,,,siga_live,False
loja_de_cidadao_de_marvila,Cartão de Cidadão - Outros,2026-07-27T00:47:30.403363+00:00,,,,siga_live,False
loja_de_cidadao_de_odivelas,Cartão de Cidadão - Outros,2026-07-27T00:47:30.403363+00:00,,,,siga_live,False
loja_de_cidadao_de_queluz,Cartão de Cidadão - Outros,2026-07-27T00:47:30.403363+00:00,,,,siga_live,False
loja_de_cidadao_do_saldanha,Cartão de Cidadão - Outros,2026-07-27T00:47:30.403363+00:00,,,,siga_live,False
loja_de_cidadao_de_torres_vedras,Cartão de Cidadão - Outros,2026-07-27T00:47:30.403363+00:00,,,,siga_live,False
loja_de_cidadao_do_cacem,Cartão de Cidadão - Pedido/Renovação,2026-07-27T00:47:30.403363+00:00,,,,siga_live,False
loja_de_cidadao_de_vila_franca_de_xira,Cartão de Cidadão - Pedido/Renovação,2026-07-27T00:47:30.403363+00:00,,,,siga_live,False
loja_de_cidadao_do_bombarral,Cartão de Cidadão - Pedido/Renovação,2026-07-27T00:47:30.403363+00:00,,,,siga_live,False
loja_de_cidadao_das_laranjeiras,Cartão de Cidadão - Pedido/Renovação,2026-07-27T00:47:30.403363+00:00,,,,siga_live,False
loja_de_cidadao_de_marvila,Cartão de Cidadão - Pedido/Renovação,2026-07-27T00:47:30.403363+00:00,,,,siga_live,False
loja_de_cidadao_de_odivelas,Cartão de Cidadão - Pedido/Renovação,2026-07-27T00:47:30.403363+00:00,,,,siga_live,False
loja_de_cidadao_de_queluz,Cartão de Cidadão - Pedido/Renovação,2026-07-27T00:47:30.403363+00:00,,,,siga_live,False
loja_de_cidadao_do_saldanha,Cartão de Cidadão - Pedido/Renovação,2026-07-27T00:47:30.403363+00:00,,,,siga_live,False
loja_de_cidadao_de_torres_vedras,Cartão de Cidadão - Pedido/Renovação,2026-07-27T00:47:30.403363+00:00,,,,siga_live,False
loja_de_cidadao_do_cacem,Casa Pronta,2026-07-27T00:47:30.403363+00:00,,,,siga_live,False
loja_de_cidadao_do_bombarral,Casa Pronta,2026-07-27T00:47:30.403363+00:00,,,,siga_live,False
loja_de_cidadao_do_saldanha,Casa Pronta,2026-07-27T00:47:30.403363+00:00,,,,siga_live,False
loja_de_cidadao_de_torres_vedras,Casa Pronta,2026-07-27T00:47:30.403363+00:00,,,,siga_live,False
loja_de_cidadao_do_bombarral,Empresa na Hora / Marca / Associação / Cooperativa / Sucursal na Hora,2026-07-27T00:47:30.403363+00:00,,,,siga_live,False
loja_de_cidadao_do_saldanha,Empresa na Hora / Marca / Associação / Cooperativa / Sucursal na Hora,2026-07-27T00:47:30.403363+00:00,,,,siga_live,False
loja_de_cidadao_de_torres_vedras,Empresa na Hora / Marca / Associação / Cooperativa / Sucursal na Hora,2026-07-27T00:47:30.403363+00:00,,,,siga_live,False
loja_de_cidadao_do_cacem,Habilitação / Partilha de Herança / Partilha por divórcio,2026-07-27T00:47:30.403363+00:00,,,,siga_live,False
loja_de_cidadao_do_saldanha,Habilitação / Partilha de Herança / Partilha por divórcio,2026-07-27T00:47:30.403363+00:00,,,,siga_live,False
loja_de_cidadao_de_torres_vedras,Habilitação / Partilha de Herança / Partilha por divórcio,2026-07-27T00:47:30.403363+00:00,,,,siga_live,False
loja_de_cidadao_do_bombarral,Nacionalidade - Cidadão / Particulares,2026-07-27T00:47:30.403363+00:00,,,,siga_live,False
loja_de_cidadao_de_odivelas,Nacionalidade - Cidadão / Particulares,2026-07-27T00:47:30.403363+00:00,,,,siga_live,False
loja_de_cidadao_de_torres_vedras,Nacionalidade - Cidadão / Particulares,2026-07-27T00:47:30.403363+00:00,,,,siga_live,False
loja_de_cidadao_do_bombarral,Nacionalidade - Profissionais,2026-07-27T00:47:30.403363+00:00,,,,siga_live,False
loja_de_cidadao_de_odivelas,Nacionalidade - Profissionais,2026-07-27T00:47:30.403363+00:00,,,,siga_live,False
loja_de_cidadao_de_torres_vedras,Nacionalidade - Profissionais,2026-07-27T00:47:30.403363+00:00,,,,siga_live,False
loja_de_cidadao_do_cacem,Passaporte - Levantamento / Inf.,2026-07-27T00:47:30.403363+00:00,,,,siga_live,False
loja_de_cidadao_de_vila_franca_de_xira,Passaporte - Levantamento / Inf.,2026-07-27T00:47:30.403363+00:00,,,,siga_live,False
loja_de_cidadao_do_bombarral,Passaporte - Levantamento / Inf.,2026-07-27T00:47:30.403363+00:00,,,,siga_live,False
loja_de_cidadao_das_laranjeiras,Passaporte - Levantamento / Inf.,2026-07-27T00:47:30.403363+00:00,,,,siga_live,False
loja_de_cidadao_de_marvila,Passaporte - Levantamento / Inf.,2026-07-27T00:47:30.403363+00:00,,,,siga_live,False
loja_de_cidadao_de_odivelas,Passaporte - Levantamento / Inf.,2026-07-27T00:47:30.403363+00:00,,,,siga_live,False
loja_de_cidadao_de_queluz,Passaporte - Levantamento / Inf.,2026-07-27T00:47:30.403363+00:00,,,,siga_live,False
loja_de_cidadao_do_saldanha,Passaporte - Levantamento / Inf.,2026-07-27T00:47:30.403363+00:00,,,,siga_live,False
loja_de_cidadao_de_torres_vedras,Passaporte - Levantamento / Inf.,2026-07-27T00:47:30.403363+00:00,,,,siga_live,False
loja_de_cidadao_do_cacem,Passaporte - Pedido,2026-07-27T00:47:30.403363+00:00,,,,siga_live,False
loja_de_cidadao_de_vila_franca_de_xira,Passaporte - Pedido,2026-07-27T00:47:30.403363+00:00,,,,siga_live,False
loja_de_cidadao_do_bombarral,Passaporte - Pedido,2026-07-27T00:47:30.403363+00:00,,,,siga_live,False
loja_de_cidadao_das_laranjeiras,Passaporte - Pedido,2026-07-27T00:47:30.403363+00:00,,,,siga_live,False
loja_de_cidadao_de_marvila,Passaporte - Pedido,2026-07-27T00:47:30.403363+00:00,,,,siga_live,False
loja_de_cidadao_de_odivelas,Passaporte - Pedido,2026-07-27T00:47:30.403363+00:00,,,,siga_live,False
loja_de_cidadao_de_queluz,Passaporte - Pedido,2026-07-27T00:47:30.403363+00:00,,,,siga_live,False
loja_de_cidadao_do_saldanha,Passaporte - Pedido,2026-07-27T00:47:30.403363+00:00,,,,siga_live,False
loja_de_cidadao_de_torres_vedras,Passaporte - Pedido,2026-07-27T00:47:30.403363+00:00,,,,siga_live,False
loja_de_cidadao_do_bombarral,Registo Civil - Casamento / Divórcio/Separação / Outros processos especiais,2026-07-27T00:47:30.403363+00:00,,,,siga_live,False
loja_de_cidadao_de_torres_vedras,Registo Civil - Casamento / Divórcio/Separação / Outros processos especiais,2026-07-27T00:47:30.403363+00:00,,,,siga_live,False
loja_de_cidadao_do_bombarral,Registo Civil - Certidões / Inf.,2026-07-27T00:47:30.403363+00:00,,,,siga_live,False
loja_de_cidadao_das_laranjeiras,Registo Civil - Certidões / Inf.,2026-07-27T00:47:30.403363+00:00,,,,siga_live,False
loja_de_cidadao_de_odivelas,Registo Civil - Certidões / Inf.,2026-07-27T00:47:30.403363+00:00,,,,siga_live,False
loja_de_cidadao_do_saldanha,Registo Civil - Certidões / Inf.,2026-07-27T00:47:30.403363+00:00,,,,siga_live,False
loja_de_cidadao_de_torres_vedras,Registo Civil - Certidões / Inf.,2026-07-27T00:47:30.403363+00:00,,,,siga_live,False
loja_de_cidadao_do_bombarral,Registo Civil - Nascimento,2026-07-27T00:47:30.403363+00:00,,,,siga_live,False
loja_de_cidadao_de_odivelas,Registo Civil - Nascimento,2026-07-27T00:47:30.403363+00:00,,,,siga_live,False
loja_de_cidadao_de_torres_vedras,Registo Civil - Nascimento,2026-07-27T00:47:30.403363+00:00,,,,siga_live,False
loja_de_cidadao_do_bombarral,Registo Civil - Óbito/Espaço Óbito,2026-07-27T00:47:30.403363+00:00,,,,siga_live,False
loja_de_cidadao_de_odivelas,Registo Civil - Óbito/Espaço Óbito,2026-07-27T00:47:30.403363+00:00,,,,siga_live,False
loja_de_cidadao_do_saldanha,Registo Civil - Óbito/Espaço Óbito,2026-07-27T00:47:30.403363+00:00,,,,siga_live,False
loja_de_cidadao_de_torres_vedras,Registo Civil - Óbito/Espaço Óbito,2026-07-27T00:47:30.403363+00:00,,,,siga_live,False
loja_de_cidadao_do_bombarral,Registo Comercial - Certidões / Inf.,2026-07-27T00:47:30.403363+00:00,,,,siga_live,False
loja_de_cidadao_das_laranjeiras,Registo Comercial - Certidões / Inf.,2026-07-27T00:47:30.403363+00:00,,,,siga_live,False
loja_de_cidadao_de_odivelas,Registo Comercial - Certidões / Inf.,2026-07-27T00:47:30.403363+00:00,,,,siga_live,False
loja_de_cidadao_do_saldanha,Registo Comercial - Certidões / Inf.,2026-07-27T00:47:30.403363+00:00,,,,siga_live,False
loja_de_cidadao_de_torres_vedras,Registo Comercial - Certidões / Inf.,2026-07-27T00:47:30.403363+00:00,,,,siga_live,False
loja_de_cidadao_do_bombarral,Registo Comercial - Pedido,2026-07-27T00:47:30.403363+00:00,,,,siga_live,False
loja_de_cidadao_de_torres_vedras,Registo Comercial - Pedido,2026-07-27T00:47:30.403363+00:00,,,,siga_live,False
loja_de_cidadao_do_cacem,Registo Predial - Certidões / Inf. ,2026-07-27T00:47:30.403363+00:00,,,,siga_live,False
loja_de_cidadao_do_bombarral,Registo Predial - Certidões / Inf. ,2026-07-27T00:47:30.403363+00:00,,,,siga_live,False
loja_de_cidadao_das_laranjeiras,Registo Predial - Certidões / Inf. ,2026-07-27T00:47:30.403363+00:00,,,,siga_live,False
loja_de_cidadao_de_odivelas,Registo Predial - Certidões / Inf. ,2026-07-27T00:47:30.403363+00:00,,,,siga_live,False
loja_de_cidadao_do_saldanha,Registo Predial - Certidões / Inf. ,2026-07-27T00:47:30.403363+00:00,,,,siga_live,False
loja_de_cidadao_de_torres_vedras,Registo Predial - Certidões / Inf. ,2026-07-27T00:47:30.403363+00:00,,,,siga_live,False
loja_de_cidadao_do_cacem,Registo Predial - Pedido,2026-07-27T00:47:30.403363+00:00,,,,siga_live,False
loja_de_cidadao_do_bombarral,Registo Predial - Pedido,2026-07-27T00:47:30.403363+00:00,,,,siga_live,False
loja_de_cidadao_de_torres_vedras,Registo Predial - Pedido,2026-07-27T00:47:30.403363+00:00,,,,siga_live,False
loja_de_cidadao_do_bombarral,Registo veículos - Certidões / Inf.,2026-07-27T00:47:30.403363+00:00,,,,siga_live,False
loja_de_cidadao_das_laranjeiras,Registo veículos - Certidões / Inf.,2026-07-27T00:47:30.403363+00:00,,,,siga_live,False
loja_de_cidadao_de_odivelas,Registo veículos - Certidões / Inf.,2026-07-27T00:47:30.403363+00:00,,,,siga_live,False
loja_de_cidadao_do_saldanha,Registo veículos - Certidões / Inf.,2026-07-27T00:47:30.403363+00:00,,,,siga_live,False
loja_de_cidadao_do_cacem,Registo veículos - Pedido,2026-07-27T00:47:30.403363+00:00,,,,siga_live,False
loja_de_cidadao_do_bombarral,Registo veículos - Pedido,2026-07-27T00:47:30.403363+00:00,,,,siga_live,False
loja_de_cidadao_das_laranjeiras,Registo veículos - Pedido,2026-07-27T00:47:30.403363+00:00,,,,siga_live,False
loja_de_cidadao_de_odivelas,Registo veículos - Pedido,2026-07-27T00:47:30.403363+00:00,,,,siga_live,False
loja_de_cidadao_do_saldanha,Registo veículos - Pedido,2026-07-27T00:47:30.403363+00:00,,,,siga_live,False
loja_de_cidadao_de_torres_vedras,Registo veículos - Pedido,2026-07-27T00:47:30.403363+00:00,,,,siga_live,False
loja_de_cidadao_de_arruda_dos_vinhos,Pagamento Taxas,2026-07-27T00:47:30.403363+00:00,,,,siga_live,False
loja_de_cidadao_das_laranjeiras,Atendimento Empresarial,2026-07-27T00:47:30.403363+00:00,,,,siga_live,False
loja_de_cidadao_de_odivelas,Leituras,2026-07-27T00:47:30.403363+00:00,,,,siga_live,False
loja_de_cidadao_de_odivelas,Tesouraria - pagamento de faturas,2026-07-27T00:47:30.403363+00:00,,,,siga_live,False
loja_de_cidadao_de_mafra,Atendimento geral,2026-07-27T00:47:30.403363+00:00,,,,siga_live,False
loja_de_cidadao_de_mafra,Contratos,2026-07-27T00:47:30.403363+00:00,,,,siga_live,False
loja_de_cidadao_do_cacem,Biorresíduos,2026-07-27T00:47:30.403363+00:00,,,,siga_live,False
loja_de_cidadao_de_queluz,Biorresíduos,2026-07-27T00:47:30.403363+00:00,,,,siga_live,False
loja_de_cidadao_do_cacem,Cobranças,2026-07-27T00:47:30.403363+00:00,,,,siga_live,False
loja_de_cidadao_de_queluz,Cobranças,2026-07-27T00:47:30.403363+00:00,,,,siga_live,False
loja_de_cidadao_do_cacem,Contratação,2026-07-27T00:47:30.403363+00:00,,,,siga_live,False
loja_de_cidadao_de_queluz,Contratação,2026-07-27T00:47:30.403363+00:00,,,,siga_live,False
loja_de_cidadao_do_cacem,Convocatórias,2026-07-27T00:47:30.403363+00:00,,,,siga_live,False
loja_de_cidadao_de_queluz,Convocatórias,2026-07-27T00:47:30.403363+00:00,,,,siga_live,False
loja_de_cidadao_do_cacem,Diversos,2026-07-27T00:47:30.403363+00:00,,,,siga_live,False
loja_de_cidadao_de_queluz,Diversos,2026-07-27T00:47:30.403363+00:00,,,,siga_live,False
loja_de_cidadao_do_cacem,Gabinete de Inserção Profissional,2026-07-27T00:47:30.403363+00:00,,,,siga_live,False
loja_de_cidadao_do_cacem,Inscrições em Atividades e Passeios,2026-07-27T00:47:30.403363+00:00,,,,siga_live,False
loja_de_cidadao_de_gondomar,Atendimento Geral,2026-07-27T00:47:30.403363+00:00,,,,siga_live,False
loja_de_cidadao_de_gondomar,Gestão de Dívida,2026-07-27T00:47:30.403363+00:00,,,,siga_live,False
loja_de_cidadao_de_gondomar,Pagamentos,2026-07-27T00:47:30.403363+00:00,,,,siga_live,False
loja_de_cidadao_de_felgueiras,Atendimento com Marcação,2026-07-27T00:47:30.403363+00:00,0,,0,siga_live,True
loja_de_cidadao_do_porto,Atendimento com Marcação,2026-07-27T00:47:30.403363+00:00,,,,siga_live,False
loja_de_cidadao_de_santo_tirso,Atendimento com Marcação,2026-07-27T00:47:30.403363+00:00,0,,0,siga_live,True
loja_de_cidadao_do_porto,Atendimento Geral,2026-07-27T00:47:30.403363+00:00,,,,siga_live,False
loja_de_cidadao_de_felgueiras,Contencioso,2026-07-27T00:47:30.403363+00:00,,,,siga_live,False
loja_de_cidadao_de_santo_tirso,Contencioso,2026-07-27T00:47:30.403363+00:00,,,,siga_live,False
loja_de_cidadao_de_felgueiras,Execuções Fiscais,2026-07-27T00:47:30.403363+00:00,,,,siga_live,False
loja_de_cidadao_de_santo_tirso,Execuções Fiscais,2026-07-27T00:47:30.403363+00:00,,,,siga_live,False
loja_de_cidadao_de_felgueiras,Pagamentos,2026-07-27T00:47:30.403363+00:00,,,,siga_live,False
loja_de_cidadao_do_porto,Pagamentos,2026-07-27T00:47:30.403363+00:00,,,,siga_live,False
loja_de_cidadao_de_santo_tirso,Pagamentos,2026-07-27T00:47:30.403363+00:00,,,,siga_live,False
loja_de_cidadao_de_felgueiras,Património,2026-07-27T00:47:30.403363+00:00,,,,siga_live,False
loja_de_cidadao_de_santo_tirso,Património,2026-07-27T00:47:30.403363+00:00,,,,siga_live,False
loja_de_cidadao_de_felgueiras,Rendimento,2026-07-27T00:47:30.403363+00:00,,,,siga_live,False
loja_de_cidadao_de_santo_tirso,Rendimento,2026-07-27T00:47:30.403363+00:00,,,,siga_live,False
loja_de_cidadao_do_porto,Levantamento de Certificados Emitidos,2026-07-27T00:47:30.403363+00:00,,,,siga_live,False
loja_de_cidadao_do_porto,Pedido de Emissão de Certificado,2026-07-27T00:47:30.403363+00:00,,,,siga_live,False
loja_de_cidadao_de_penafiel,Atendimento Geral,2026-07-27T00:47:30.403363+00:00,,,,siga_live,False
loja_de_cidadao_de_penafiel,Gasóleo Agrícola,2026-07-27T00:47:30.403363+00:00,,,,siga_live,False
loja_de_cidadao_de_penafiel,Parcelário Agricola,2026-07-27T00:47:30.403363+00:00,,,,siga_live,False
loja_de_cidadao_de_penafiel,Pecuária,2026-07-27T00:47:30.403363+00:00,,,,siga_live,False
loja_de_cidadao_de_penafiel,Vinha,2026-07-27T00:47:30.403363+00:00,,,,siga_live,False
loja_de_cidadao_do_porto,Triagem,2026-07-27T00:47:30.403363+00:00,,,,siga_live,False
loja_de_cidadao_de_gondomar,Atendimento Geral/ General Attendance,2026-07-27T00:47:30.403363+00:00,,,,siga_live,False
loja_de_cidadao_de_penafiel,Atendimento Geral/ General Attendance,2026-07-27T00:47:30.403363+00:00,,,,siga_live,False
loja_de_cidadao_do_porto,Atendimento Geral/ General Attendance,2026-07-27T00:47:30.403363+00:00,,,,siga_live,False
loja_de_cidadao_de_santo_tirso,Atendimento Geral/ General Attendance,2026-07-27T00:47:30.403363+00:00,,,,siga_live,False
loja_de_cidadao_de_gondomar,Carta de Condução/ Driving License,2026-07-27T00:47:30.403363+00:00,,,,siga_live,False
loja_de_cidadao_do_porto,Carta de Condução/ Driving License,2026-07-27T00:47:30.403363+00:00,,,,siga_live,False
loja_de_cidadao_de_penafiel,Certificados de Aforro e Poupança/ Savings Certificates,2026-07-27T00:47:30.403363+00:00,,,,siga_live,False
loja_de_cidadao_do_porto,Certificados de Aforro e Poupança/ Savings Certificates,2026-07-27T00:47:30.403363+00:00,,,,siga_live,False
loja_de_cidadao_de_santo_tirso,Certificados de Aforro e Poupança/ Savings Certificates,2026-07-27T00:47:30.403363+00:00,,,,siga_live,False
loja_de_cidadao_de_felgueiras,Carta de Condução/ Driving License,2026-07-27T00:47:30.403363+00:00,,,,siga_live,False
loja_de_cidadao_de_felgueiras,Cartão de Cidadão Renovação maiores de 25 anos/ Citizen Card – Renewal for +25 years old,2026-07-27T00:47:30.403363+00:00,,,,siga_live,False
loja_de_cidadao_de_felgueiras,Espaço Cidadão/ Citizen Spot,2026-07-27T00:47:30.403363+00:00,,,,siga_live,False
loja_de_cidadao_de_felgueiras,Município de Felgueiras / Felgueiras Municipality,2026-07-27T00:47:30.403363+00:00,,,,siga_live,False
loja_de_cidadao_do_porto,Atendimento email,2026-07-27T00:47:30.403363+00:00,0,,0,siga_live,True
loja_de_cidadao_do_porto,Atendimento Geral Empresa,2026-07-27T00:47:30.403363+00:00,,,,siga_live,False
loja_de_cidadao_do_porto,Atendimento telefónico - Chamadas efetuadas,2026-07-27T00:47:30.403363+00:00,0,,0,siga_live,True
loja_de_cidadao_do_porto,Atendimento telefónico - Chamadas recebidas,2026-07-27T00:47:30.403363+00:00,0,,0,siga_live,True
loja_de_cidadao_do_porto,Empresa na Hora,2026-07-27T00:47:30.403363+00:00,,,,siga_live,False
loja_de_cidadao_do_porto,Galp - Eletricidade e Gás Natural,2026-07-27T00:47:30.403363+00:00,,,,siga_live,False
loja_de_cidadao_do_porto,Galp - Gás Propano,2026-07-27T00:47:30.403363+00:00,,,,siga_live,False
loja_de_cidadao_de_penafiel,Eletricidade,2026-07-27T00:47:30.403363+00:00,,,,siga_live,False
loja_de_cidadao_do_porto,Eletricidade,2026-07-27T00:47:30.403363+00:00,,,,siga_live,False
loja_de_cidadao_de_penafiel,Eletricidade e Gás Natural,2026-07-27T00:47:30.403363+00:00,,,,siga_live,False
loja_de_cidadao_do_porto,Eletricidade e Gás Natural,2026-07-27T00:47:30.403363+00:00,,,,siga_live,False
loja_de_cidadao_de_penafiel,Gás Natural,2026-07-27T00:47:30.403363+00:00,,,,siga_live,False
loja_de_cidadao_do_porto,Gás Natural,2026-07-27T00:47:30.403363+00:00,,,,siga_live,False
loja_de_cidadao_de_penafiel,Outros,2026-07-27T00:47:30.403363+00:00,,,,siga_live,False
loja_de_cidadao_do_porto,Outros,2026-07-27T00:47:30.403363+00:00,,,,siga_live,False
loja_de_cidadao_de_felgueiras,Acção Social,2026-07-27T00:47:30.403363+00:00,,,,siga_live,False
loja_de_cidadao_de_penafiel,Acção Social,2026-07-27T00:47:30.403363+00:00,,,,siga_live,False
loja_de_cidadao_de_felgueiras,Entrega de Documentos,2026-07-27T00:47:30.403363+00:00,,,,siga_live,False
loja_de_cidadao_de_penafiel,Entrega de Documentos,2026-07-27T00:47:30.403363+00:00,,,,siga_live,False
loja_de_cidadao_de_santo_tirso,Entrega de Documentos,2026-07-27T00:47:30.403363+00:00,,,,siga_live,False
loja_de_cidadao_de_felgueiras,Geral,2026-07-27T00:47:30.403363+00:00,,,,siga_live,False
loja_de_cidadao_de_penafiel,Geral,2026-07-27T00:47:30.403363+00:00,,,,siga_live,False
loja_de_cidadao_do_porto,Geral,2026-07-27T00:47:30.403363+00:00,,,,siga_live,False
loja_de_cidadao_de_santo_tirso,Geral,2026-07-27T00:47:30.403363+00:00,,,,siga_live,False
loja_de_cidadao_de_felgueiras,Levantamento de NISS,2026-07-27T00:47:30.403363+00:00,,,,siga_live,False
loja_de_cidadao_de_santo_tirso,Levantamento de NISS,2026-07-27T00:47:30.403363+00:00,,,,siga_live,False
loja_de_cidadao_de_penafiel,Posto de serviços rápidos,2026-07-27T00:47:30.403363+00:00,,,,siga_live,False
loja_de_cidadao_de_santo_tirso,Posto de serviços rápidos,2026-07-27T00:47:30.403363+00:00,,,,siga_live,False
loja_de_cidadao_de_felgueiras,Tesouraria,2026-07-27T00:47:30.403363+00:00,,,,siga_live,False
loja_de_cidadao_de_penafiel,Tesouraria,2026-07-27T00:47:30.403363+00:00,,,,siga_live,False
loja_de_cidadao_de_santo_tirso,Tesouraria,2026-07-27T00:47:30.403363+00:00,,,,siga_live,False
loja_de_cidadao_de_felgueiras,(Re)Inscrição; Prestação de desemprego ,2026-07-27T00:47:30.403363+00:00,,,,siga_live,False
loja_de_cidadao_de_felgueiras,Atendimento de entidades,2026-07-27T00:47:30.403363+00:00,,,,siga_live,False
loja_de_cidadao_de_felgueiras,Atendimento geral; Declarações; Atualizações,2026-07-27T00:47:30.403363+00:00,,,,siga_live,False
loja_de_cidadao_do_porto,Atendimento geral; Declarações; Atualizações,2026-07-27T00:47:30.403363+00:00,,,,siga_live,False
loja_de_cidadao_de_felgueiras,Atendimento individual com convocatória,2026-07-27T00:47:30.403363+00:00,,,,siga_live,False
loja_de_cidadao_do_porto,Atendimento individual com convocatória,2026-07-27T00:47:30.403363+00:00,,,,siga_live,False
loja_de_cidadao_de_felgueiras,Marcação de agendamento,2026-07-27T00:47:30.403363+00:00,,,,siga_live,False
loja_de_cidadao_de_felgueiras,Oportunidades de emprego,2026-07-27T00:47:30.403363+00:00,,,,siga_live,False
loja_de_cidadao_de_felgueiras,Oportunidades de formação e outros apoios,2026-07-27T00:47:30.403363+00:00,,,,siga_live,False
loja_de_cidadao_do_porto,Construção,2026-07-27T00:47:30.403363+00:00,,,,siga_live,False
loja_de_cidadao_do_porto,Imobiliário,2026-07-27T00:47:30.403363+00:00,,,,siga_live,False
loja_de_cidadao_de_felgueiras, Certificados /Traduções / Procurações/ Reconhecimentos / Fotocópias/ Instrumentos/ Outros,2026-07-27T00:47:30.403363+00:00,,,,siga_live,False
loja_de_cidadao_de_felgueiras,Cartão de Cidadão - Levantamento,2026-07-27T00:47:30.403363+00:00,,,,siga_live,False
loja_de_cidadao_de_gondomar,Cartão de Cidadão - Levantamento,2026-07-27T00:47:30.403363+00:00,,,,siga_live,False
loja_de_cidadao_de_penafiel,Cartão de Cidadão - Levantamento,2026-07-27T00:47:30.403363+00:00,,,,siga_live,False
loja_de_cidadao_do_porto,Cartão de Cidadão - Levantamento,2026-07-27T00:47:30.403363+00:00,,,,siga_live,False
loja_de_cidadao_de_santo_tirso,Cartão de Cidadão - Levantamento,2026-07-27T00:47:30.403363+00:00,,,,siga_live,False
loja_de_cidadao_de_felgueiras,Cartão de Cidadão - Outros,2026-07-27T00:47:30.403363+00:00,,,,siga_live,False
loja_de_cidadao_de_gondomar,Cartão de Cidadão - Outros,2026-07-27T00:47:30.403363+00:00,,,,siga_live,False
loja_de_cidadao_de_penafiel,Cartão de Cidadão - Outros,2026-07-27T00:47:30.403363+00:00,,,,siga_live,False
loja_de_cidadao_do_porto,Cartão de Cidadão - Outros,2026-07-27T00:47:30.403363+00:00,,,,siga_live,False
loja_de_cidadao_de_santo_tirso,Cartão de Cidadão - Outros,2026-07-27T00:47:30.403363+00:00,,,,siga_live,False
loja_de_cidadao_de_felgueiras,Cartão de Cidadão - Pedido/Renovação,2026-07-27T00:47:30.403363+00:00,,,,siga_live,False
loja_de_cidadao_de_gondomar,Cartão de Cidadão - Pedido/Renovação,2026-07-27T00:47:30.403363+00:00,,,,siga_live,False
loja_de_cidadao_de_penafiel,Cartão de Cidadão - Pedido/Renovação,2026-07-27T00:47:30.403363+00:00,,,,siga_live,False
loja_de_cidadao_do_porto,Cartão de Cidadão - Pedido/Renovação,2026-07-27T00:47:30.403363+00:00,,,,siga_live,False
loja_de_cidadao_de_santo_tirso,Cartão de Cidadão - Pedido/Renovação,2026-07-27T00:47:30.403363+00:00,,,,siga_live,False
loja_de_cidadao_de_felgueiras,Casa Pronta,2026-07-27T00:47:30.403363+00:00,,,,siga_live,False
loja_de_cidadao_de_gondomar,Casa Pronta,2026-07-27T00:47:30.403363+00:00,,,,siga_live,False
loja_de_cidadao_de_penafiel,Casa Pronta,2026-07-27T00:47:30.403363+00:00,,,,siga_live,False
loja_de_cidadao_de_santo_tirso,Casa Pronta,2026-07-27T00:47:30.403363+00:00,,,,siga_live,False
loja_de_cidadao_de_felgueiras,Empresa na Hora / Marca / Associação / Cooperativa / Sucursal na Hora,2026-07-27T00:47:30.403363+00:00,,,,siga_live,False
loja_de_cidadao_de_gondomar,Empresa na Hora / Marca / Associação / Cooperativa / Sucursal na Hora,2026-07-27T00:47:30.403363+00:00,,,,siga_live,False
loja_de_cidadao_de_penafiel,Empresa na Hora / Marca / Associação / Cooperativa / Sucursal na Hora,2026-07-27T00:47:30.403363+00:00,,,,siga_live,False
loja_de_cidadao_de_santo_tirso,Empresa na Hora / Marca / Associação / Cooperativa / Sucursal na Hora,2026-07-27T00:47:30.403363+00:00,,,,siga_live,False
loja_de_cidadao_de_gondomar,Habilitação / Partilha de Herança / Partilha por divórcio,2026-07-27T00:47:30.403363+00:00,,,,siga_live,False
loja_de_cidadao_de_santo_tirso,Habilitação / Partilha de Herança / Partilha por divórcio,2026-07-27T00:47:30.403363+00:00,,,,siga_live,False
loja_de_cidadao_de_felgueiras,Nacionalidade - Cidadão / Particulares,2026-07-27T00:47:30.403363+00:00,,,,siga_live,False
loja_de_cidadao_de_felgueiras,Nacionalidade - Profissionais,2026-07-27T00:47:30.403363+00:00,,,,siga_live,False
loja_de_cidadao_de_felgueiras,Passaporte - Levantamento / Inf.,2026-07-27T00:47:30.403363+00:00,,,,siga_live,False
loja_de_cidadao_de_gondomar,Passaporte - Levantamento / Inf.,2026-07-27T00:47:30.403363+00:00,,,,siga_live,False
loja_de_cidadao_de_penafiel,Passaporte - Levantamento / Inf.,2026-07-27T00:47:30.403363+00:00,,,,siga_live,False
loja_de_cidadao_do_porto,Passaporte - Levantamento / Inf.,2026-07-27T00:47:30.403363+00:00,,,,siga_live,False
loja_de_cidadao_de_santo_tirso,Passaporte - Levantamento / Inf.,2026-07-27T00:47:30.403363+00:00,,,,siga_live,False
loja_de_cidadao_de_felgueiras,Passaporte - Pedido,2026-07-27T00:47:30.403363+00:00,,,,siga_live,False
loja_de_cidadao_de_gondomar,Passaporte - Pedido,2026-07-27T00:47:30.403363+00:00,,,,siga_live,False
loja_de_cidadao_de_penafiel,Passaporte - Pedido,2026-07-27T00:47:30.403363+00:00,,,,siga_live,False
loja_de_cidadao_do_porto,Passaporte - Pedido,2026-07-27T00:47:30.403363+00:00,,,,siga_live,False
loja_de_cidadao_de_santo_tirso,Passaporte - Pedido,2026-07-27T00:47:30.403363+00:00,,,,siga_live,False
loja_de_cidadao_de_felgueiras,Registo Civil - Casamento / Divórcio/Separação / Outros processos especiais,2026-07-27T00:47:30.403363+00:00,,,,siga_live,False
loja_de_cidadao_de_gondomar,Registo Civil - Casamento / Divórcio/Separação / Outros processos especiais,2026-07-27T00:47:30.403363+00:00,,,,siga_live,False
loja_de_cidadao_de_penafiel,Registo Civil - Casamento / Divórcio/Separação / Outros processos especiais,2026-07-27T00:47:30.403363+00:00,,,,siga_live,False
loja_de_cidadao_de_santo_tirso,Registo Civil - Casamento / Divórcio/Separação / Outros processos especiais,2026-07-27T00:47:30.403363+00:00,,,,siga_live,False
loja_de_cidadao_de_felgueiras,Registo Civil - Certidões / Inf.,2026-07-27T00:47:30.403363+00:00,,,,siga_live,False
loja_de_cidadao_de_gondomar,Registo Civil - Certidões / Inf.,2026-07-27T00:47:30.403363+00:00,,,,siga_live,False
loja_de_cidadao_de_penafiel,Registo Civil - Certidões / Inf.,2026-07-27T00:47:30.403363+00:00,,,,siga_live,False
loja_de_cidadao_do_porto,Registo Civil - Certidões / Inf.,2026-07-27T00:47:30.403363+00:00,,,,siga_live,False
loja_de_cidadao_de_santo_tirso,Registo Civil - Certidões / Inf.,2026-07-27T00:47:30.403363+00:00,,,,siga_live,False
loja_de_cidadao_de_felgueiras,Registo Civil - Nascimento,2026-07-27T00:47:30.403363+00:00,,,,siga_live,False
loja_de_cidadao_de_gondomar,Registo Civil - Nascimento,2026-07-27T00:47:30.403363+00:00,,,,siga_live,False
loja_de_cidadao_de_penafiel,Registo Civil - Nascimento,2026-07-27T00:47:30.403363+00:00,,,,siga_live,False
loja_de_cidadao_de_santo_tirso,Registo Civil - Nascimento,2026-07-27T00:47:30.403363+00:00,,,,siga_live,False
loja_de_cidadao_de_felgueiras,Registo Civil - Óbito/Espaço Óbito,2026-07-27T00:47:30.403363+00:00,,,,siga_live,False
loja_de_cidadao_de_gondomar,Registo Civil - Óbito/Espaço Óbito,2026-07-27T00:47:30.403363+00:00,,,,siga_live,False
loja_de_cidadao_de_santo_tirso,Registo Civil - Óbito/Espaço Óbito,2026-07-27T00:47:30.403363+00:00,,,,siga_live,False
loja_de_cidadao_de_felgueiras,Registo Comercial - Certidões / Inf.,2026-07-27T00:47:30.403363+00:00,,,,siga_live,False
loja_de_cidadao_de_gondomar,Registo Comercial - Certidões / Inf.,2026-07-27T00:47:30.403363+00:00,,,,siga_live,False
loja_de_cidadao_de_penafiel,Registo Comercial - Certidões / Inf.,2026-07-27T00:47:30.403363+00:00,,,,siga_live,False
loja_de_cidadao_do_porto,Registo Comercial - Certidões / Inf.,2026-07-27T00:47:30.403363+00:00,,,,siga_live,False
loja_de_cidadao_de_santo_tirso,Registo Comercial - Certidões / Inf.,2026-07-27T00:47:30.403363+00:00,,,,siga_live,False
loja_de_cidadao_de_felgueiras,Registo Comercial - Pedido,2026-07-27T00:47:30.403363+00:00,,,,siga_live,False
loja_de_cidadao_de_gondomar,Registo Comercial - Pedido,2026-07-27T00:47:30.403363+00:00,,,,siga_live,False
loja_de_cidadao_de_penafiel,Registo Comercial - Pedido,2026-07-27T00:47:30.403363+00:00,,,,siga_live,False
loja_de_cidadao_de_santo_tirso,Registo Comercial - Pedido,2026-07-27T00:47:30.403363+00:00,,,,siga_live,False
loja_de_cidadao_de_felgueiras,Registo Predial - Certidões / Inf. ,2026-07-27T00:47:30.403363+00:00,,,,siga_live,False
loja_de_cidadao_de_gondomar,Registo Predial - Certidões / Inf. ,2026-07-27T00:47:30.403363+00:00,,,,siga_live,False
loja_de_cidadao_de_penafiel,Registo Predial - Certidões / Inf. ,2026-07-27T00:47:30.403363+00:00,,,,siga_live,False
loja_de_cidadao_do_porto,Registo Predial - Certidões / Inf. ,2026-07-27T00:47:30.403363+00:00,,,,siga_live,False
loja_de_cidadao_de_santo_tirso,Registo Predial - Certidões / Inf. ,2026-07-27T00:47:30.403363+00:00,,,,siga_live,False
loja_de_cidadao_de_felgueiras,Registo Predial - Pedido,2026-07-27T00:47:30.403363+00:00,,,,siga_live,False
loja_de_cidadao_de_gondomar,Registo Predial - Pedido,2026-07-27T00:47:30.403363+00:00,,,,siga_live,False
loja_de_cidadao_de_penafiel,Registo Predial - Pedido,2026-07-27T00:47:30.403363+00:00,,,,siga_live,False
loja_de_cidadao_de_santo_tirso,Registo Predial - Pedido,2026-07-27T00:47:30.403363+00:00,,,,siga_live,False
loja_de_cidadao_de_felgueiras,Registo veículos - Certidões / Inf.,2026-07-27T00:47:30.403363+00:00,,,,siga_live,False
loja_de_cidadao_de_penafiel,Registo veículos - Certidões / Inf.,2026-07-27T00:47:30.403363+00:00,,,,siga_live,False
loja_de_cidadao_do_porto,Registo veículos - Certidões / Inf.,2026-07-27T00:47:30.403363+00:00,,,,siga_live,False
loja_de_cidadao_de_felgueiras,Registo veículos - Pedido,2026-07-27T00:47:30.403363+00:00,,,,siga_live,False
loja_de_cidadao_de_gondomar,Registo veículos - Pedido,2026-07-27T00:47:30.403363+00:00,,,,siga_live,False
loja_de_cidadao_de_penafiel,Registo veículos - Pedido,2026-07-27T00:47:30.403363+00:00,,,,siga_live,False
loja_de_cidadao_do_porto,Registo veículos - Pedido,2026-07-27T00:47:30.403363+00:00,,,,siga_live,False
loja_de_cidadao_de_santo_tirso,Registo veículos - Pedido,2026-07-27T00:47:30.403363+00:00,,,,siga_live,False
loja_de_cidadao_do_porto,Atendimento geral,2026-07-27T00:47:30.403363+00:00,,,,siga_live,False
loja_de_cidadao_de_aveiro,Atendimento com Marcação,2026-07-27T00:47:30.403363+00:00,0,,0,siga_live,True
loja_de_cidadao_de_aveiro,Atendimento Geral,2026-07-27T00:47:30.403363+00:00,,,,siga_live,False
loja_de_cidadao_da_anadia,Acolhimento,2026-07-27T00:47:30.403363+00:00,,,,siga_live,False
loja_de_cidadao_da_anadia,Atendimento com Marcação,2026-07-27T00:47:30.403363+00:00,0,,0,siga_live,True
loja_de_cidadao_de_castelo_de_paiva,Atendimento com Marcação,2026-07-27T00:47:30.403363+00:00,0,,0,siga_live,True
loja_de_cidadao_de_esmoriz,Atendimento com Marcação,2026-07-27T00:47:30.403363+00:00,0,,0,siga_live,True
loja_de_cidadao_de_esmoriz,Atendimento Geral,2026-07-27T00:47:30.403363+00:00,,,,siga_live,False
loja_de_cidadao_de_castelo_de_paiva,Contencioso,2026-07-27T00:47:30.403363+00:00,,,,siga_live,False
loja_de_cidadao_da_anadia,Execuções Fiscais,2026-07-27T00:47:30.403363+00:00,,,,siga_live,False
loja_de_cidadao_de_castelo_de_paiva,Execuções Fiscais,2026-07-27T00:47:30.403363+00:00,,,,siga_live,False
loja_de_cidadao_da_anadia,Pagamentos,2026-07-27T00:47:30.403363+00:00,,,,siga_live,False
loja_de_cidadao_de_castelo_de_paiva,Pagamentos,2026-07-27T00:47:30.403363+00:00,,,,siga_live,False
loja_de_cidadao_da_anadia,Património,2026-07-27T00:47:30.403363+00:00,,,,siga_live,False
loja_de_cidadao_de_castelo_de_paiva,Património,2026-07-27T00:47:30.403363+00:00,,,,siga_live,False
loja_de_cidadao_da_anadia,Rendimento,2026-07-27T00:47:30.403363+00:00,,,,siga_live,False
loja_de_cidadao_de_castelo_de_paiva,Rendimento,2026-07-27T00:47:30.403363+00:00,,,,siga_live,False
loja_de_cidadao_de_aveiro,Triagem,2026-07-27T00:47:30.403363+00:00,,,,siga_live,False
loja_de_cidadao_de_agueda,Atendimento Geral/ General Attendance,2026-07-27T00:47:30.403363+00:00,,,,siga_live,False
loja_de_cidadao_da_anadia,Atendimento Geral/ General Attendance,2026-07-27T00:47:30.403363+00:00,,,,siga_live,False
loja_de_cidadao_de_castelo_de_paiva,Atendimento Geral/ General Attendance,2026-07-27T00:47:30.403363+00:00,,,,siga_live,False
loja_de_cidadao_de_esmoriz,Atendimento Geral/ General Attendance,2026-07-27T00:47:30.403363+00:00,,,,siga_live,False
loja_de_cidadao_de_sao_joao_da_madeira,Atendimento Geral/ General Attendance,2026-07-27T00:47:30.403363+00:00,,,,siga_live,False
loja_de_cidadao_de_agueda,Carta de Condução/ Driving License,2026-07-27T00:47:30.403363+00:00,,,,siga_live,False
loja_de_cidadao_de_castelo_de_paiva,Cartão de Cidadão Renovação maiores de 25 anos/ Citizen Card – Renewal for +25 years old,2026-07-27T00:47:30.403363+00:00,,,,siga_live,False
loja_de_cidadao_de_esmoriz,Certificados de Aforro e Poupança/ Savings Certificates,2026-07-27T00:47:30.403363+00:00,,,,siga_live,False
loja_de_cidadao_de_sao_joao_da_madeira,Certificados de Aforro e Poupança/ Savings Certificates,2026-07-27T00:47:30.403363+00:00,,,,siga_live,False
loja_de_cidadao_de_esmoriz,Municipio de Ovar/ Ovar Municipality,2026-07-27T00:47:30.403363+00:00,,,,siga_live,False
loja_de_cidadao_de_aveiro,Atendimento Cidadãos/ Citizen Services,2026-07-27T00:47:30.403363+00:00,,,,siga_live,False
loja_de_cidadao_de_aveiro,Atendimento Empresários/ Business Services,2026-07-27T00:47:30.403363+00:00,,,,siga_live,False
loja_de_cidadao_de_aveiro,Cartas de Condução/ Driving License,2026-07-27T00:47:30.403363+00:00,,,,siga_live,False
loja_de_cidadao_de_aveiro,Certificados de Aforro e Poupança/ Savings Certificates,2026-07-27T00:47:30.403363+00:00,,,,siga_live,False
loja_de_cidadao_de_aveiro,CMD Chave Móvel Digital/ CMD - Digital Mobile Key,2026-07-27T00:47:30.403363+00:00,,,,siga_live,False
loja_de_cidadao_de_aveiro,Galp - Eletricidade e Gás Natural,2026-07-27T00:47:30.403363+00:00,,,,siga_live,False
loja_de_cidadao_de_sao_joao_da_madeira,Galp - Eletricidade e Gás Natural,2026-07-27T00:47:30.403363+00:00,,,,siga_live,False
loja_de_cidadao_de_aveiro,Galp - Gás Propano,2026-07-27T00:47:30.403363+00:00,,,,siga_live,False
loja_de_cidadao_de_sao_joao_da_madeira,Galp - Gás Propano,2026-07-27T00:47:30.403363+00:00,,,,siga_live,False
loja_de_cidadao_de_aveiro,Cartão Estacionamento (Pessoa com Deficiência),2026-07-27T00:47:30.403363+00:00,,,,siga_live,False
loja_de_cidadao_de_aveiro,Condutores,2026-07-27T00:47:30.403363+00:00,,,,siga_live,False
loja_de_cidadao_de_aveiro,Levantamento de Carta de Condução,2026-07-27T00:47:30.403363+00:00,,,,siga_live,False
loja_de_cidadao_de_aveiro,Recolha de Imagem,2026-07-27T00:47:30.403363+00:00,,,,siga_live,False
loja_de_cidadao_de_aveiro,Transportes,2026-07-27T00:47:30.403363+00:00,,,,siga_live,False
loja_de_cidadao_de_aveiro,Veículos,2026-07-27T00:47:30.403363+00:00,,,,siga_live,False
loja_de_cidadao_da_anadia,Entrega de Documentos,2026-07-27T00:47:30.403363+00:00,,,,siga_live,False
loja_de_cidadao_de_aveiro,Entrega de Documentos,2026-07-27T00:47:30.403363+00:00,,,,siga_live,False
loja_de_cidadao_de_castelo_de_paiva,Entrega de Documentos,2026-07-27T00:47:30.403363+00:00,,,,siga_live,False
loja_de_cidadao_da_anadia,Geral,2026-07-27T00:47:30.403363+00:00,,,,siga_live,False
loja_de_cidadao_de_aveiro,Geral,2026-07-27T00:47:30.403363+00:00,,,,siga_live,False
loja_de_cidadao_de_cantanhede,Geral,2026-07-27T00:47:30.403363+00:00,,,,siga_live,False
loja_de_cidadao_de_castelo_de_paiva,Geral,2026-07-27T00:47:30.403363+00:00,,,,siga_live,False
loja_de_cidadao_da_anadia,Tesouraria,2026-07-27T00:47:30.403363+00:00,,,,siga_live,False
loja_de_cidadao_de_cantanhede,Tesouraria,2026-07-27T00:47:30.403363+00:00,,,,siga_live,False
loja_de_cidadao_de_castelo_de_paiva,Tesouraria,2026-07-27T00:47:30.403363+00:00,,,,siga_live,False
loja_de_cidadao_de_aveiro,Construção,2026-07-27T00:47:30.403363+00:00,,,,siga_live,False
loja_de_cidadao_de_aveiro,Imobiliário,2026-07-27T00:47:30.403363+00:00,,,,siga_live,False
loja_de_cidadao_de_aveiro,Outros,2026-07-27T00:47:30.403363+00:00,,,,siga_live,False
loja_de_cidadao_de_castelo_de_paiva, Certificados /Traduções / Procurações/ Reconhecimentos / Fotocópias/ Instrumentos/ Outros,2026-07-27T00:47:30.403363+00:00,,,,siga_live,False
loja_de_cidadao_da_anadia,Cartão de Cidadão - Levantamento,2026-07-27T00:47:30.403363+00:00,,,,siga_live,False
loja_de_cidadao_de_aveiro,Cartão de Cidadão - Levantamento,2026-07-27T00:47:30.403363+00:00,,,,siga_live,False
loja_de_cidadao_de_cantanhede,Cartão de Cidadão - Levantamento,2026-07-27T00:47:30.403363+00:00,,,,siga_live,False
loja_de_cidadao_de_castelo_de_paiva,Cartão de Cidadão - Levantamento,2026-07-27T00:47:30.403363+00:00,,,,siga_live,False
loja_de_cidadao_de_esmoriz,Cartão de Cidadão - Levantamento,2026-07-27T00:47:30.403363+00:00,,,,siga_live,False
loja_de_cidadao_de_sao_joao_da_madeira,Cartão de Cidadão - Levantamento,2026-07-27T00:47:30.403363+00:00,,,,siga_live,False
loja_de_cidadao_da_anadia,Cartão de Cidadão - Outros,2026-07-27T00:47:30.403363+00:00,,,,siga_live,False
loja_de_cidadao_de_aveiro,Cartão de Cidadão - Outros,2026-07-27T00:47:30.403363+00:00,,,,siga_live,False
loja_de_cidadao_de_cantanhede,Cartão de Cidadão - Outros,2026-07-27T00:47:30.403363+00:00,,,,siga_live,False
loja_de_cidadao_de_castelo_de_paiva,Cartão de Cidadão - Outros,2026-07-27T00:47:30.403363+00:00,,,,siga_live,False
loja_de_cidadao_de_esmoriz,Cartão de Cidadão - Outros,2026-07-27T00:47:30.403363+00:00,,,,siga_live,False
loja_de_cidadao_de_sao_joao_da_madeira,Cartão de Cidadão - Outros,2026-07-27T00:47:30.403363+00:00,,,,siga_live,False
loja_de_cidadao_da_anadia,Cartão de Cidadão - Pedido/Renovação,2026-07-27T00:47:30.403363+00:00,,,,siga_live,False
loja_de_cidadao_de_aveiro,Cartão de Cidadão - Pedido/Renovação,2026-07-27T00:47:30.403363+00:00,,,,siga_live,False
loja_de_cidadao_de_cantanhede,Cartão de Cidadão - Pedido/Renovação,2026-07-27T00:47:30.403363+00:00,,,,siga_live,False
loja_de_cidadao_de_castelo_de_paiva,Cartão de Cidadão - Pedido/Renovação,2026-07-27T00:47:30.403363+00:00,,,,siga_live,False
loja_de_cidadao_de_esmoriz,Cartão de Cidadão - Pedido/Renovação,2026-07-27T00:47:30.403363+00:00,,,,siga_live,False
loja_de_cidadao_de_sao_joao_da_madeira,Cartão de Cidadão - Pedido/Renovação,2026-07-27T00:47:30.403363+00:00,,,,siga_live,False
loja_de_cidadao_da_anadia,Casa Pronta,2026-07-27T00:47:30.403363+00:00,,,,siga_live,False
loja_de_cidadao_de_cantanhede,Casa Pronta,2026-07-27T00:47:30.403363+00:00,,,,siga_live,False
loja_de_cidadao_de_castelo_de_paiva,Casa Pronta,2026-07-27T00:47:30.403363+00:00,,,,siga_live,False
loja_de_cidadao_de_sao_joao_da_madeira,Casa Pronta,2026-07-27T00:47:30.403363+00:00,,,,siga_live,False
loja_de_cidadao_da_anadia,Empresa na Hora / Marca / Associação / Cooperativa / Sucursal na Hora,2026-07-27T00:47:30.403363+00:00,,,,siga_live,False
loja_de_cidadao_de_cantanhede,Empresa na Hora / Marca / Associação / Cooperativa / Sucursal na Hora,2026-07-27T00:47:30.403363+00:00,,,,siga_live,False
loja_de_cidadao_de_sao_joao_da_madeira,Empresa na Hora / Marca / Associação / Cooperativa / Sucursal na Hora,2026-07-27T00:47:30.403363+00:00,,,,siga_live,False
loja_de_cidadao_da_anadia,Habilitação / Partilha de Herança / Partilha por divórcio,2026-07-27T00:47:30.403363+00:00,,,,siga_live,False
loja_de_cidadao_de_sao_joao_da_madeira,Habilitação / Partilha de Herança / Partilha por divórcio,2026-07-27T00:47:30.403363+00:00,,,,siga_live,False
loja_de_cidadao_da_anadia,Nacionalidade - Cidadão / Particulares,2026-07-27T00:47:30.403363+00:00,,,,siga_live,False
loja_de_cidadao_de_castelo_de_paiva,Nacionalidade - Cidadão / Particulares,2026-07-27T00:47:30.403363+00:00,,,,siga_live,False
loja_de_cidadao_da_anadia,Nacionalidade - Profissionais,2026-07-27T00:47:30.403363+00:00,,,,siga_live,False
loja_de_cidadao_de_castelo_de_paiva,Nacionalidade - Profissionais,2026-07-27T00:47:30.403363+00:00,,,,siga_live,False
loja_de_cidadao_da_anadia,Passaporte - Levantamento / Inf.,2026-07-27T00:47:30.403363+00:00,,,,siga_live,False
loja_de_cidadao_de_aveiro,Passaporte - Levantamento / Inf.,2026-07-27T00:47:30.403363+00:00,,,,siga_live,False
loja_de_cidadao_de_cantanhede,Passaporte - Levantamento / Inf.,2026-07-27T00:47:30.403363+00:00,,,,siga_live,False
loja_de_cidadao_de_castelo_de_paiva,Passaporte - Levantamento / Inf.,2026-07-27T00:47:30.403363+00:00,,,,siga_live,False
loja_de_cidadao_de_esmoriz,Passaporte - Levantamento / Inf.,2026-07-27T00:47:30.403363+00:00,,,,siga_live,False
loja_de_cidadao_de_sao_joao_da_madeira,Passaporte - Levantamento / Inf.,2026-07-27T00:47:30.403363+00:00,,,,siga_live,False
loja_de_cidadao_da_anadia,Passaporte - Pedido,2026-07-27T00:47:30.403363+00:00,,,,siga_live,False
loja_de_cidadao_de_aveiro,Passaporte - Pedido,2026-07-27T00:47:30.403363+00:00,,,,siga_live,False
loja_de_cidadao_de_cantanhede,Passaporte - Pedido,2026-07-27T00:47:30.403363+00:00,,,,siga_live,False
loja_de_cidadao_de_castelo_de_paiva,Passaporte - Pedido,2026-07-27T00:47:30.403363+00:00,,,,siga_live,False
loja_de_cidadao_de_esmoriz,Passaporte - Pedido,2026-07-27T00:47:30.403363+00:00,,,,siga_live,False
loja_de_cidadao_de_sao_joao_da_madeira,Passaporte - Pedido,2026-07-27T00:47:30.403363+00:00,,,,siga_live,False
loja_de_cidadao_da_anadia,Registo Civil - Casamento / Divórcio/Separação / Outros processos especiais,2026-07-27T00:47:30.403363+00:00,,,,siga_live,False
loja_de_cidadao_de_castelo_de_paiva,Registo Civil - Casamento / Divórcio/Separação / Outros processos especiais,2026-07-27T00:47:30.403363+00:00,,,,siga_live,False
loja_de_cidadao_de_sao_joao_da_madeira,Registo Civil - Casamento / Divórcio/Separação / Outros processos especiais,2026-07-27T00:47:30.403363+00:00,,,,siga_live,False
loja_de_cidadao_da_anadia,Registo Civil - Certidões / Inf.,2026-07-27T00:47:30.403363+00:00,,,,siga_live,False
loja_de_cidadao_de_aveiro,Registo Civil - Certidões / Inf.,2026-07-27T00:47:30.403363+00:00,,,,siga_live,False
loja_de_cidadao_de_cantanhede,Registo Civil - Certidões / Inf.,2026-07-27T00:47:30.403363+00:00,,,,siga_live,False
loja_de_cidadao_de_castelo_de_paiva,Registo Civil - Certidões / Inf.,2026-07-27T00:47:30.403363+00:00,,,,siga_live,False
loja_de_cidadao_de_sao_joao_da_madeira,Registo Civil - Certidões / Inf.,2026-07-27T00:47:30.403363+00:00,,,,siga_live,False
loja_de_cidadao_da_anadia,Registo Civil - Nascimento,2026-07-27T00:47:30.403363+00:00,,,,siga_live,False
loja_de_cidadao_de_castelo_de_paiva,Registo Civil - Nascimento,2026-07-27T00:47:30.403363+00:00,,,,siga_live,False
loja_de_cidadao_de_sao_joao_da_madeira,Registo Civil - Nascimento,2026-07-27T00:47:30.403363+00:00,,,,siga_live,False
loja_de_cidadao_da_anadia,Registo Civil - Óbito/Espaço Óbito,2026-07-27T00:47:30.403363+00:00,,,,siga_live,False
loja_de_cidadao_de_castelo_de_paiva,Registo Civil - Óbito/Espaço Óbito,2026-07-27T00:47:30.403363+00:00,,,,siga_live,False
loja_de_cidadao_de_sao_joao_da_madeira,Registo Civil - Óbito/Espaço Óbito,2026-07-27T00:47:30.403363+00:00,,,,siga_live,False
loja_de_cidadao_da_anadia,Registo Comercial - Certidões / Inf.,2026-07-27T00:47:30.403363+00:00,,,,siga_live,False
loja_de_cidadao_de_aveiro,Registo Comercial - Certidões / Inf.,2026-07-27T00:47:30.403363+00:00,,,,siga_live,False
loja_de_cidadao_de_cantanhede,Registo Comercial - Certidões / Inf.,2026-07-27T00:47:30.403363+00:00,,,,siga_live,False
loja_de_cidadao_de_castelo_de_paiva,Registo Comercial - Certidões / Inf.,2026-07-27T00:47:30.403363+00:00,,,,siga_live,False
loja_de_cidadao_de_sao_joao_da_madeira,Registo Comercial - Certidões / Inf.,2026-07-27T00:47:30.403363+00:00,,,,siga_live,False
loja_de_cidadao_da_anadia,Registo Comercial - Pedido,2026-07-27T00:47:30.403363+00:00,,,,siga_live,False
loja_de_cidadao_de_cantanhede,Registo Comercial - Pedido,2026-07-27T00:47:30.403363+00:00,,,,siga_live,False
loja_de_cidadao_de_castelo_de_paiva,Registo Comercial - Pedido,2026-07-27T00:47:30.403363+00:00,,,,siga_live,False
loja_de_cidadao_de_sao_joao_da_madeira,Registo Comercial - Pedido,2026-07-27T00:47:30.403363+00:00,,,,siga_live,False
loja_de_cidadao_da_anadia,Registo Predial - Certidões / Inf. ,2026-07-27T00:47:30.403363+00:00,,,,siga_live,False
loja_de_cidadao_de_aveiro,Registo Predial - Certidões / Inf. ,2026-07-27T00:47:30.403363+00:00,,,,siga_live,False
loja_de_cidadao_de_cantanhede,Registo Predial - Certidões / Inf. ,2026-07-27T00:47:30.403363+00:00,,,,siga_live,False
loja_de_cidadao_de_castelo_de_paiva,Registo Predial - Certidões / Inf. ,2026-07-27T00:47:30.403363+00:00,,,,siga_live,False
loja_de_cidadao_de_sao_joao_da_madeira,Registo Predial - Certidões / Inf. ,2026-07-27T00:47:30.403363+00:00,,,,siga_live,False
loja_de_cidadao_da_anadia,Registo Predial - Pedido,2026-07-27T00:47:30.403363+00:00,,,,siga_live,False
loja_de_cidadao_de_cantanhede,Registo Predial - Pedido,2026-07-27T00:47:30.403363+00:00,,,,siga_live,False
loja_de_cidadao_de_castelo_de_paiva,Registo Predial - Pedido,2026-07-27T00:47:30.403363+00:00,,,,siga_live,False
loja_de_cidadao_de_sao_joao_da_madeira,Registo Predial - Pedido,2026-07-27T00:47:30.403363+00:00,,,,siga_live,False
loja_de_cidadao_da_anadia,Registo veículos - Certidões / Inf.,2026-07-27T00:47:30.403363+00:00,,,,siga_live,False
loja_de_cidadao_de_aveiro,Registo veículos - Certidões / Inf.,2026-07-27T00:47:30.403363+00:00,,,,siga_live,False
loja_de_cidadao_de_castelo_de_paiva,Registo veículos - Certidões / Inf.,2026-07-27T00:47:30.403363+00:00,,,,siga_live,False
loja_de_cidadao_da_anadia,Registo veículos - Pedido,2026-07-27T00:47:30.403363+00:00,,,,siga_live,False
loja_de_cidadao_de_aveiro,Registo veículos - Pedido,2026-07-27T00:47:30.403363+00:00,,,,siga_live,False
loja_de_cidadao_de_cantanhede,Registo veículos - Pedido,2026-07-27T00:47:30.403363+00:00,,,,siga_live,False
loja_de_cidadao_de_castelo_de_paiva,Registo veículos - Pedido,2026-07-27T00:47:30.403363+00:00,,,,siga_live,False
loja_de_cidadao_de_sao_joao_da_madeira,Registo veículos - Pedido,2026-07-27T00:47:30.403363+00:00,,,,siga_live,False
loja_de_cidadao_de_serpa,Atendimento Geral/ General Attendance,2026-07-27T00:47:30.403363+00:00,,,,siga_live,False
loja_de_cidadao_de_serpa,Certificados de Aforro e Poupança/ Savings Certificates,2026-07-27T00:47:30.403363+00:00,,,,siga_live,False
loja_de_cidadao_de_serpa,Acção Social,2026-07-27T00:47:30.403363+00:00,0,,0,siga_live,True
loja_de_cidadao_de_serpa,Geral,2026-07-27T00:47:30.403363+00:00,,,,siga_live,False
loja_de_cidadao_de_serpa,Levantamento de NISS,2026-07-27T00:47:30.403363+00:00,,,,siga_live,False
loja_de_cidadao_de_serpa,Tesouraria,2026-07-27T00:47:30.403363+00:00,,,,siga_live,False
loja_de_cidadao_de_braga,Atendimento Geral,2026-07-27T00:47:30.403363+00:00,,,,siga_live,False
loja_de_cidadao_de_braga,Atendimento com Marcação,2026-07-27T00:47:30.403363+00:00,,,,siga_live,False
loja_de_cidadao_de_vila_nova_de_gaia,Atendimento com Marcação,2026-07-27T00:47:30.403363+00:00,0,,0,siga_live,True
loja_de_cidadao_de_vila_nova_de_gaia,Contencioso,2026-07-27T00:47:30.403363+00:00,,,,siga_live,False
loja_de_cidadao_de_vila_nova_de_gaia,Execuções Fiscais,2026-07-27T00:47:30.403363+00:00,,,,siga_live,False
loja_de_cidadao_de_braga,Pagamentos,2026-07-27T00:47:30.403363+00:00,,,,siga_live,False
loja_de_cidadao_de_vila_nova_de_gaia,Pagamentos,2026-07-27T00:47:30.403363+00:00,,,,siga_live,False
loja_de_cidadao_de_vila_nova_de_gaia,Património,2026-07-27T00:47:30.403363+00:00,,,,siga_live,False
loja_de_cidadao_de_vila_nova_de_gaia,Rendimento,2026-07-27T00:47:30.403363+00:00,,,,siga_live,False
loja_de_cidadao_de_vila_nova_de_gaia,Atendimento Geral,2026-07-27T00:47:30.403363+00:00,,,,siga_live,False
loja_de_cidadao_de_braga,Triagem,2026-07-27T00:47:30.403363+00:00,,,,siga_live,False
loja_de_cidadao_de_amares,Atendimento Geral/ General Attendance,2026-07-27T00:47:30.403363+00:00,,,,siga_live,False
loja_de_cidadao_de_braga,Atendimento Geral/ General Attendance,2026-07-27T00:47:30.403363+00:00,,,,siga_live,False
loja_de_cidadao_de_vila_nova_de_gaia,Atendimento Geral/ General Attendance,2026-07-27T00:47:30.403363+00:00,,,,siga_live,False
loja_de_cidadao_de_amares,Carta de Condução/ Driving License,2026-07-27T00:47:30.403363+00:00,,,,siga_live,False
loja_de_cidadao_de_braga,Carta de Condução/ Driving License,2026-07-27T00:47:30.403363+00:00,,,,siga_live,False
loja_de_cidadao_de_vila_nova_de_gaia,Carta de Condução/ Driving License,2026-07-27T00:47:30.403363+00:00,,,,siga_live,False
loja_de_cidadao_de_amares,Certificados de Aforro e Poupança/ Savings Certificates,2026-07-27T00:47:30.403363+00:00,,,,siga_live,False
loja_de_cidadao_de_braga,Certificados de Aforro e Poupança/ Savings Certificates,2026-07-27T00:47:30.403363+00:00,,,,siga_live,False
loja_de_cidadao_de_braga,Atendimento email,2026-07-27T00:47:30.403363+00:00,0,,0,siga_live,True
loja_de_cidadao_de_braga,Atendimento Geral Empresa,2026-07-27T00:47:30.403363+00:00,,,,siga_live,False
loja_de_cidadao_de_braga,Atendimento telefónico - Chamadas efetuadas,2026-07-27T00:47:30.403363+00:00,0,,0,siga_live,True
loja_de_cidadao_de_braga,Atendimento telefónico - Chamadas recebidas,2026-07-27T00:47:30.403363+00:00,0,,0,siga_live,True
loja_de_cidadao_de_braga,Empresa na Hora,2026-07-27T00:47:30.403363+00:00,,,,siga_live,False
loja_de_cidadao_de_braga,Galp - Eletricidade e Gás Natural,2026-07-27T00:47:30.403363+00:00,,,,siga_live,False
loja_de_cidadao_de_braga,Galp - Gás Propano,2026-07-27T00:47:30.403363+00:00,,,,siga_live,False
loja_de_cidadao_de_braga,Geral,2026-07-27T00:47:30.403363+00:00,,,,siga_live,False
loja_de_cidadao_de_vila_nova_de_gaia,Geral,2026-07-27T00:47:30.403363+00:00,,,,siga_live,False
loja_de_cidadao_de_vila_nova_de_gaia,Tesouraria,2026-07-27T00:47:30.403363+00:00,,,,siga_live,False
loja_de_cidadao_de_braga,Construção,2026-07-27T00:47:30.403363+00:00,,,,siga_live,False
loja_de_cidadao_de_braga,Imobiliário,2026-07-27T00:47:30.403363+00:00,,,,siga_live,False
loja_de_cidadao_de_braga,Outros,2026-07-27T00:47:30.403363+00:00,,,,siga_live,False
loja_de_cidadao_de_vila_nova_de_gaia, Certificados /Traduções / Procurações/ Reconhecimentos / Fotocópias/ Instrumentos/ Outros,2026-07-27T00:47:30.403363+00:00,,,,siga_live,False
loja_de_cidadao_de_amares,Cartão de Cidadão - Levantamento,2026-07-27T00:47:30.403363+00:00,,,,siga_live,False
loja_de_cidadao_de_braga,Cartão de Cidadão - Levantamento,2026-07-27T00:47:30.403363+00:00,,,,siga_live,False
loja_de_cidadao_de_vila_nova_de_gaia,Cartão de Cidadão - Levantamento,2026-07-27T00:47:30.403363+00:00,,,,siga_live,False
loja_de_cidadao_de_amares,Cartão de Cidadão - Outros,2026-07-27T00:47:30.403363+00:00,,,,siga_live,False
loja_de_cidadao_de_braga,Cartão de Cidadão - Outros,2026-07-27T00:47:30.403363+00:00,,,,siga_live,False
loja_de_cidadao_de_vila_nova_de_gaia,Cartão de Cidadão - Outros,2026-07-27T00:47:30.403363+00:00,,,,siga_live,False
loja_de_cidadao_de_amares,Cartão de Cidadão - Pedido/Renovação,2026-07-27T00:47:30.403363+00:00,,,,siga_live,False
loja_de_cidadao_de_braga,Cartão de Cidadão - Pedido/Renovação,2026-07-27T00:47:30.403363+00:00,,,,siga_live,False
loja_de_cidadao_de_vila_nova_de_gaia,Cartão de Cidadão - Pedido/Renovação,2026-07-27T00:47:30.403363+00:00,,,,siga_live,False
loja_de_cidadao_de_amares,Casa Pronta,2026-07-27T00:47:30.403363+00:00,,,,siga_live,False
loja_de_cidadao_de_vila_nova_de_gaia,Casa Pronta,2026-07-27T00:47:30.403363+00:00,,,,siga_live,False
loja_de_cidadao_de_amares,Empresa na Hora / Marca / Associação / Cooperativa / Sucursal na Hora,2026-07-27T00:47:30.403363+00:00,,,,siga_live,False
loja_de_cidadao_de_vila_nova_de_gaia,Empresa na Hora / Marca / Associação / Cooperativa / Sucursal na Hora,2026-07-27T00:47:30.403363+00:00,,,,siga_live,False
loja_de_cidadao_de_amares,Habilitação / Partilha de Herança / Partilha por divórcio,2026-07-27T00:47:30.403363+00:00,,,,siga_live,False
loja_de_cidadao_de_vila_nova_de_gaia,Habilitação / Partilha de Herança / Partilha por divórcio,2026-07-27T00:47:30.403363+00:00,,,,siga_live,False
loja_de_cidadao_de_amares,Nacionalidade - Cidadão / Particulares,2026-07-27T00:47:30.403363+00:00,,,,siga_live,False
loja_de_cidadao_de_vila_nova_de_gaia,Nacionalidade - Cidadão / Particulares,2026-07-27T00:47:30.403363+00:00,,,,siga_live,False
loja_de_cidadao_de_amares,Nacionalidade - Profissionais,2026-07-27T00:47:30.403363+00:00,,,,siga_live,False
loja_de_cidadao_de_vila_nova_de_gaia,Nacionalidade - Profissionais,2026-07-27T00:47:30.403363+00:00,,,,siga_live,False
loja_de_cidadao_de_amares,Passaporte - Levantamento / Inf.,2026-07-27T00:47:30.403363+00:00,,,,siga_live,False
loja_de_cidadao_de_braga,Passaporte - Levantamento / Inf.,2026-07-27T00:47:30.403363+00:00,,,,siga_live,False
loja_de_cidadao_de_vila_nova_de_gaia,Passaporte - Levantamento / Inf.,2026-07-27T00:47:30.403363+00:00,,,,siga_live,False
loja_de_cidadao_de_amares,Passaporte - Pedido,2026-07-27T00:47:30.403363+00:00,,,,siga_live,False
loja_de_cidadao_de_braga,Passaporte - Pedido,2026-07-27T00:47:30.403363+00:00,,,,siga_live,False
loja_de_cidadao_de_vila_nova_de_gaia,Passaporte - Pedido,2026-07-27T00:47:30.403363+00:00,,,,siga_live,False
loja_de_cidadao_de_vila_nova_de_gaia,Pessoas coletivas e entidades equiparadas,2026-07-27T00:47:30.403363+00:00,,,,siga_live,False
loja_de_cidadao_de_amares,Registo Civil - Casamento / Divórcio/Separação / Outros processos especiais,2026-07-27T00:47:30.403363+00:00,,,,siga_live,False
loja_de_cidadao_de_vila_nova_de_gaia,Registo Civil - Casamento / Divórcio/Separação / Outros processos especiais,2026-07-27T00:47:30.403363+00:00,,,,siga_live,False
loja_de_cidadao_de_amares,Registo Civil - Certidões / Inf.,2026-07-27T00:47:30.403363+00:00,,,,siga_live,False
loja_de_cidadao_de_braga,Registo Civil - Certidões / Inf.,2026-07-27T00:47:30.403363+00:00,,,,siga_live,False
loja_de_cidadao_de_vila_nova_de_gaia,Registo Civil - Certidões / Inf.,2026-07-27T00:47:30.403363+00:00,,,,siga_live,False
loja_de_cidadao_de_amares,Registo Civil - Nascimento,2026-07-27T00:47:30.403363+00:00,,,,siga_live,False
loja_de_cidadao_de_vila_nova_de_gaia,Registo Civil - Nascimento,2026-07-27T00:47:30.403363+00:00,,,,siga_live,False
loja_de_cidadao_de_amares,Registo Civil - Óbito/Espaço Óbito,2026-07-27T00:47:30.403363+00:00,,,,siga_live,False
loja_de_cidadao_de_vila_nova_de_gaia,Registo Civil - Óbito/Espaço Óbito,2026-07-27T00:47:30.403363+00:00,,,,siga_live,False
loja_de_cidadao_de_amares,Registo Comercial - Certidões / Inf.,2026-07-27T00:47:30.403363+00:00,,,,siga_live,False
loja_de_cidadao_de_braga,Registo Comercial - Certidões / Inf.,2026-07-27T00:47:30.403363+00:00,,,,siga_live,False
loja_de_cidadao_de_vila_nova_de_gaia,Registo Comercial - Certidões / Inf.,2026-07-27T00:47:30.403363+00:00,,,,siga_live,False
loja_de_cidadao_de_amares,Registo Comercial - Pedido,2026-07-27T00:47:30.403363+00:00,,,,siga_live,False
loja_de_cidadao_de_vila_nova_de_gaia,Registo Comercial - Pedido,2026-07-27T00:47:30.403363+00:00,,,,siga_live,False
loja_de_cidadao_de_amares,Registo Predial - Certidões / Inf. ,2026-07-27T00:47:30.403363+00:00,,,,siga_live,False
loja_de_cidadao_de_braga,Registo Predial - Certidões / Inf. ,2026-07-27T00:47:30.403363+00:00,,,,siga_live,False
loja_de_cidadao_de_vila_nova_de_gaia,Registo Predial - Certidões / Inf. ,2026-07-27T00:47:30.403363+00:00,,,,siga_live,False
loja_de_cidadao_de_amares,Registo Predial - Pedido,2026-07-27T00:47:30.403363+00:00,,,,siga_live,False
loja_de_cidadao_de_vila_nova_de_gaia,Registo Predial - Pedido,2026-07-27T00:47:30.403363+00:00,,,,siga_live,False
loja_de_cidadao_de_braga,Registo veículos - Certidões / Inf.,2026-07-27T00:47:30.403363+00:00,,,,siga_live,False
loja_de_cidadao_de_vila_nova_de_gaia,Registo veículos - Certidões / Inf.,2026-07-27T00:47:30.403363+00:00,,,,siga_live,False
loja_de_cidadao_de_amares,Registo veículos - Pedido,2026-07-27T00:47:30.403363+00:00,,,,siga_live,False
loja_de_cidadao_de_braga,Registo veículos - Pedido,2026-07-27T00:47:30.403363+00:00,,,,siga_live,False
loja_de_cidadao_de_vila_nova_de_gaia,Registo veículos - Pedido,2026-07-27T00:47:30.403363+00:00,,,,siga_live,False
loja_de_cidadao_do_vimioso,Atendimento com Marcação,2026-07-27T00:47:30.403363+00:00,0,,0,siga_live,True
loja_de_cidadao_do_vimioso,Atendimento Geral,2026-07-27T00:47:30.403363+00:00,,,,siga_live,False
loja_de_cidadao_do_vimioso,Pagamentos,2026-07-27T00:47:30.403363+00:00,,,,siga_live,False
loja_de_cidadao_do_vimioso,Atendimento Geral/ General Attendance,2026-07-27T00:47:30.403363+00:00,,,,siga_live,False
loja_de_cidadao_do_vimioso,Carta de Condução/ Driving License,2026-07-27T00:47:30.403363+00:00,,,,siga_live,False
loja_de_cidadao_do_vimioso,Certificados de Aforro e Poupança/ Savings Certificates,2026-07-27T00:47:30.403363+00:00,,,,siga_live,False
loja_de_cidadao_do_vimioso,Geral,2026-07-27T00:47:30.403363+00:00,,,,siga_live,False
loja_de_cidadao_do_vimioso,Levantamento de NISS,2026-07-27T00:47:30.403363+00:00,,,,siga_live,False
loja_de_cidadao_do_vimioso,Tesouraria,2026-07-27T00:47:30.403363+00:00,,,,siga_live,False
loja_de_cidadao_do_vimioso, Certificados /Traduções / Procurações/ Reconhecimentos / Fotocópias/ Instrumentos/ Outros,2026-07-27T00:47:30.403363+00:00,,,,siga_live,False
loja_de_cidadao_do_vimioso,Cartão de Cidadão - Levantamento,2026-07-27T00:47:30.403363+00:00,,,,siga_live,False
loja_de_cidadao_do_vimioso,Cartão de Cidadão - Outros,2026-07-27T00:47:30.403363+00:00,,,,siga_live,False
loja_de_cidadao_do_vimioso,Cartão de Cidadão - Pedido/Renovação,2026-07-27T00:47:30.403363+00:00,,,,siga_live,False
loja_de_cidadao_do_vimioso,Casa Pronta,2026-07-27T00:47:30.403363+00:00,,,,siga_live,False
loja_de_cidadao_do_vimioso,Empresa na Hora / Marca / Associação / Cooperativa / Sucursal na Hora,2026-07-27T00:47:30.403363+00:00,,,,siga_live,False
loja_de_cidadao_do_vimioso,Habilitação / Partilha de Herança / Partilha por divórcio,2026-07-27T00:47:30.403363+00:00,,,,siga_live,False
loja_de_cidadao_do_vimioso,Passaporte - Levantamento / Inf.,2026-07-27T00:47:30.403363+00:00,,,,siga_live,False
loja_de_cidadao_do_vimioso,Passaporte - Pedido,2026-07-27T00:47:30.403363+00:00,,,,siga_live,False
loja_de_cidadao_do_vimioso,Pessoas coletivas e entidades equiparadas,2026-07-27T00:47:30.403363+00:00,,,,siga_live,False
loja_de_cidadao_do_vimioso,Registo Civil - Casamento / Divórcio/Separação / Outros processos especiais,2026-07-27T00:47:30.403363+00:00,,,,siga_live,False
loja_de_cidadao_do_vimioso,Registo Civil - Certidões / Inf.,2026-07-27T00:47:30.403363+00:00,,,,siga_live,False
loja_de_cidadao_do_vimioso,Registo Civil - Nascimento,2026-07-27T00:47:30.403363+00:00,,,,siga_live,False
loja_de_cidadao_do_vimioso,Registo Civil - Óbito/Espaço Óbito,2026-07-27T00:47:30.403363+00:00,,,,siga_live,False
loja_de_cidadao_do_vimioso,Registo Comercial - Certidões / Inf.,2026-07-27T00:47:30.403363+00:00,,,,siga_live,False
loja_de_cidadao_do_vimioso,Registo Comercial - Pedido,2026-07-27T00:47:30.403363+00:00,,,,siga_live,False
loja_de_cidadao_do_vimioso,Registo Predial - Certidões / Inf. ,2026-07-27T00:47:30.403363+00:00,,,,siga_live,False
loja_de_cidadao_do_vimioso,Registo Predial - Pedido,2026-07-27T00:47:30.403363+00:00,,,,siga_live,False
loja_de_cidadao_do_vimioso,Registo veículos - Pedido,2026-07-27T00:47:30.403363+00:00,,,,siga_live,False
loja_de_cidadao_de_belmonte,Atendimento com Marcação,2026-07-27T00:47:30.403363+00:00,0,,0,siga_live,True
loja_de_cidadao_de_vila_de_rei,Atendimento com Marcação,2026-07-27T00:47:30.403363+00:00,0,,0,siga_live,True
loja_de_cidadao_de_vila_velha_de_rodao,Atendimento com Marcação,2026-07-27T00:47:30.403363+00:00,0,,0,siga_live,True
loja_de_cidadao_de_belmonte,Contencioso,2026-07-27T00:47:30.403363+00:00,,,,siga_live,False
loja_de_cidadao_de_vila_de_rei,Contencioso,2026-07-27T00:47:30.403363+00:00,,,,siga_live,False
loja_de_cidadao_de_vila_velha_de_rodao,Contencioso,2026-07-27T00:47:30.403363+00:00,,,,siga_live,False
loja_de_cidadao_de_belmonte,Execuções Fiscais,2026-07-27T00:47:30.403363+00:00,,,,siga_live,False
loja_de_cidadao_de_vila_de_rei,Execuções Fiscais,2026-07-27T00:47:30.403363+00:00,,,,siga_live,False
loja_de_cidadao_de_vila_velha_de_rodao,Execuções Fiscais,2026-07-27T00:47:30.403363+00:00,,,,siga_live,False
loja_de_cidadao_de_belmonte,Pagamentos,2026-07-27T00:47:30.403363+00:00,,,,siga_live,False
loja_de_cidadao_de_vila_de_rei,Pagamentos,2026-07-27T00:47:30.403363+00:00,,,,siga_live,False
loja_de_cidadao_de_vila_velha_de_rodao,Pagamentos,2026-07-27T00:47:30.403363+00:00,,,,siga_live,False
loja_de_cidadao_de_belmonte,Património,2026-07-27T00:47:30.403363+00:00,,,,siga_live,False
loja_de_cidadao_de_vila_de_rei,Património,2026-07-27T00:47:30.403363+00:00,,,,siga_live,False
loja_de_cidadao_de_vila_velha_de_rodao,Património,2026-07-27T00:47:30.403363+00:00,,,,siga_live,False
loja_de_cidadao_de_belmonte,Rendimento,2026-07-27T00:47:30.403363+00:00,,,,siga_live,False
loja_de_cidadao_de_vila_de_rei,Rendimento,2026-07-27T00:47:30.403363+00:00,,,,siga_live,False
loja_de_cidadao_de_vila_velha_de_rodao,Rendimento,2026-07-27T00:47:30.403363+00:00,,,,siga_live,False
loja_de_cidadao_de_belmonte,Atendimento Geral/ General Attendance,2026-07-27T00:47:30.403363+00:00,,,,siga_live,False
loja_de_cidadao_de_castelo_branco,Atendimento Geral/ General Attendance,2026-07-27T00:47:30.403363+00:00,,,,siga_live,False
loja_de_cidadao_de_vila_de_rei,Atendimento Geral/ General Attendance,2026-07-27T00:47:30.403363+00:00,,,,siga_live,False
loja_de_cidadao_de_vila_velha_de_rodao,Atendimento Geral/ General Attendance,2026-07-27T00:47:30.403363+00:00,,,,siga_live,False
loja_de_cidadao_de_belmonte,Carta de Condução/ Driving License,2026-07-27T00:47:30.403363+00:00,,,,siga_live,False
loja_de_cidadao_de_castelo_branco,Carta de Condução/ Driving License,2026-07-27T00:47:30.403363+00:00,,,,siga_live,False
loja_de_cidadao_de_vila_velha_de_rodao,Carta de Condução/ Driving License,2026-07-27T00:47:30.403363+00:00,,,,siga_live,False
loja_de_cidadao_de_vila_de_rei,Cartão de Cidadão Renovação maiores de 25 anos/ Citizen Card – Renewal for +25 years old,2026-07-27T00:47:30.403363+00:00,,,,siga_live,False
loja_de_cidadao_de_vila_velha_de_rodao,Cartão de Cidadão Renovação maiores de 25 anos/ Citizen Card – Renewal for +25 years old,2026-07-27T00:47:30.403363+00:00,,,,siga_live,False
loja_de_cidadao_de_castelo_branco,Certificados de Aforro e Poupança/ Savings Certificates,2026-07-27T00:47:30.403363+00:00,,,,siga_live,False
loja_de_cidadao_de_castelo_branco,Galp - Eletricidade e Gás Natural,2026-07-27T00:47:30.403363+00:00,,,,siga_live,False
loja_de_cidadao_de_castelo_branco,Galp - Gás Propano,2026-07-27T00:47:30.403363+00:00,,,,siga_live,False
loja_de_cidadao_de_belmonte,Geral,2026-07-27T00:47:30.403363+00:00,,,,siga_live,False
loja_de_cidadao_de_castelo_branco,Geral,2026-07-27T00:47:30.403363+00:00,,,,siga_live,False
loja_de_cidadao_de_vila_de_rei,Geral,2026-07-27T00:47:30.403363+00:00,,,,siga_live,False
loja_de_cidadao_de_vila_velha_de_rodao,Geral,2026-07-27T00:47:30.403363+00:00,,,,siga_live,False
loja_de_cidadao_de_belmonte,Posto de serviços rápidos,2026-07-27T00:47:30.403363+00:00,,,,siga_live,False
loja_de_cidadao_de_castelo_branco,Posto de serviços rápidos,2026-07-27T00:47:30.403363+00:00,,,,siga_live,False
loja_de_cidadao_de_belmonte,Tesouraria,2026-07-27T00:47:30.403363+00:00,,,,siga_live,False
loja_de_cidadao_de_vila_de_rei,Tesouraria,2026-07-27T00:47:30.403363+00:00,,,,siga_live,False
loja_de_cidadao_de_vila_velha_de_rodao,Tesouraria,2026-07-27T00:47:30.403363+00:00,,,,siga_live,False
loja_de_cidadao_de_belmonte, Certificados /Traduções / Procurações/ Reconhecimentos / Fotocópias/ Instrumentos/ Outros,2026-07-27T00:47:30.403363+00:00,,,,siga_live,False
loja_de_cidadao_de_vila_de_rei, Certificados /Traduções / Procurações/ Reconhecimentos / Fotocópias/ Instrumentos/ Outros,2026-07-27T00:47:30.403363+00:00,,,,siga_live,False
loja_de_cidadao_de_vila_velha_de_rodao, Certificados /Traduções / Procurações/ Reconhecimentos / Fotocópias/ Instrumentos/ Outros,2026-07-27T00:47:30.403363+00:00,,,,siga_live,False
loja_de_cidadao_de_belmonte,Cartão de Cidadão - Levantamento,2026-07-27T00:47:30.403363+00:00,,,,siga_live,False
loja_de_cidadao_de_castelo_branco,Cartão de Cidadão - Levantamento,2026-07-27T00:47:30.403363+00:00,,,,siga_live,False
loja_de_cidadao_de_vila_de_rei,Cartão de Cidadão - Levantamento,2026-07-27T00:47:30.403363+00:00,,,,siga_live,False
loja_de_cidadao_de_vila_velha_de_rodao,Cartão de Cidadão - Levantamento,2026-07-27T00:47:30.403363+00:00,,,,siga_live,False
loja_de_cidadao_de_belmonte,Cartão de Cidadão - Outros,2026-07-27T00:47:30.403363+00:00,,,,siga_live,False
loja_de_cidadao_de_castelo_branco,Cartão de Cidadão - Outros,2026-07-27T00:47:30.403363+00:00,,,,siga_live,False
loja_de_cidadao_de_vila_de_rei,Cartão de Cidadão - Outros,2026-07-27T00:47:30.403363+00:00,,,,siga_live,False
loja_de_cidadao_de_vila_velha_de_rodao,Cartão de Cidadão - Outros,2026-07-27T00:47:30.403363+00:00,,,,siga_live,False
loja_de_cidadao_de_belmonte,Cartão de Cidadão - Pedido/Renovação,2026-07-27T00:47:30.403363+00:00,,,,siga_live,False
loja_de_cidadao_de_castelo_branco,Cartão de Cidadão - Pedido/Renovação,2026-07-27T00:47:30.403363+00:00,,,,siga_live,False
loja_de_cidadao_de_vila_de_rei,Cartão de Cidadão - Pedido/Renovação,2026-07-27T00:47:30.403363+00:00,,,,siga_live,False
loja_de_cidadao_de_vila_velha_de_rodao,Cartão de Cidadão - Pedido/Renovação,2026-07-27T00:47:30.403363+00:00,,,,siga_live,False
loja_de_cidadao_de_belmonte,Casa Pronta,2026-07-27T00:47:30.403363+00:00,,,,siga_live,False
loja_de_cidadao_de_vila_de_rei,Casa Pronta,2026-07-27T00:47:30.403363+00:00,,,,siga_live,False
loja_de_cidadao_de_vila_velha_de_rodao,Casa Pronta,2026-07-27T00:47:30.403363+00:00,,,,siga_live,False
loja_de_cidadao_de_belmonte,Empresa na Hora / Marca / Associação / Cooperativa / Sucursal na Hora,2026-07-27T00:47:30.403363+00:00,,,,siga_live,False
loja_de_cidadao_de_belmonte,Habilitação / Partilha de Herança / Partilha por divórcio,2026-07-27T00:47:30.403363+00:00,,,,siga_live,False
loja_de_cidadao_de_vila_de_rei,Habilitação / Partilha de Herança / Partilha por divórcio,2026-07-27T00:47:30.403363+00:00,,,,siga_live,False
loja_de_cidadao_de_vila_velha_de_rodao,Habilitação / Partilha de Herança / Partilha por divórcio,2026-07-27T00:47:30.403363+00:00,,,,siga_live,False
loja_de_cidadao_de_belmonte,Nacionalidade - Cidadão / Particulares,2026-07-27T00:47:30.403363+00:00,,,,siga_live,False
loja_de_cidadao_de_vila_velha_de_rodao,Nacionalidade - Cidadão / Particulares,2026-07-27T00:47:30.403363+00:00,,,,siga_live,False
loja_de_cidadao_de_belmonte,Nacionalidade - Profissionais,2026-07-27T00:47:30.403363+00:00,,,,siga_live,False
loja_de_cidadao_de_vila_velha_de_rodao,Nacionalidade - Profissionais,2026-07-27T00:47:30.403363+00:00,,,,siga_live,False
loja_de_cidadao_de_belmonte,Passaporte - Levantamento / Inf.,2026-07-27T00:47:30.403363+00:00,,,,siga_live,False
loja_de_cidadao_de_castelo_branco,Passaporte - Levantamento / Inf.,2026-07-27T00:47:30.403363+00:00,,,,siga_live,False
loja_de_cidadao_de_vila_de_rei,Passaporte - Levantamento / Inf.,2026-07-27T00:47:30.403363+00:00,,,,siga_live,False
loja_de_cidadao_de_vila_velha_de_rodao,Passaporte - Levantamento / Inf.,2026-07-27T00:47:30.403363+00:00,,,,siga_live,False
loja_de_cidadao_de_belmonte,Passaporte - Pedido,2026-07-27T00:47:30.403363+00:00,,,,siga_live,False
loja_de_cidadao_de_castelo_branco,Passaporte - Pedido,2026-07-27T00:47:30.403363+00:00,,,,siga_live,False
loja_de_cidadao_de_vila_de_rei,Passaporte - Pedido,2026-07-27T00:47:30.403363+00:00,,,,siga_live,False
loja_de_cidadao_de_vila_velha_de_rodao,Passaporte - Pedido,2026-07-27T00:47:30.403363+00:00,,,,siga_live,False
loja_de_cidadao_de_belmonte,Pessoas coletivas e entidades equiparadas,2026-07-27T00:47:30.403363+00:00,,,,siga_live,False
loja_de_cidadao_de_vila_velha_de_rodao,Pessoas coletivas e entidades equiparadas,2026-07-27T00:47:30.403363+00:00,,,,siga_live,False
loja_de_cidadao_de_belmonte,Registo Civil - Casamento / Divórcio/Separação / Outros processos especiais,2026-07-27T00:47:30.403363+00:00,,,,siga_live,False
loja_de_cidadao_de_vila_de_rei,Registo Civil - Casamento / Divórcio/Separação / Outros processos especiais,2026-07-27T00:47:30.403363+00:00,,,,siga_live,False
loja_de_cidadao_de_vila_velha_de_rodao,Registo Civil - Casamento / Divórcio/Separação / Outros processos especiais,2026-07-27T00:47:30.403363+00:00,,,,siga_live,False
loja_de_cidadao_de_belmonte,Registo Civil - Certidões / Inf.,2026-07-27T00:47:30.403363+00:00,,,,siga_live,False
loja_de_cidadao_de_vila_de_rei,Registo Civil - Certidões / Inf.,2026-07-27T00:47:30.403363+00:00,,,,siga_live,False
loja_de_cidadao_de_vila_velha_de_rodao,Registo Civil - Certidões / Inf.,2026-07-27T00:47:30.403363+00:00,,,,siga_live,False
loja_de_cidadao_de_belmonte,Registo Civil - Nascimento,2026-07-27T00:47:30.403363+00:00,,,,siga_live,False
loja_de_cidadao_de_vila_de_rei,Registo Civil - Nascimento,2026-07-27T00:47:30.403363+00:00,,,,siga_live,False
loja_de_cidadao_de_vila_velha_de_rodao,Registo Civil - Nascimento,2026-07-27T00:47:30.403363+00:00,,,,siga_live,False
loja_de_cidadao_de_belmonte,Registo Civil - Óbito/Espaço Óbito,2026-07-27T00:47:30.403363+00:00,,,,siga_live,False
loja_de_cidadao_de_vila_de_rei,Registo Civil - Óbito/Espaço Óbito,2026-07-27T00:47:30.403363+00:00,,,,siga_live,False
loja_de_cidadao_de_vila_velha_de_rodao,Registo Civil - Óbito/Espaço Óbito,2026-07-27T00:47:30.403363+00:00,,,,siga_live,False
loja_de_cidadao_de_belmonte,Registo Comercial - Certidões / Inf.,2026-07-27T00:47:30.403363+00:00,,,,siga_live,False
loja_de_cidadao_de_vila_de_rei,Registo Comercial - Certidões / Inf.,2026-07-27T00:47:30.403363+00:00,,,,siga_live,False
loja_de_cidadao_de_vila_velha_de_rodao,Registo Comercial - Certidões / Inf.,2026-07-27T00:47:30.403363+00:00,,,,siga_live,False
loja_de_cidadao_de_belmonte,Registo Comercial - Pedido,2026-07-27T00:47:30.403363+00:00,,,,siga_live,False
loja_de_cidadao_de_vila_de_rei,Registo Comercial - Pedido,2026-07-27T00:47:30.403363+00:00,,,,siga_live,False
loja_de_cidadao_de_vila_velha_de_rodao,Registo Comercial - Pedido,2026-07-27T00:47:30.403363+00:00,,,,siga_live,False
loja_de_cidadao_de_belmonte,Registo Predial - Certidões / Inf. ,2026-07-27T00:47:30.403363+00:00,,,,siga_live,False
loja_de_cidadao_de_vila_de_rei,Registo Predial - Certidões / Inf. ,2026-07-27T00:47:30.403363+00:00,,,,siga_live,False
loja_de_cidadao_de_vila_velha_de_rodao,Registo Predial - Certidões / Inf. ,2026-07-27T00:47:30.403363+00:00,,,,siga_live,False
loja_de_cidadao_de_belmonte,Registo Predial - Pedido,2026-07-27T00:47:30.403363+00:00,,,,siga_live,False
loja_de_cidadao_de_vila_de_rei,Registo Predial - Pedido,2026-07-27T00:47:30.403363+00:00,,,,siga_live,False
loja_de_cidadao_de_vila_velha_de_rodao,Registo Predial - Pedido,2026-07-27T00:47:30.403363+00:00,,,,siga_live,False
loja_de_cidadao_de_vila_de_rei,Registo veículos - Certidões / Inf.,2026-07-27T00:47:30.403363+00:00,,,,siga_live,False
loja_de_cidadao_de_vila_velha_de_rodao,Registo veículos - Certidões / Inf.,2026-07-27T00:47:30.403363+00:00,,,,siga_live,False
loja_de_cidadao_de_belmonte,Registo veículos - Pedido,2026-07-27T00:47:30.403363+00:00,,,,siga_live,False
loja_de_cidadao_de_castelo_branco,Registo veículos - Pedido,2026-07-27T00:47:30.403363+00:00,,,,siga_live,False
loja_de_cidadao_de_vila_de_rei,Registo veículos - Pedido,2026-07-27T00:47:30.403363+00:00,,,,siga_live,False
loja_de_cidadao_de_vila_velha_de_rodao,Registo veículos - Pedido,2026-07-27T00:47:30.403363+00:00,,,,siga_live,False
loja_de_cidadao_de_coimbra,ATENDIMENTO GERAL,2026-07-27T00:47:30.403363+00:00,,,,siga_live,False
loja_de_cidadao_de_coimbra,PAGAMENTOS,2026-07-27T00:47:30.403363+00:00,,,,siga_live,False
loja_de_cidadao_de_coimbra,Atendimento com Marcação,2026-07-27T00:47:30.403363+00:00,0,,0,siga_live,True
loja_de_cidadao_de_coimbra,Atendimento Geral,2026-07-27T00:47:30.403363+00:00,,,,siga_live,False
loja_de_cidadao_de_coimbra,Triagem,2026-07-27T00:47:30.403363+00:00,,,,siga_live,False
loja_de_cidadao_de_cantanhede,Atendimento Geral/ General Attendance,2026-07-27T00:47:30.403363+00:00,,,,siga_live,False
loja_de_cidadao_de_coimbra,Atendimento Geral/ General Attendance,2026-07-27T00:47:30.403363+00:00,,,,siga_live,False
loja_de_cidadao_de_cantanhede,Certificados de Aforro e Poupança/ Savings Certificates,2026-07-27T00:47:30.403363+00:00,,,,siga_live,False
loja_de_cidadao_de_coimbra,Certificados de Aforro e Poupança/ Savings Certificates,2026-07-27T00:47:30.403363+00:00,,,,siga_live,False
loja_de_cidadao_de_coimbra,Atendimento email,2026-07-27T00:47:30.403363+00:00,0,,0,siga_live,True
loja_de_cidadao_de_coimbra,Atendimento Geral Empresa,2026-07-27T00:47:30.403363+00:00,,,,siga_live,False
loja_de_cidadao_de_coimbra,Atendimento telefónico - Chamadas efetuadas,2026-07-27T00:47:30.403363+00:00,0,,0,siga_live,True
loja_de_cidadao_de_coimbra,Atendimento telefónico - Chamadas recebidas,2026-07-27T00:47:30.403363+00:00,0,,0,siga_live,True
loja_de_cidadao_de_coimbra,Empresa na Hora,2026-07-27T00:47:30.403363+00:00,,,,siga_live,False
loja_de_cidadao_de_coimbra,Registo Comercial,2026-07-27T00:47:30.403363+00:00,,,,siga_live,False
loja_de_cidadao_de_coimbra,Registo Nacional de Pessoas Coletivas,2026-07-27T00:47:30.403363+00:00,,,,siga_live,False
loja_de_cidadao_de_coimbra,Advogado/Solicitador,2026-07-27T00:47:30.403363+00:00,,,,siga_live,False
loja_de_cidadao_de_coimbra,Agente Funerário,2026-07-27T00:47:30.403363+00:00,,,,siga_live,False
loja_de_cidadao_de_coimbra,Cidadão,2026-07-27T00:47:30.403363+00:00,,,,siga_live,False
loja_de_cidadao_de_coimbra,Galp - Eletricidade e Gás Natural,2026-07-27T00:47:30.403363+00:00,,,,siga_live,False
loja_de_cidadao_de_coimbra,Galp - Gás Propano,2026-07-27T00:47:30.403363+00:00,,,,siga_live,False
loja_de_cidadao_de_cantanhede,Atendimento Geral,2026-07-27T00:47:30.403363+00:00,,,,siga_live,False
loja_de_cidadao_de_coimbra,Geral,2026-07-27T00:47:30.403363+00:00,,,,siga_live,False
loja_de_cidadao_de_cantanhede,Posto de serviços rápidos,2026-07-27T00:47:30.403363+00:00,,,,siga_live,False
loja_de_cidadao_de_coimbra,Posto de serviços rápidos,2026-07-27T00:47:30.403363+00:00,,,,siga_live,False
loja_de_cidadao_de_coimbra,Construção,2026-07-27T00:47:30.403363+00:00,,,,siga_live,False
loja_de_cidadao_de_coimbra,Imobiliário,2026-07-27T00:47:30.403363+00:00,,,,siga_live,False
loja_de_cidadao_de_coimbra,Outros,2026-07-27T00:47:30.403363+00:00,,,,siga_live,False
loja_de_cidadao_de_coimbra,Cartão de Cidadão - Levantamento,2026-07-27T00:47:30.403363+00:00,,,,siga_live,False
loja_de_cidadao_de_coimbra,Cartão de Cidadão - Outros,2026-07-27T00:47:30.403363+00:00,,,,siga_live,False
loja_de_cidadao_de_coimbra,Cartão de Cidadão - Pedido/Renovação,2026-07-27T00:47:30.403363+00:00,,,,siga_live,False
loja_de_cidadao_de_coimbra,Passaporte - Levantamento / Inf.,2026-07-27T00:47:30.403363+00:00,,,,siga_live,False
loja_de_cidadao_de_coimbra,Passaporte - Pedido,2026-07-27T00:47:30.403363+00:00,,,,siga_live,False
loja_de_cidadao_de_coimbra,Registo Civil - Certidões / Inf.,2026-07-27T00:47:30.403363+00:00,,,,siga_live,False
loja_de_cidadao_de_coimbra,Registo Comercial - Certidões / Inf.,2026-07-27T00:47:30.403363+00:00,,,,siga_live,False
loja_de_cidadao_de_coimbra,Registo Predial - Certidões / Inf. ,2026-07-27T00:47:30.403363+00:00,,,,siga_live,False
loja_de_cidadao_de_coimbra,Registo veículos - Certidões / Inf.,2026-07-27T00:47:30.403363+00:00,,,,siga_live,False
loja_de_cidadao_de_coimbra,Registo veículos - Pedido,2026-07-27T00:47:30.403363+00:00,,,,siga_live,False
loja_de_cidadao_de_coimbra,Câmara - Atendimento Geral,2026-07-27T00:47:30.403363+00:00,,,,siga_live,False
loja_de_cidadao_de_coimbra,SMTUC,2026-07-27T00:47:30.403363+00:00,,,,siga_live,False
loja_de_cidadao_de_borba,Atendimento Geral/ General Attendance,2026-07-27T00:47:30.403363+00:00,,,,siga_live,False
loja_de_cidadao_de_borba,Carta de Condução/ Driving License,2026-07-27T00:47:30.403363+00:00,,,,siga_live,False
loja_de_cidadao_de_borba,Certificados de Aforro e Poupança/ Savings Certificates,2026-07-27T00:47:30.403363+00:00,,,,siga_live,False
loja_de_cidadao_de_borba,Acção Social,2026-07-27T00:47:30.403363+00:00,0,,0,siga_live,True
loja_de_cidadao_de_borba,Geral,2026-07-27T00:47:30.403363+00:00,,,,siga_live,False
loja_de_cidadao_de_borba,Tesouraria,2026-07-27T00:47:30.403363+00:00,,,,siga_live,False
loja_de_cidadao_de_borba,Cartão de Cidadão - Levantamento,2026-07-27T00:47:30.403363+00:00,,,,siga_live,False
loja_de_cidadao_de_borba,Cartão de Cidadão - Outros,2026-07-27T00:47:30.403363+00:00,,,,siga_live,False
loja_de_cidadao_de_borba,Cartão de Cidadão - Pedido/Renovação,2026-07-27T00:47:30.403363+00:00,,,,siga_live,False
loja_de_cidadao_de_borba,Casa Pronta,2026-07-27T00:47:30.403363+00:00,,,,siga_live,False
loja_de_cidadao_de_borba,Empresa na Hora / Marca / Associação / Cooperativa / Sucursal na Hora,2026-07-27T00:47:30.403363+00:00,,,,siga_live,False
loja_de_cidadao_de_borba,Habilitação / Partilha de Herança / Partilha por divórcio,2026-07-27T00:47:30.403363+00:00,,,,siga_live,False
loja_de_cidadao_de_borba,Passaporte - Levantamento / Inf.,2026-07-27T00:47:30.403363+00:00,,,,siga_live,False
loja_de_cidadao_de_borba,Passaporte - Pedido,2026-07-27T00:47:30.403363+00:00,,,,siga_live,False
loja_de_cidadao_de_borba,Registo Civil - Casamento / Divórcio/Separação / Outros processos especiais,2026-07-27T00:47:30.403363+00:00,,,,siga_live,False
loja_de_cidadao_de_borba,Registo Civil - Certidões / Inf.,2026-07-27T00:47:30.403363+00:00,,,,siga_live,False
loja_de_cidadao_de_borba,Registo Civil - Nascimento,2026-07-27T00:47:30.403363+00:00,,,,siga_live,False
loja_de_cidadao_de_borba,Registo Civil - Óbito/Espaço Óbito,2026-07-27T00:47:30.403363+00:00,,,,siga_live,False
loja_de_cidadao_de_borba,Registo Comercial - Certidões / Inf.,2026-07-27T00:47:30.403363+00:00,,,,siga_live,False
loja_de_cidadao_de_borba,Registo Comercial - Pedido,2026-07-27T00:47:30.403363+00:00,,,,siga_live,False
loja_de_cidadao_de_borba,Registo Predial - Certidões / Inf. ,2026-07-27T00:47:30.403363+00:00,,,,siga_live,False
loja_de_cidadao_de_borba,Registo Predial - Pedido,2026-07-27T00:47:30.403363+00:00,,,,siga_live,False
loja_de_cidadao_de_borba,Registo veículos - Pedido,2026-07-27T00:47:30.403363+00:00,,,,siga_live,False
loja_de_cidadao_de_faro,Atendimento com Marcação,2026-07-27T00:47:30.403363+00:00,,,,siga_live,False
loja_de_cidadao_de_faro,Atendimento Geral,2026-07-27T00:47:30.403363+00:00,0,,0,siga_live,True
loja_de_cidadao_de_faro,Pagamentos,2026-07-27T00:47:30.403363+00:00,,,,siga_live,False
loja_de_cidadao_de_tavira,Atendimento Geral,2026-07-27T00:47:30.403363+00:00,,,,siga_live,False
loja_de_cidadao_de_tavira,Informações (ex-A),2026-07-27T00:47:30.403363+00:00,,,,siga_live,False
loja_de_cidadao_de_faro, Registo de Cidadãos da União Europeia,2026-07-27T00:47:30.403363+00:00,,,,siga_live,False
loja_de_cidadao_de_faro,Triagem,2026-07-27T00:47:30.403363+00:00,,,,siga_live,False
loja_de_cidadao_de_tavira,Atendimento Geral/ General Attendance,2026-07-27T00:47:30.403363+00:00,,,,siga_live,False
loja_de_cidadao_de_tavira,Certificados de Aforro e Poupança/ Savings Certificates,2026-07-27T00:47:30.403363+00:00,,,,siga_live,False
loja_de_cidadao_de_faro,Atendimento Cidadãos/ Citizen Services,2026-07-27T00:47:30.403363+00:00,,,,siga_live,False
loja_de_cidadao_de_faro,Atendimento Empresários/ Business Services,2026-07-27T00:47:30.403363+00:00,,,,siga_live,False
loja_de_cidadao_de_faro,Brexit,2026-07-27T00:47:30.403363+00:00,0,,0,siga_live,True
loja_de_cidadao_de_faro,Certificados de Aforro e Poupança/ Savings Certificates,2026-07-27T00:47:30.403363+00:00,,,,siga_live,False
loja_de_cidadao_de_faro,CMD Chave Móvel Digital/ CMD - Digital Mobile Key,2026-07-27T00:47:30.403363+00:00,,,,siga_live,False
loja_de_cidadao_de_faro,Galp - Eletricidade e Gás Natural,2026-07-27T00:47:30.403363+00:00,,,,siga_live,False
loja_de_cidadao_de_faro,Galp - Gás Propano,2026-07-27T00:47:30.403363+00:00,,,,siga_live,False
loja_de_cidadao_de_faro,Geral,2026-07-27T00:47:30.403363+00:00,,,,siga_live,False
loja_de_cidadao_de_faro,Construção,2026-07-27T00:47:30.403363+00:00,,,,siga_live,False
loja_de_cidadao_de_faro,Imobiliário,2026-07-27T00:47:30.403363+00:00,,,,siga_live,False
loja_de_cidadao_de_faro,Outros,2026-07-27T00:47:30.403363+00:00,,,,siga_live,False
loja_de_cidadao_de_faro,Cartão de Cidadão - Levantamento,2026-07-27T00:47:30.403363+00:00,,,,siga_live,False
loja_de_cidadao_de_tavira,Cartão de Cidadão - Levantamento,2026-07-27T00:47:30.403363+00:00,,,,siga_live,False
loja_de_cidadao_de_faro,Cartão de Cidadão - Outros,2026-07-27T00:47:30.403363+00:00,,,,siga_live,False
loja_de_cidadao_de_tavira,Cartão de Cidadão - Outros,2026-07-27T00:47:30.403363+00:00,,,,siga_live,False
loja_de_cidadao_de_faro,Cartão de Cidadão - Pedido/Renovação,2026-07-27T00:47:30.403363+00:00,,,,siga_live,False
loja_de_cidadao_de_tavira,Cartão de Cidadão - Pedido/Renovação,2026-07-27T00:47:30.403363+00:00,,,,siga_live,False
loja_de_cidadao_de_tavira,Casa Pronta,2026-07-27T00:47:30.403363+00:00,,,,siga_live,False
loja_de_cidadao_de_faro,Empresa na Hora / Marca / Associação / Cooperativa / Sucursal na Hora,2026-07-27T00:47:30.403363+00:00,,,,siga_live,False
loja_de_cidadao_de_tavira,Empresa na Hora / Marca / Associação / Cooperativa / Sucursal na Hora,2026-07-27T00:47:30.403363+00:00,,,,siga_live,False
loja_de_cidadao_de_tavira,Habilitação / Partilha de Herança / Partilha por divórcio,2026-07-27T00:47:30.403363+00:00,,,,siga_live,False
loja_de_cidadao_de_faro,Passaporte - Levantamento / Inf.,2026-07-27T00:47:30.403363+00:00,,,,siga_live,False
loja_de_cidadao_de_tavira,Passaporte - Levantamento / Inf.,2026-07-27T00:47:30.403363+00:00,,,,siga_live,False
loja_de_cidadao_de_faro,Passaporte - Pedido,2026-07-27T00:47:30.403363+00:00,,,,siga_live,False
loja_de_cidadao_de_tavira,Passaporte - Pedido,2026-07-27T00:47:30.403363+00:00,,,,siga_live,False
loja_de_cidadao_de_tavira,Registo Civil - Casamento / Divórcio/Separação / Outros processos especiais,2026-07-27T00:47:30.403363+00:00,,,,siga_live,False
loja_de_cidadao_de_faro,Registo Civil - Certidões / Inf.,2026-07-27T00:47:30.403363+00:00,,,,siga_live,False
loja_de_cidadao_de_tavira,Registo Civil - Certidões / Inf.,2026-07-27T00:47:30.403363+00:00,,,,siga_live,False
loja_de_cidadao_de_faro,Registo Civil - Nascimento,2026-07-27T00:47:30.403363+00:00,,,,siga_live,False
loja_de_cidadao_de_tavira,Registo Civil - Nascimento,2026-07-27T00:47:30.403363+00:00,,,,siga_live,False
loja_de_cidadao_de_faro,Registo Civil - Óbito/Espaço Óbito,2026-07-27T00:47:30.403363+00:00,,,,siga_live,False
loja_de_cidadao_de_tavira,Registo Civil - Óbito/Espaço Óbito,2026-07-27T00:47:30.403363+00:00,,,,siga_live,False
loja_de_cidadao_de_faro,Registo Comercial - Certidões / Inf.,2026-07-27T00:47:30.403363+00:00,,,,siga_live,False
loja_de_cidadao_de_tavira,Registo Comercial - Certidões / Inf.,2026-07-27T00:47:30.403363+00:00,,,,siga_live,False
loja_de_cidadao_de_tavira,Registo Comercial - Pedido,2026-07-27T00:47:30.403363+00:00,,,,siga_live,False
loja_de_cidadao_de_faro,Registo Predial - Certidões / Inf. ,2026-07-27T00:47:30.403363+00:00,,,,siga_live,False
loja_de_cidadao_de_tavira,Registo Predial - Certidões / Inf. ,2026-07-27T00:47:30.403363+00:00,,,,siga_live,False
loja_de_cidadao_de_tavira,Registo Predial - Pedido,2026-07-27T00:47:30.403363+00:00,,,,siga_live,False
loja_de_cidadao_de_faro,Registo veículos - Certidões / Inf.,2026-07-27T00:47:30.403363+00:00,,,,siga_live,False
loja_de_cidadao_de_faro,Registo veículos - Pedido,2026-07-27T00:47:30.403363+00:00,,,,siga_live,False
loja_de_cidadao_de_tavira,Registo veículos - Pedido,2026-07-27T00:47:30.403363+00:00,,,,siga_live,False
loja_de_cidadao_de_faro,Atendimento Geral ,2026-07-27T00:47:30.403363+00:00,,,,siga_live,False
loja_de_cidadao_de_meda,Atendimento com Marcação,2026-07-27T00:47:30.403363+00:00,0,,0,siga_live,True
loja_de_cidadao_de_meda,Contencioso,2026-07-27T00:47:30.403363+00:00,,,,siga_live,False
loja_de_cidadao_de_meda,Execuções Fiscais,2026-07-27T00:47:30.403363+00:00,,,,siga_live,False
loja_de_cidadao_de_meda,Pagamentos,2026-07-27T00:47:30.403363+00:00,,,,siga_live,False
loja_de_cidadao_de_meda,Património,2026-07-27T00:47:30.403363+00:00,,,,siga_live,False
loja_de_cidadao_de_meda,Rendimento,2026-07-27T00:47:30.403363+00:00,,,,siga_live,False
loja_de_cidadao_da_guarda,Atendimento Geral/ General Attendance,2026-07-27T00:47:30.403363+00:00,,,,siga_live,False
loja_de_cidadao_de_meda,Atendimento Geral/ General Attendance,2026-07-27T00:47:30.403363+00:00,,,,siga_live,False
loja_de_cidadao_da_guarda,Carta de Condução/ Driving License,2026-07-27T00:47:30.403363+00:00,,,,siga_live,False
loja_de_cidadao_da_guarda,Certificados de Aforro e Poupança/ Savings Certificates,2026-07-27T00:47:30.403363+00:00,,,,siga_live,False
loja_de_cidadao_da_guarda,Galp - Eletricidade e Gás Natural,2026-07-27T00:47:30.403363+00:00,,,,siga_live,False
loja_de_cidadao_da_guarda,Galp - Gás Propano,2026-07-27T00:47:30.403363+00:00,,,,siga_live,False
loja_de_cidadao_da_guarda,Geral,2026-07-27T00:47:30.403363+00:00,,,,siga_live,False
loja_de_cidadao_da_guarda, Certificados /Traduções / Procurações/ Reconhecimentos / Fotocópias/ Instrumentos/ Outros,2026-07-27T00:47:30.403363+00:00,,,,siga_live,False
loja_de_cidadao_de_meda, Certificados /Traduções / Procurações/ Reconhecimentos / Fotocópias/ Instrumentos/ Outros,2026-07-27T00:47:30.403363+00:00,,,,siga_live,False
loja_de_cidadao_da_guarda,Cartão de Cidadão - Levantamento,2026-07-27T00:47:30.403363+00:00,,,,siga_live,False
loja_de_cidadao_de_meda,Cartão de Cidadão - Levantamento,2026-07-27T00:47:30.403363+00:00,,,,siga_live,False
loja_de_cidadao_da_guarda,Cartão de Cidadão - Outros,2026-07-27T00:47:30.403363+00:00,,,,siga_live,False
loja_de_cidadao_de_meda,Cartão de Cidadão - Outros,2026-07-27T00:47:30.403363+00:00,,,,siga_live,False
loja_de_cidadao_da_guarda,Cartão de Cidadão - Pedido/Renovação,2026-07-27T00:47:30.403363+00:00,,,,siga_live,False
loja_de_cidadao_de_meda,Cartão de Cidadão - Pedido/Renovação,2026-07-27T00:47:30.403363+00:00,,,,siga_live,False
loja_de_cidadao_da_guarda,Casa Pronta,2026-07-27T00:47:30.403363+00:00,,,,siga_live,False
loja_de_cidadao_de_meda,Casa Pronta,2026-07-27T00:47:30.403363+00:00,,,,siga_live,False
loja_de_cidadao_da_guarda,Empresa na Hora / Marca / Associação / Cooperativa / Sucursal na Hora,2026-07-27T00:47:30.403363+00:00,,,,siga_live,False
loja_de_cidadao_da_guarda,Habilitação / Partilha de Herança / Partilha por divórcio,2026-07-27T00:47:30.403363+00:00,,,,siga_live,False
loja_de_cidadao_de_meda,Habilitação / Partilha de Herança / Partilha por divórcio,2026-07-27T00:47:30.403363+00:00,,,,siga_live,False
loja_de_cidadao_de_meda,Nacionalidade - Cidadão / Particulares,2026-07-27T00:47:30.403363+00:00,,,,siga_live,False
loja_de_cidadao_de_meda,Nacionalidade - Profissionais,2026-07-27T00:47:30.403363+00:00,,,,siga_live,False
loja_de_cidadao_da_guarda,Passaporte - Levantamento / Inf.,2026-07-27T00:47:30.403363+00:00,,,,siga_live,False
loja_de_cidadao_de_meda,Passaporte - Levantamento / Inf.,2026-07-27T00:47:30.403363+00:00,,,,siga_live,False
loja_de_cidadao_da_guarda,Passaporte - Pedido,2026-07-27T00:47:30.403363+00:00,,,,siga_live,False
loja_de_cidadao_de_meda,Passaporte - Pedido,2026-07-27T00:47:30.403363+00:00,,,,siga_live,False
loja_de_cidadao_da_guarda,Pessoas coletivas e entidades equiparadas,2026-07-27T00:47:30.403363+00:00,,,,siga_live,False
loja_de_cidadao_de_meda,Pessoas coletivas e entidades equiparadas,2026-07-27T00:47:30.403363+00:00,,,,siga_live,False
loja_de_cidadao_da_guarda,Registo Civil - Casamento / Divórcio/Separação / Outros processos especiais,2026-07-27T00:47:30.403363+00:00,,,,siga_live,False
loja_de_cidadao_de_meda,Registo Civil - Casamento / Divórcio/Separação / Outros processos especiais,2026-07-27T00:47:30.403363+00:00,,,,siga_live,False
loja_de_cidadao_de_meda,Registo Civil - Certidões / Inf.,2026-07-27T00:47:30.403363+00:00,,,,siga_live,False
loja_de_cidadao_da_guarda,Registo Civil - Nascimento,2026-07-27T00:47:30.403363+00:00,,,,siga_live,False
loja_de_cidadao_de_meda,Registo Civil - Nascimento,2026-07-27T00:47:30.403363+00:00,,,,siga_live,False
loja_de_cidadao_da_guarda,Registo Civil - Óbito/Espaço Óbito,2026-07-27T00:47:30.403363+00:00,,,,siga_live,False
loja_de_cidadao_de_meda,Registo Civil - Óbito/Espaço Óbito,2026-07-27T00:47:30.403363+00:00,,,,siga_live,False
loja_de_cidadao_da_guarda,Registo Comercial - Certidões / Inf.,2026-07-27T00:47:30.403363+00:00,,,,siga_live,False
loja_de_cidadao_de_meda,Registo Comercial - Certidões / Inf.,2026-07-27T00:47:30.403363+00:00,,,,siga_live,False
loja_de_cidadao_da_guarda,Registo Comercial - Pedido,2026-07-27T00:47:30.403363+00:00,,,,siga_live,False
loja_de_cidadao_de_meda,Registo Comercial - Pedido,2026-07-27T00:47:30.403363+00:00,,,,siga_live,False
loja_de_cidadao_da_guarda,Registo Predial - Certidões / Inf. ,2026-07-27T00:47:30.403363+00:00,,,,siga_live,False
loja_de_cidadao_de_meda,Registo Predial - Certidões / Inf. ,2026-07-27T00:47:30.403363+00:00,,,,siga_live,False
loja_de_cidadao_da_guarda,Registo Predial - Pedido,2026-07-27T00:47:30.403363+00:00,,,,siga_live,False
loja_de_cidadao_de_meda,Registo Predial - Pedido,2026-07-27T00:47:30.403363+00:00,,,,siga_live,False
loja_de_cidadao_de_meda,Registo veículos - Certidões / Inf.,2026-07-27T00:47:30.403363+00:00,,,,siga_live,False
loja_de_cidadao_da_guarda,Registo veículos - Pedido,2026-07-27T00:47:30.403363+00:00,,,,siga_live,False
loja_de_cidadao_de_meda,Registo veículos - Pedido,2026-07-27T00:47:30.403363+00:00,,,,siga_live,False
loja_de_cidadao_da_guarda,APAL,2026-07-27T00:47:30.403363+00:00,,,,siga_live,False
loja_de_cidadao_da_guarda,Serviços Administrativos,2026-07-27T00:47:30.403363+00:00,,,,siga_live,False
loja_de_cidadao_de_alvaiazere,Atendimento com Marcação,2026-07-27T00:47:30.403363+00:00,0,,0,siga_live,True
loja_de_cidadao_de_ansiao,Atendimento com Marcação,2026-07-27T00:47:30.403363+00:00,0,,0,siga_live,True
loja_de_cidadao_da_batalha,Atendimento com Marcação,2026-07-27T00:47:30.403363+00:00,0,,0,siga_live,True
loja_de_cidadao_do_bombarral,Atendimento com Marcação,2026-07-27T00:47:30.403363+00:00,0,,0,siga_live,True
loja_de_cidadao_de_leiria,Atendimento com Marcação,2026-07-27T00:47:30.403363+00:00,0,,0,siga_live,True
loja_de_cidadao_de_alvaiazere,Contencioso,2026-07-27T00:47:30.403363+00:00,,,,siga_live,False
loja_de_cidadao_de_ansiao,Contencioso,2026-07-27T00:47:30.403363+00:00,,,,siga_live,False
loja_de_cidadao_da_batalha,Contencioso,2026-07-27T00:47:30.403363+00:00,,,,siga_live,False
loja_de_cidadao_de_leiria,Contencioso,2026-07-27T00:47:30.403363+00:00,,,,siga_live,False
loja_de_cidadao_de_alvaiazere,Execuções Fiscais,2026-07-27T00:47:30.403363+00:00,,,,siga_live,False
loja_de_cidadao_de_ansiao,Execuções Fiscais,2026-07-27T00:47:30.403363+00:00,,,,siga_live,False
loja_de_cidadao_da_batalha,Execuções Fiscais,2026-07-27T00:47:30.403363+00:00,,,,siga_live,False
loja_de_cidadao_de_leiria,Execuções Fiscais,2026-07-27T00:47:30.403363+00:00,,,,siga_live,False
loja_de_cidadao_de_alvaiazere,Pagamentos,2026-07-27T00:47:30.403363+00:00,,,,siga_live,False
loja_de_cidadao_de_ansiao,Pagamentos,2026-07-27T00:47:30.403363+00:00,,,,siga_live,False
loja_de_cidadao_da_batalha,Pagamentos,2026-07-27T00:47:30.403363+00:00,,,,siga_live,False
loja_de_cidadao_de_leiria,Pagamentos,2026-07-27T00:47:30.403363+00:00,,,,siga_live,False
loja_de_cidadao_de_alvaiazere,Património,2026-07-27T00:47:30.403363+00:00,,,,siga_live,False
loja_de_cidadao_de_ansiao,Património,2026-07-27T00:47:30.403363+00:00,,,,siga_live,False
loja_de_cidadao_da_batalha,Património,2026-07-27T00:47:30.403363+00:00,,,,siga_live,False
loja_de_cidadao_de_leiria,Património,2026-07-27T00:47:30.403363+00:00,,,,siga_live,False
loja_de_cidadao_de_alvaiazere,Rendimento,2026-07-27T00:47:30.403363+00:00,,,,siga_live,False
loja_de_cidadao_de_ansiao,Rendimento,2026-07-27T00:47:30.403363+00:00,,,,siga_live,False
loja_de_cidadao_da_batalha,Rendimento,2026-07-27T00:47:30.403363+00:00,,,,siga_live,False
loja_de_cidadao_de_leiria,Rendimento,2026-07-27T00:47:30.403363+00:00,,,,siga_live,False
loja_de_cidadao_de_leiria,Atendimento Geral,2026-07-27T00:47:30.403363+00:00,,,,siga_live,False
loja_de_cidadao_de_leiria,Medidas de Apoio,2026-07-27T00:47:30.403363+00:00,,,,siga_live,False
loja_de_cidadao_de_leiria,Urbanismo,2026-07-27T00:47:30.403363+00:00,,,,siga_live,False
loja_de_cidadao_de_ansiao,Atendimento Geral,2026-07-27T00:47:30.403363+00:00,,,,siga_live,False
loja_de_cidadao_da_batalha,Ação Social,2026-07-27T00:47:30.403363+00:00,,,,siga_live,False
loja_de_cidadao_da_batalha,Cultura e Desporto ,2026-07-27T00:47:30.403363+00:00,,,,siga_live,False
loja_de_cidadao_da_batalha,Educação,2026-07-27T00:47:30.403363+00:00,,,,siga_live,False
loja_de_cidadao_da_batalha,Gabinete de Apoio ao Emigrante,2026-07-27T00:47:30.403363+00:00,,,,siga_live,False
loja_de_cidadao_da_batalha,Gabinete de Inserção Profissional,2026-07-27T00:47:30.403363+00:00,,,,siga_live,False
loja_de_cidadao_da_batalha,Licenciamentos Diversos,2026-07-27T00:47:30.403363+00:00,,,,siga_live,False
loja_de_cidadao_da_batalha,Obras Municipais,2026-07-27T00:47:30.403363+00:00,,,,siga_live,False
loja_de_cidadao_da_batalha,Obras Particulares e Ordenamento do território,2026-07-27T00:47:30.403363+00:00,,,,siga_live,False
loja_de_cidadao_da_batalha,Atendimento Geral/ General Attendance,2026-07-27T00:47:30.403363+00:00,,,,siga_live,False
loja_de_cidadao_do_bombarral,Atendimento Geral/ General Attendance,2026-07-27T00:47:30.403363+00:00,,,,siga_live,False
loja_de_cidadao_de_leiria,Atendimento Geral/ General Attendance,2026-07-27T00:47:30.403363+00:00,,,,siga_live,False
loja_de_cidadao_do_bombarral,Cartão de Cidadão Renovação maiores de 25 anos/ Citizen Card – Renewal for +25 years old,2026-07-27T00:47:30.403363+00:00,,,,siga_live,False
loja_de_cidadao_de_leiria,COVID,2026-07-27T00:47:30.403363+00:00,,,,siga_live,False
loja_de_cidadao_de_alvaiazere,Câmara Municipal de Alvaiázere / Alvaiázere Municipality,2026-07-27T00:47:30.403363+00:00,,,,siga_live,False
loja_de_cidadao_de_pombal,Carta de Condução/ Driving License,2026-07-27T00:47:30.403363+00:00,,,,siga_live,False
loja_de_cidadao_de_ansiao,Cartão de Cidadão Renovação maiores de 25 anos/ Citizen Card – Renewal for +25 years old,2026-07-27T00:47:30.403363+00:00,,,,siga_live,False
loja_de_cidadao_de_alvaiazere,Espaço Cidadão/ Citizen Spot,2026-07-27T00:47:30.403363+00:00,,,,siga_live,False
loja_de_cidadao_de_ansiao,Espaço Cidadão/ Citizen Spot,2026-07-27T00:47:30.403363+00:00,,,,siga_live,False
loja_de_cidadao_de_pombal,Espaço Cidadão/ Citizen Spot,2026-07-27T00:47:30.403363+00:00,,,,siga_live,False
loja_de_cidadao_de_pombal,Fórum Munícipe / Citizen Forum,2026-07-27T00:47:30.403363+00:00,,,,siga_live,False
loja_de_cidadao_de_ansiao,Município de Ansião / Ansião Municipality,2026-07-27T00:47:30.403363+00:00,,,,siga_live,False
loja_de_cidadao_de_alvaiazere,Tesouraria/ Treasury,2026-07-27T00:47:30.403363+00:00,,,,siga_live,False
loja_de_cidadao_de_alvaiazere,Geral,2026-07-27T00:47:30.403363+00:00,,,,siga_live,False
loja_de_cidadao_de_ansiao,Geral,2026-07-27T00:47:30.403363+00:00,,,,siga_live,False
loja_de_cidadao_da_batalha,Geral,2026-07-27T00:47:30.403363+00:00,,,,siga_live,False
loja_de_cidadao_do_bombarral,Geral,2026-07-27T00:47:30.403363+00:00,,,,siga_live,False
loja_de_cidadao_de_leiria,Geral,2026-07-27T00:47:30.403363+00:00,,,,siga_live,False
loja_de_cidadao_de_pombal,Geral,2026-07-27T00:47:30.403363+00:00,,,,siga_live,False
loja_de_cidadao_da_batalha,Posto de serviços rápidos,2026-07-27T00:47:30.403363+00:00,,,,siga_live,False
loja_de_cidadao_de_leiria,Posto de serviços rápidos,2026-07-27T00:47:30.403363+00:00,,,,siga_live,False
loja_de_cidadao_de_pombal,Posto de serviços rápidos,2026-07-27T00:47:30.403363+00:00,,,,siga_live,False
loja_de_cidadao_de_alvaiazere,Tesouraria,2026-07-27T00:47:30.403363+00:00,,,,siga_live,False
loja_de_cidadao_de_ansiao,Tesouraria,2026-07-27T00:47:30.403363+00:00,,,,siga_live,False
loja_de_cidadao_da_batalha,Tesouraria,2026-07-27T00:47:30.403363+00:00,,,,siga_live,False
loja_de_cidadao_do_bombarral,Tesouraria,2026-07-27T00:47:30.403363+00:00,,,,siga_live,False
loja_de_cidadao_de_leiria,Tesouraria,2026-07-27T00:47:30.403363+00:00,,,,siga_live,False
loja_de_cidadao_de_pombal,Tesouraria,2026-07-27T00:47:30.403363+00:00,,,,siga_live,False
loja_de_cidadao_de_pombal,(Re)Inscrição; Prestação de desemprego ,2026-07-27T00:47:30.403363+00:00,,,,siga_live,False
loja_de_cidadao_de_pombal,Atendimento de entidades,2026-07-27T00:47:30.403363+00:00,,,,siga_live,False
loja_de_cidadao_de_pombal,Atendimento geral; Declarações; Atualizações,2026-07-27T00:47:30.403363+00:00,,,,siga_live,False
loja_de_cidadao_de_pombal,Oportunidades de emprego,2026-07-27T00:47:30.403363+00:00,,,,siga_live,False
loja_de_cidadao_de_pombal,Oportunidades de formação e outros apoios,2026-07-27T00:47:30.403363+00:00,,,,siga_live,False
loja_de_cidadao_de_alvaiazere,Cartão de Cidadão - Levantamento,2026-07-27T00:47:30.403363+00:00,,,,siga_live,False
loja_de_cidadao_da_batalha,Cartão de Cidadão - Levantamento,2026-07-27T00:47:30.403363+00:00,,,,siga_live,False
loja_de_cidadao_de_leiria,Cartão de Cidadão - Levantamento,2026-07-27T00:47:30.403363+00:00,,,,siga_live,False
loja_de_cidadao_da_batalha,Cartão de Cidadão - Outros,2026-07-27T00:47:30.403363+00:00,,,,siga_live,False
loja_de_cidadao_de_leiria,Cartão de Cidadão - Outros,2026-07-27T00:47:30.403363+00:00,,,,siga_live,False
loja_de_cidadao_de_alvaiazere,Cartão de Cidadão - Pedido/Renovação,2026-07-27T00:47:30.403363+00:00,,,,siga_live,False
loja_de_cidadao_da_batalha,Cartão de Cidadão - Pedido/Renovação,2026-07-27T00:47:30.403363+00:00,,,,siga_live,False
loja_de_cidadao_de_leiria,Cartão de Cidadão - Pedido/Renovação,2026-07-27T00:47:30.403363+00:00,,,,siga_live,False
loja_de_cidadao_de_alvaiazere,Casa Pronta,2026-07-27T00:47:30.403363+00:00,,,,siga_live,False
loja_de_cidadao_da_batalha,Casa Pronta,2026-07-27T00:47:30.403363+00:00,,,,siga_live,False
loja_de_cidadao_de_leiria,Casa Pronta,2026-07-27T00:47:30.403363+00:00,,,,siga_live,False
loja_de_cidadao_de_alvaiazere,Empresa na Hora / Marca / Associação / Cooperativa / Sucursal na Hora,2026-07-27T00:47:30.403363+00:00,,,,siga_live,False
loja_de_cidadao_da_batalha,Empresa na Hora / Marca / Associação / Cooperativa / Sucursal na Hora,2026-07-27T00:47:30.403363+00:00,,,,siga_live,False
loja_de_cidadao_de_leiria,Empresa na Hora / Marca / Associação / Cooperativa / Sucursal na Hora,2026-07-27T00:47:30.403363+00:00,,,,siga_live,False
loja_de_cidadao_de_alvaiazere,Habilitação / Partilha de Herança / Partilha por divórcio,2026-07-27T00:47:30.403363+00:00,,,,siga_live,False
loja_de_cidadao_da_batalha,Habilitação / Partilha de Herança / Partilha por divórcio,2026-07-27T00:47:30.403363+00:00,,,,siga_live,False
loja_de_cidadao_de_leiria,Habilitação / Partilha de Herança / Partilha por divórcio,2026-07-27T00:47:30.403363+00:00,,,,siga_live,False
loja_de_cidadao_de_alvaiazere,Nacionalidade - Cidadão / Particulares,2026-07-27T00:47:30.403363+00:00,,,,siga_live,False
loja_de_cidadao_de_alvaiazere,Nacionalidade - Profissionais,2026-07-27T00:47:30.403363+00:00,,,,siga_live,False
loja_de_cidadao_de_alvaiazere,Passaporte - Levantamento / Inf.,2026-07-27T00:47:30.403363+00:00,,,,siga_live,False
loja_de_cidadao_da_batalha,Passaporte - Levantamento / Inf.,2026-07-27T00:47:30.403363+00:00,,,,siga_live,False
loja_de_cidadao_de_leiria,Passaporte - Levantamento / Inf.,2026-07-27T00:47:30.403363+00:00,,,,siga_live,False
loja_de_cidadao_de_alvaiazere,Passaporte - Pedido,2026-07-27T00:47:30.403363+00:00,,,,siga_live,False
loja_de_cidadao_da_batalha,Passaporte - Pedido,2026-07-27T00:47:30.403363+00:00,,,,siga_live,False
loja_de_cidadao_de_leiria,Passaporte - Pedido,2026-07-27T00:47:30.403363+00:00,,,,siga_live,False
loja_de_cidadao_de_alvaiazere,Registo Civil - Casamento / Divórcio/Separação / Outros processos especiais,2026-07-27T00:47:30.403363+00:00,,,,siga_live,False
loja_de_cidadao_da_batalha,Registo Civil - Casamento / Divórcio/Separação / Outros processos especiais,2026-07-27T00:47:30.403363+00:00,,,,siga_live,False
loja_de_cidadao_de_alvaiazere,Registo Civil - Certidões / Inf.,2026-07-27T00:47:30.403363+00:00,,,,siga_live,False
loja_de_cidadao_da_batalha,Registo Civil - Certidões / Inf.,2026-07-27T00:47:30.403363+00:00,,,,siga_live,False
loja_de_cidadao_de_leiria,Registo Civil - Certidões / Inf.,2026-07-27T00:47:30.403363+00:00,,,,siga_live,False
loja_de_cidadao_de_alvaiazere,Registo Civil - Nascimento,2026-07-27T00:47:30.403363+00:00,,,,siga_live,False
loja_de_cidadao_da_batalha,Registo Civil - Nascimento,2026-07-27T00:47:30.403363+00:00,,,,siga_live,False
loja_de_cidadao_de_alvaiazere,Registo Civil - Óbito/Espaço Óbito,2026-07-27T00:47:30.403363+00:00,,,,siga_live,False
loja_de_cidadao_da_batalha,Registo Civil - Óbito/Espaço Óbito,2026-07-27T00:47:30.403363+00:00,,,,siga_live,False
loja_de_cidadao_de_alvaiazere,Registo Comercial - Certidões / Inf.,2026-07-27T00:47:30.403363+00:00,,,,siga_live,False
loja_de_cidadao_da_batalha,Registo Comercial - Certidões / Inf.,2026-07-27T00:47:30.403363+00:00,,,,siga_live,False
loja_de_cidadao_de_leiria,Registo Comercial - Certidões / Inf.,2026-07-27T00:47:30.403363+00:00,,,,siga_live,False
loja_de_cidadao_de_alvaiazere,Registo Comercial - Pedido,2026-07-27T00:47:30.403363+00:00,,,,siga_live,False
loja_de_cidadao_da_batalha,Registo Comercial - Pedido,2026-07-27T00:47:30.403363+00:00,,,,siga_live,False
loja_de_cidadao_de_alvaiazere,Registo Predial - Certidões / Inf. ,2026-07-27T00:47:30.403363+00:00,,,,siga_live,False
loja_de_cidadao_da_batalha,Registo Predial - Certidões / Inf. ,2026-07-27T00:47:30.403363+00:00,,,,siga_live,False
loja_de_cidadao_de_leiria,Registo Predial - Certidões / Inf. ,2026-07-27T00:47:30.403363+00:00,,,,siga_live,False
loja_de_cidadao_de_alvaiazere,Registo Predial - Pedido,2026-07-27T00:47:30.403363+00:00,,,,siga_live,False
loja_de_cidadao_da_batalha,Registo Predial - Pedido,2026-07-27T00:47:30.403363+00:00,,,,siga_live,False
loja_de_cidadao_de_alvaiazere,Registo veículos - Certidões / Inf.,2026-07-27T00:47:30.403363+00:00,,,,siga_live,False
loja_de_cidadao_de_leiria,Registo veículos - Certidões / Inf.,2026-07-27T00:47:30.403363+00:00,,,,siga_live,False
loja_de_cidadao_de_alvaiazere,Registo veículos - Pedido,2026-07-27T00:47:30.403363+00:00,,,,siga_live,False
loja_de_cidadao_da_batalha,Registo veículos - Pedido,2026-07-27T00:47:30.403363+00:00,,,,siga_live,False
loja_de_cidadao_de_leiria,Registo veículos - Pedido,2026-07-27T00:47:30.403363+00:00,,,,siga_live,False
loja_de_cidadao_de_leiria,Pagamento,2026-07-27T00:47:30.403363+00:00,,,,siga_live,False
loja_de_cidadao_de_campo_maior,Atendimento Geral/ General Attendance,2026-07-27T00:47:30.403363+00:00,,,,siga_live,False
loja_de_cidadao_de_campo_maior,Carta de Condução/ Driving License,2026-07-27T00:47:30.403363+00:00,,,,siga_live,False
loja_de_cidadao_de_campo_maior,Certificados de Aforro e Poupança/ Savings Certificates,2026-07-27T00:47:30.403363+00:00,,,,siga_live,False
loja_de_cidadao_de_campo_maior,Geral,2026-07-27T00:47:30.403363+00:00,,,,siga_live,False
loja_de_cidadao_de_campo_maior,Levantamento de NISS,2026-07-27T00:47:30.403363+00:00,,,,siga_live,False
loja_de_cidadao_de_campo_maior,Tesouraria,2026-07-27T00:47:30.403363+00:00,,,,siga_live,False
loja_de_cidadao_de_campo_maior,Cartão de Cidadão - Levantamento,2026-07-27T00:47:30.403363+00:00,,,,siga_live,False
loja_de_cidadao_de_campo_maior,Cartão de Cidadão - Outros,2026-07-27T00:47:30.403363+00:00,,,,siga_live,False
loja_de_cidadao_de_campo_maior,Cartão de Cidadão - Pedido/Renovação,2026-07-27T00:47:30.403363+00:00,,,,siga_live,False
loja_de_cidadao_de_campo_maior,Casa Pronta,2026-07-27T00:47:30.403363+00:00,,,,siga_live,False
loja_de_cidadao_de_campo_maior,Empresa na Hora / Marca / Associação / Cooperativa / Sucursal na Hora,2026-07-27T00:47:30.403363+00:00,,,,siga_live,False
loja_de_cidadao_de_campo_maior,Nacionalidade - Cidadão / Particulares,2026-07-27T00:47:30.403363+00:00,,,,siga_live,False
loja_de_cidadao_de_campo_maior,Passaporte - Levantamento / Inf.,2026-07-27T00:47:30.403363+00:00,,,,siga_live,False
loja_de_cidadao_de_campo_maior,Passaporte - Pedido,2026-07-27T00:47:30.403363+00:00,,,,siga_live,False
loja_de_cidadao_de_campo_maior,Registo Civil - Casamento / Divórcio/Separação / Outros processos especiais,2026-07-27T00:47:30.403363+00:00,,,,siga_live,False
loja_de_cidadao_de_campo_maior,Registo Civil - Certidões / Inf.,2026-07-27T00:47:30.403363+00:00,,,,siga_live,False
loja_de_cidadao_de_campo_maior,Registo Civil - Nascimento,2026-07-27T00:47:30.403363+00:00,,,,siga_live,False
loja_de_cidadao_de_campo_maior,Registo Civil - Óbito/Espaço Óbito,2026-07-27T00:47:30.403363+00:00,,,,siga_live,False
loja_de_cidadao_de_campo_maior,Registo Comercial - Certidões / Inf.,2026-07-27T00:47:30.403363+00:00,,,,siga_live,False
loja_de_cidadao_de_campo_maior,Registo Comercial - Pedido,2026-07-27T00:47:30.403363+00:00,,,,siga_live,False
loja_de_cidadao_de_campo_maior,Registo Predial - Certidões / Inf. ,2026-07-27T00:47:30.403363+00:00,,,,siga_live,False
loja_de_cidadao_de_campo_maior,Registo Predial - Pedido,2026-07-27T00:47:30.403363+00:00,,,,siga_live,False
loja_de_cidadao_de_campo_maior,Registo veículos - Pedido,2026-07-27T00:47:30.403363+00:00,,,,siga_live,False
loja_de_cidadao_de_santarem,Atendimento Geral,2026-07-27T00:47:30.403363+00:00,,,,siga_live,False
loja_de_cidadao_de_santarem,Pagamentos,2026-07-27T00:47:30.403363+00:00,,,,siga_live,False
loja_de_cidadao_de_torres_novas,Atendimento Geral,2026-07-27T00:47:30.403363+00:00,,,,siga_live,False
loja_de_cidadao_de_torres_novas,Contratação,2026-07-27T00:47:30.403363+00:00,,,,siga_live,False
loja_de_cidadao_de_torres_novas,Pagamentos,2026-07-27T00:47:30.403363+00:00,,,,siga_live,False
loja_de_cidadao_de_santarem,Venda de Produtos,2026-07-27T00:47:30.403363+00:00,,,,siga_live,False
loja_de_cidadao_de_abrantes,Atendimento com Marcação,2026-07-27T00:47:30.403363+00:00,0,,0,siga_live,True
loja_de_cidadao_de_macao,Atendimento com Marcação,2026-07-27T00:47:30.403363+00:00,0,,0,siga_live,True
loja_de_cidadao_de_santarem,Atendimento com Marcação,2026-07-27T00:47:30.403363+00:00,0,,0,siga_live,True
loja_de_cidadao_do_sardoal,Atendimento com Marcação,2026-07-27T00:47:30.403363+00:00,0,,0,siga_live,True
loja_de_cidadao_de_torres_novas,Atendimento com Marcação,2026-07-27T00:47:30.403363+00:00,0,,0,siga_live,True
loja_de_cidadao_de_abrantes,Atendimento Geral,2026-07-27T00:47:30.403363+00:00,,,,siga_live,False
loja_de_cidadao_de_macao,Atendimento Geral,2026-07-27T00:47:30.403363+00:00,,,,siga_live,False
loja_de_cidadao_do_sardoal,Atendimento Geral,2026-07-27T00:47:30.403363+00:00,,,,siga_live,False
loja_de_cidadao_de_abrantes,Contencioso,2026-07-27T00:47:30.403363+00:00,,,,siga_live,False
loja_de_cidadao_de_macao,Contencioso,2026-07-27T00:47:30.403363+00:00,,,,siga_live,False
loja_de_cidadao_de_santarem,Contencioso,2026-07-27T00:47:30.403363+00:00,,,,siga_live,False
loja_de_cidadao_do_sardoal,Contencioso,2026-07-27T00:47:30.403363+00:00,,,,siga_live,False
loja_de_cidadao_de_torres_novas,Contencioso,2026-07-27T00:47:30.403363+00:00,,,,siga_live,False
loja_de_cidadao_de_abrantes,Execuções Fiscais,2026-07-27T00:47:30.403363+00:00,,,,siga_live,False
loja_de_cidadao_de_macao,Execuções Fiscais,2026-07-27T00:47:30.403363+00:00,,,,siga_live,False
loja_de_cidadao_de_santarem,Execuções Fiscais,2026-07-27T00:47:30.403363+00:00,,,,siga_live,False
loja_de_cidadao_do_sardoal,Execuções Fiscais,2026-07-27T00:47:30.403363+00:00,,,,siga_live,False
loja_de_cidadao_de_torres_novas,Execuções Fiscais,2026-07-27T00:47:30.403363+00:00,,,,siga_live,False
loja_de_cidadao_de_macao,Pagamentos,2026-07-27T00:47:30.403363+00:00,,,,siga_live,False
loja_de_cidadao_do_sardoal,Pagamentos,2026-07-27T00:47:30.403363+00:00,,,,siga_live,False
loja_de_cidadao_de_abrantes,Património,2026-07-27T00:47:30.403363+00:00,,,,siga_live,False
loja_de_cidadao_de_macao,Património,2026-07-27T00:47:30.403363+00:00,,,,siga_live,False
loja_de_cidadao_de_santarem,Património,2026-07-27T00:47:30.403363+00:00,,,,siga_live,False
loja_de_cidadao_do_sardoal,Património,2026-07-27T00:47:30.403363+00:00,,,,siga_live,False
loja_de_cidadao_de_torres_novas,Património,2026-07-27T00:47:30.403363+00:00,,,,siga_live,False
loja_de_cidadao_de_abrantes,Rendimento,2026-07-27T00:47:30.403363+00:00,,,,siga_live,False
loja_de_cidadao_de_macao,Rendimento,2026-07-27T00:47:30.403363+00:00,,,,siga_live,False
loja_de_cidadao_de_santarem,Rendimento,2026-07-27T00:47:30.403363+00:00,,,,siga_live,False
loja_de_cidadao_do_sardoal,Rendimento,2026-07-27T00:47:30.403363+00:00,,,,siga_live,False
loja_de_cidadao_de_torres_novas,Rendimento,2026-07-27T00:47:30.403363+00:00,,,,siga_live,False
loja_de_cidadao_de_santarem,TAXAS E LICENÇAS - Atendimento Geral,2026-07-27T00:47:30.403363+00:00,,,,siga_live,False
loja_de_cidadao_de_santarem,URBANISMO - Atendimento Geral,2026-07-27T00:47:30.403363+00:00,,,,siga_live,False
loja_de_cidadao_de_santarem,URBANISMO - Informações Técnicas,2026-07-27T00:47:30.403363+00:00,,,,siga_live,False
loja_de_cidadao_de_abrantes,Câmara Municipal de Abrantes,2026-07-27T00:47:30.403363+00:00,,,,siga_live,False
loja_de_cidadao_de_abrantes,Serviços Municipalizados de Abrantes,2026-07-27T00:47:30.403363+00:00,,,,siga_live,False
loja_de_cidadao_de_rio_maior,Carta de Condução/ Driving License,2026-07-27T00:47:30.403363+00:00,,,,siga_live,False
loja_de_cidadao_de_rio_maior,Espaço Cidadão/ Citizen Spot,2026-07-27T00:47:30.403363+00:00,,,,siga_live,False
loja_de_cidadao_de_abrantes,Atendimento Geral/ General Attendance,2026-07-27T00:47:30.403363+00:00,,,,siga_live,False
loja_de_cidadao_de_macao,Atendimento Geral/ General Attendance,2026-07-27T00:47:30.403363+00:00,,,,siga_live,False
loja_de_cidadao_de_santarem,Atendimento Geral/ General Attendance,2026-07-27T00:47:30.403363+00:00,,,,siga_live,False
loja_de_cidadao_do_sardoal,Atendimento Geral/ General Attendance,2026-07-27T00:47:30.403363+00:00,,,,siga_live,False
loja_de_cidadao_de_santarem,Carta de Condução/ Driving License,2026-07-27T00:47:30.403363+00:00,,,,siga_live,False
loja_de_cidadao_de_abrantes,CIAC Infomação ao consumidor/ CIAC - Consumer Information,2026-07-27T00:47:30.403363+00:00,,,,siga_live,False
loja_de_cidadao_de_abrantes,SEF Certificados de Residência/ SEF - Residence Certificates,2026-07-27T00:47:30.403363+00:00,,,,siga_live,False
loja_de_cidadao_de_torres_novas,Cabine de Videochamada / Video call booth,2026-07-27T00:47:30.403363+00:00,,,,siga_live,False
loja_de_cidadao_de_torres_novas,Cartão de Cidadão Renovação maiores de 25 anos/ Citizen Card – Renewal for +25 years old,2026-07-27T00:47:30.403363+00:00,,,,siga_live,False
loja_de_cidadao_de_torres_novas,Espaço Cidadão/ Citizen Spot,2026-07-27T00:47:30.403363+00:00,,,,siga_live,False
loja_de_cidadao_de_torres_novas,Município de Torres Novas / Torres Novas Municipality,2026-07-27T00:47:30.403363+00:00,,,,siga_live,False
loja_de_cidadao_de_torres_novas,Urbanismo / Urbanism,2026-07-27T00:47:30.403363+00:00,,,,siga_live,False
loja_de_cidadao_de_santarem,Atendimento Geral Empresa,2026-07-27T00:47:30.403363+00:00,,,,siga_live,False
loja_de_cidadao_de_torres_novas,Atendimento Geral Empresa,2026-07-27T00:47:30.403363+00:00,,,,siga_live,False
loja_de_cidadao_de_santarem,Outros Assuntos,2026-07-27T00:47:30.403363+00:00,,,,siga_live,False
loja_de_cidadao_de_santarem,Recrutamento,2026-07-27T00:47:30.403363+00:00,,,,siga_live,False
loja_de_cidadao_de_santarem,Distribuição,2026-07-27T00:47:30.403363+00:00,,,,siga_live,False
loja_de_cidadao_de_santarem,Mercado Regulado,2026-07-27T00:47:30.403363+00:00,,,,siga_live,False
loja_de_cidadao_de_rio_maior,Atendimento Geral,2026-07-27T00:47:30.403363+00:00,,,,siga_live,False
loja_de_cidadao_de_santarem,Galp - Eletricidade e Gás Natural,2026-07-27T00:47:30.403363+00:00,,,,siga_live,False
loja_de_cidadao_de_santarem,Galp - Gás Propano,2026-07-27T00:47:30.403363+00:00,,,,siga_live,False
loja_de_cidadao_de_santarem,Condutores,2026-07-27T00:47:30.403363+00:00,,,,siga_live,False
loja_de_cidadao_de_santarem,Levantamento de Carta de Condução,2026-07-27T00:47:30.403363+00:00,,,,siga_live,False
loja_de_cidadao_de_santarem,Recolha de Imagem,2026-07-27T00:47:30.403363+00:00,,,,siga_live,False
loja_de_cidadao_de_santarem,Tacógrafo,2026-07-27T00:47:30.403363+00:00,,,,siga_live,False
loja_de_cidadao_de_santarem,Transportes,2026-07-27T00:47:30.403363+00:00,,,,siga_live,False
loja_de_cidadao_de_santarem,Troca Título Condução Estrangeiro,2026-07-27T00:47:30.403363+00:00,,,,siga_live,False
loja_de_cidadao_de_santarem,Veículos,2026-07-27T00:47:30.403363+00:00,,,,siga_live,False
loja_de_cidadao_do_sardoal,Acção Social,2026-07-27T00:47:30.403363+00:00,,,,siga_live,False
loja_de_cidadao_de_abrantes,Geral,2026-07-27T00:47:30.403363+00:00,,,,siga_live,False
loja_de_cidadao_de_rio_maior,Geral,2026-07-27T00:47:30.403363+00:00,,,,siga_live,False
loja_de_cidadao_do_sardoal,Geral,2026-07-27T00:47:30.403363+00:00,,,,siga_live,False
loja_de_cidadao_de_abrantes,Posto de serviços rápidos,2026-07-27T00:47:30.403363+00:00,,,,siga_live,False
loja_de_cidadao_de_rio_maior,Posto de serviços rápidos,2026-07-27T00:47:30.403363+00:00,,,,siga_live,False
loja_de_cidadao_do_sardoal,Posto de serviços rápidos,2026-07-27T00:47:30.403363+00:00,,,,siga_live,False
loja_de_cidadao_de_abrantes,Tesouraria,2026-07-27T00:47:30.403363+00:00,,,,siga_live,False
loja_de_cidadao_de_rio_maior,Tesouraria,2026-07-27T00:47:30.403363+00:00,,,,siga_live,False
loja_de_cidadao_do_sardoal,(Re)Inscrição; Prestação de desemprego ,2026-07-27T00:47:30.403363+00:00,,,,siga_live,False
loja_de_cidadao_do_sardoal,Atendimento de entidades,2026-07-27T00:47:30.403363+00:00,,,,siga_live,False
loja_de_cidadao_do_sardoal,Atendimento geral; Declarações; Atualizações,2026-07-27T00:47:30.403363+00:00,,,,siga_live,False
loja_de_cidadao_do_sardoal,Atendimento individual com convocatória,2026-07-27T00:47:30.403363+00:00,,,,siga_live,False
loja_de_cidadao_do_sardoal,Marcação de agendamento,2026-07-27T00:47:30.403363+00:00,,,,siga_live,False
loja_de_cidadao_do_sardoal,Oportunidades de emprego,2026-07-27T00:47:30.403363+00:00,,,,siga_live,False
loja_de_cidadao_do_sardoal,Oportunidades de formação e outros apoios,2026-07-27T00:47:30.403363+00:00,,,,siga_live,False
loja_de_cidadao_de_torres_novas, Certificados /Traduções / Procurações/ Reconhecimentos / Fotocópias/ Instrumentos/ Outros,2026-07-27T00:47:30.403363+00:00,,,,siga_live,False
loja_de_cidadao_de_macao,Cartão de Cidadão - Levantamento,2026-07-27T00:47:30.403363+00:00,,,,siga_live,False
loja_de_cidadao_de_rio_maior,Cartão de Cidadão - Levantamento,2026-07-27T00:47:30.403363+00:00,,,,siga_live,False
loja_de_cidadao_de_torres_novas,Cartão de Cidadão - Levantamento,2026-07-27T00:47:30.403363+00:00,,,,siga_live,False
loja_de_cidadao_de_macao,Cartão de Cidadão - Outros,2026-07-27T00:47:30.403363+00:00,,,,siga_live,False
loja_de_cidadao_de_rio_maior,Cartão de Cidadão - Outros,2026-07-27T00:47:30.403363+00:00,,,,siga_live,False
loja_de_cidadao_de_torres_novas,Cartão de Cidadão - Outros,2026-07-27T00:47:30.403363+00:00,,,,siga_live,False
loja_de_cidadao_de_macao,Cartão de Cidadão - Pedido/Renovação,2026-07-27T00:47:30.403363+00:00,,,,siga_live,False
loja_de_cidadao_de_rio_maior,Cartão de Cidadão - Pedido/Renovação,2026-07-27T00:47:30.403363+00:00,,,,siga_live,False
loja_de_cidadao_de_torres_novas,Cartão de Cidadão - Pedido/Renovação,2026-07-27T00:47:30.403363+00:00,,,,siga_live,False
loja_de_cidadao_de_macao,Casa Pronta,2026-07-27T00:47:30.403363+00:00,,,,siga_live,False
loja_de_cidadao_de_rio_maior,Casa Pronta,2026-07-27T00:47:30.403363+00:00,,,,siga_live,False
loja_de_cidadao_de_torres_novas,Casa Pronta,2026-07-27T00:47:30.403363+00:00,,,,siga_live,False
loja_de_cidadao_de_rio_maior,Empresa na Hora / Marca / Associação / Cooperativa / Sucursal na Hora,2026-07-27T00:47:30.403363+00:00,,,,siga_live,False
loja_de_cidadao_de_torres_novas,Empresa na Hora / Marca / Associação / Cooperativa / Sucursal na Hora,2026-07-27T00:47:30.403363+00:00,,,,siga_live,False
loja_de_cidadao_de_macao,Habilitação / Partilha de Herança / Partilha por divórcio,2026-07-27T00:47:30.403363+00:00,,,,siga_live,False
loja_de_cidadao_de_rio_maior,Habilitação / Partilha de Herança / Partilha por divórcio,2026-07-27T00:47:30.403363+00:00,,,,siga_live,False
loja_de_cidadao_de_macao,Nacionalidade - Cidadão / Particulares,2026-07-27T00:47:30.403363+00:00,,,,siga_live,False
loja_de_cidadao_de_torres_novas,Nacionalidade - Cidadão / Particulares,2026-07-27T00:47:30.403363+00:00,,,,siga_live,False
loja_de_cidadao_de_macao,Nacionalidade - Profissionais,2026-07-27T00:47:30.403363+00:00,,,,siga_live,False
loja_de_cidadao_de_macao,Passaporte - Levantamento / Inf.,2026-07-27T00:47:30.403363+00:00,,,,siga_live,False
loja_de_cidadao_de_rio_maior,Passaporte - Levantamento / Inf.,2026-07-27T00:47:30.403363+00:00,,,,siga_live,False
loja_de_cidadao_de_torres_novas,Passaporte - Levantamento / Inf.,2026-07-27T00:47:30.403363+00:00,,,,siga_live,False
loja_de_cidadao_de_macao,Passaporte - Pedido,2026-07-27T00:47:30.403363+00:00,,,,siga_live,False
loja_de_cidadao_de_rio_maior,Passaporte - Pedido,2026-07-27T00:47:30.403363+00:00,,,,siga_live,False
loja_de_cidadao_de_torres_novas,Passaporte - Pedido,2026-07-27T00:47:30.403363+00:00,,,,siga_live,False
loja_de_cidadao_de_macao,Registo Civil - Casamento / Divórcio/Separação / Outros processos especiais,2026-07-27T00:47:30.403363+00:00,,,,siga_live,False
loja_de_cidadao_de_rio_maior,Registo Civil - Casamento / Divórcio/Separação / Outros processos especiais,2026-07-27T00:47:30.403363+00:00,,,,siga_live,False
loja_de_cidadao_de_torres_novas,Registo Civil - Casamento / Divórcio/Separação / Outros processos especiais,2026-07-27T00:47:30.403363+00:00,,,,siga_live,False
loja_de_cidadao_de_macao,Registo Civil - Certidões / Inf.,2026-07-27T00:47:30.403363+00:00,,,,siga_live,False
loja_de_cidadao_de_rio_maior,Registo Civil - Certidões / Inf.,2026-07-27T00:47:30.403363+00:00,,,,siga_live,False
loja_de_cidadao_de_torres_novas,Registo Civil - Certidões / Inf.,2026-07-27T00:47:30.403363+00:00,,,,siga_live,False
loja_de_cidadao_de_macao,Registo Civil - Nascimento,2026-07-27T00:47:30.403363+00:00,,,,siga_live,False
loja_de_cidadao_de_rio_maior,Registo Civil - Nascimento,2026-07-27T00:47:30.403363+00:00,,,,siga_live,False
loja_de_cidadao_de_torres_novas,Registo Civil - Nascimento,2026-07-27T00:47:30.403363+00:00,,,,siga_live,False
loja_de_cidadao_de_macao,Registo Civil - Óbito/Espaço Óbito,2026-07-27T00:47:30.403363+00:00,,,,siga_live,False
loja_de_cidadao_de_rio_maior,Registo Civil - Óbito/Espaço Óbito,2026-07-27T00:47:30.403363+00:00,,,,siga_live,False
loja_de_cidadao_de_torres_novas,Registo Civil - Óbito/Espaço Óbito,2026-07-27T00:47:30.403363+00:00,,,,siga_live,False
loja_de_cidadao_de_macao,Registo Comercial - Certidões / Inf.,2026-07-27T00:47:30.403363+00:00,,,,siga_live,False
loja_de_cidadao_de_rio_maior,Registo Comercial - Certidões / Inf.,2026-07-27T00:47:30.403363+00:00,,,,siga_live,False
loja_de_cidadao_de_torres_novas,Registo Comercial - Certidões / Inf.,2026-07-27T00:47:30.403363+00:00,,,,siga_live,False
loja_de_cidadao_de_macao,Registo Comercial - Pedido,2026-07-27T00:47:30.403363+00:00,,,,siga_live,False
loja_de_cidadao_de_rio_maior,Registo Comercial - Pedido,2026-07-27T00:47:30.403363+00:00,,,,siga_live,False
loja_de_cidadao_de_torres_novas,Registo Comercial - Pedido,2026-07-27T00:47:30.403363+00:00,,,,siga_live,False
loja_de_cidadao_de_macao,Registo Predial - Certidões / Inf. ,2026-07-27T00:47:30.403363+00:00,,,,siga_live,False
loja_de_cidadao_de_rio_maior,Registo Predial - Certidões / Inf. ,2026-07-27T00:47:30.403363+00:00,,,,siga_live,False
loja_de_cidadao_de_torres_novas,Registo Predial - Certidões / Inf. ,2026-07-27T00:47:30.403363+00:00,,,,siga_live,False
loja_de_cidadao_de_macao,Registo Predial - Pedido,2026-07-27T00:47:30.403363+00:00,,,,siga_live,False
loja_de_cidadao_de_rio_maior,Registo Predial - Pedido,2026-07-27T00:47:30.403363+00:00,,,,siga_live,False
loja_de_cidadao_de_torres_novas,Registo Predial - Pedido,2026-07-27T00:47:30.403363+00:00,,,,siga_live,False
loja_de_cidadao_de_macao,Registo veículos - Pedido,2026-07-27T00:47:30.403363+00:00,,,,siga_live,False
loja_de_cidadao_de_rio_maior,Registo veículos - Pedido,2026-07-27T00:47:30.403363+00:00,,,,siga_live,False
loja_de_cidadao_de_torres_novas,Registo veículos - Pedido,2026-07-27T00:47:30.403363+00:00,,,,siga_live,False
loja_de_cidadao_de_rio_maior,Águas e Saneamento,2026-07-27T00:47:30.403363+00:00,,,,siga_live,False
loja_de_cidadao_de_rio_maior,Apoio ao Consumidor - DECO,2026-07-27T00:47:30.403363+00:00,,,,siga_live,False
loja_de_cidadao_de_rio_maior,Licenciamento de Festas,2026-07-27T00:47:30.403363+00:00,,,,siga_live,False
loja_de_cidadao_de_rio_maior,Medidas de Apoio,2026-07-27T00:47:30.403363+00:00,,,,siga_live,False
loja_de_cidadao_de_rio_maior,Obras Particulares,2026-07-27T00:47:30.403363+00:00,,,,siga_live,False
loja_de_cidadao_de_rio_maior,Pagamento de Serviços,2026-07-27T00:47:30.403363+00:00,,,,siga_live,False
loja_de_cidadao_do_sardoal,Atendimento e Tesouraria,2026-07-27T00:47:30.403363+00:00,,,,siga_live,False
loja_de_cidadao_do_barreiro,Acolhimento,2026-07-27T00:47:30.403363+00:00,,,,siga_live,False
loja_de_cidadao_do_barreiro,Atendimento com Marcação,2026-07-27T00:47:30.403363+00:00,0,,0,siga_live,True
loja_de_cidadao_do_seixal,Atendimento com Marcação,2026-07-27T00:47:30.403363+00:00,,,,siga_live,False
loja_de_cidadao_de_setubal,Atendimento com Marcação,2026-07-27T00:47:30.403363+00:00,,,,siga_live,False
loja_de_cidadao_do_seixal,Atendimento Geral,2026-07-27T00:47:30.403363+00:00,,,,siga_live,False
loja_de_cidadao_de_setubal,Atendimento Geral,2026-07-27T00:47:30.403363+00:00,,,,siga_live,False
loja_de_cidadao_do_barreiro,Contencioso,2026-07-27T00:47:30.403363+00:00,,,,siga_live,False
loja_de_cidadao_de_santiago_do_cacem,Contencioso,2026-07-27T00:47:30.403363+00:00,,,,siga_live,False
loja_de_cidadao_do_seixal,Contencioso,2026-07-27T00:47:30.403363+00:00,,,,siga_live,False
loja_de_cidadao_do_barreiro,Execuções Fiscais,2026-07-27T00:47:30.403363+00:00,,,,siga_live,False
loja_de_cidadao_de_santiago_do_cacem,Execuções Fiscais,2026-07-27T00:47:30.403363+00:00,,,,siga_live,False
loja_de_cidadao_do_seixal,Execuções Fiscais,2026-07-27T00:47:30.403363+00:00,,,,siga_live,False
loja_de_cidadao_do_barreiro,Pagamentos,2026-07-27T00:47:30.403363+00:00,,,,siga_live,False
loja_de_cidadao_de_santiago_do_cacem,Pagamentos,2026-07-27T00:47:30.403363+00:00,,,,siga_live,False
loja_de_cidadao_do_seixal,Pagamentos,2026-07-27T00:47:30.403363+00:00,,,,siga_live,False
loja_de_cidadao_do_barreiro,Património,2026-07-27T00:47:30.403363+00:00,,,,siga_live,False
loja_de_cidadao_de_santiago_do_cacem,Património,2026-07-27T00:47:30.403363+00:00,,,,siga_live,False
loja_de_cidadao_do_seixal,Património,2026-07-27T00:47:30.403363+00:00,,,,siga_live,False
loja_de_cidadao_do_barreiro,Rendimento,2026-07-27T00:47:30.403363+00:00,,,,siga_live,False
loja_de_cidadao_de_santiago_do_cacem,Rendimento,2026-07-27T00:47:30.403363+00:00,,,,siga_live,False
loja_de_cidadao_do_seixal,Rendimento,2026-07-27T00:47:30.403363+00:00,,,,siga_live,False
loja_de_cidadao_do_barreiro,Águas e Resíduos - Atendimento Geral,2026-07-27T00:47:30.403363+00:00,,,,siga_live,False
loja_de_cidadao_do_barreiro,Assuntos Gerais - Atendimento Geral,2026-07-27T00:47:30.403363+00:00,,,,siga_live,False
loja_de_cidadao_do_barreiro,Contraordenações,2026-07-27T00:47:30.403363+00:00,,,,siga_live,False
loja_de_cidadao_do_barreiro,Pagamento,2026-07-27T00:47:30.403363+00:00,,,,siga_live,False
loja_de_cidadao_do_barreiro,Urbanismo - Atendimento Geral,2026-07-27T00:47:30.403363+00:00,,,,siga_live,False
loja_de_cidadao_do_seixal,Contratos de água,2026-07-27T00:47:30.403363+00:00,,,,siga_live,False
loja_de_cidadao_do_seixal,Outros Assuntos,2026-07-27T00:47:30.403363+00:00,,,,siga_live,False
loja_de_cidadao_do_seixal,Pagamentos / Leituras de Água,2026-07-27T00:47:30.403363+00:00,,,,siga_live,False
loja_de_cidadao_do_seixal,Aplicações Financeiras,2026-07-27T00:47:30.403363+00:00,,,,siga_live,False
loja_de_cidadao_do_seixal,Envios Urgentes - CTT Expresso,2026-07-27T00:47:30.403363+00:00,,,,siga_live,False
loja_de_cidadao_de_setubal,Triagem,2026-07-27T00:47:30.403363+00:00,,,,siga_live,False
loja_de_cidadao_de_palmela_movel,Câmara Municipal (LMPalmela)/ Municipality,2026-07-27T00:47:30.403363+00:00,0,,0,siga_live,True
loja_de_cidadao_de_palmela_movel,Espaço Cidadão/ Citizen Spot,2026-07-27T00:47:30.403363+00:00,0,,0,siga_live,True
loja_de_cidadao_do_barreiro,Atendimento Geral/ General Attendance,2026-07-27T00:47:30.403363+00:00,,,,siga_live,False
loja_de_cidadao_de_pinhal_novo,Atendimento Geral/ General Attendance,2026-07-27T00:47:30.403363+00:00,,,,siga_live,False
loja_de_cidadao_de_santiago_do_cacem,Atendimento Geral/ General Attendance,2026-07-27T00:47:30.403363+00:00,,,,siga_live,False
loja_de_cidadao_do_seixal,Atendimento Geral/ General Attendance,2026-07-27T00:47:30.403363+00:00,,,,siga_live,False
loja_de_cidadao_de_setubal,Atendimento Geral/ General Attendance,2026-07-27T00:47:30.403363+00:00,,,,siga_live,False
loja_de_cidadao_do_barreiro,Carta de Condução/ Driving License,2026-07-27T00:47:30.403363+00:00,,,,siga_live,False
loja_de_cidadao_de_santiago_do_cacem,Carta de Condução/ Driving License,2026-07-27T00:47:30.403363+00:00,,,,siga_live,False
loja_de_cidadao_do_seixal,Carta de Condução/ Driving License,2026-07-27T00:47:30.403363+00:00,,,,siga_live,False
loja_de_cidadao_de_santiago_do_cacem,Cartão de Cidadão Renovação maiores de 25 anos/ Citizen Card – Renewal for +25 years old,2026-07-27T00:47:30.403363+00:00,,,,siga_live,False
loja_de_cidadao_do_seixal,Cartão de Cidadão Renovação maiores de 25 anos/ Citizen Card – Renewal for +25 years old,2026-07-27T00:47:30.403363+00:00,,,,siga_live,False
loja_de_cidadao_de_pinhal_novo,Certificados de Aforro e Poupança/ Savings Certificates,2026-07-27T00:47:30.403363+00:00,,,,siga_live,False
loja_de_cidadao_de_setubal,ID cidadão estrangeiro/ Foreign Citizen ID,2026-07-27T00:47:30.403363+00:00,,,,siga_live,False
loja_de_cidadao_de_setubal,Atendimento email,2026-07-27T00:47:30.403363+00:00,0,,0,siga_live,True
loja_de_cidadao_de_setubal,Atendimento Geral Empresa,2026-07-27T00:47:30.403363+00:00,,,,siga_live,False
loja_de_cidadao_de_setubal,Atendimento telefónico - Chamadas efetuadas,2026-07-27T00:47:30.403363+00:00,0,,0,siga_live,True
loja_de_cidadao_de_setubal,Atendimento telefónico - Chamadas recebidas,2026-07-27T00:47:30.403363+00:00,0,,0,siga_live,True
loja_de_cidadao_de_setubal,Empresa na Hora,2026-07-27T00:47:30.403363+00:00,,,,siga_live,False
loja_de_cidadao_do_seixal,Galp - Eletricidade e Gás Natural,2026-07-27T00:47:30.403363+00:00,,,,siga_live,False
loja_de_cidadao_de_setubal,Galp - Eletricidade e Gás Natural,2026-07-27T00:47:30.403363+00:00,,,,siga_live,False
loja_de_cidadao_do_seixal,Galp - Gás Propano,2026-07-27T00:47:30.403363+00:00,,,,siga_live,False
loja_de_cidadao_de_setubal,Galp - Gás Propano,2026-07-27T00:47:30.403363+00:00,,,,siga_live,False
loja_de_cidadao_de_pinhal_novo,Geral,2026-07-27T00:47:30.403363+00:00,,,,siga_live,False
loja_de_cidadao_de_santiago_do_cacem,Geral,2026-07-27T00:47:30.403363+00:00,,,,siga_live,False
loja_de_cidadao_do_seixal,Geral,2026-07-27T00:47:30.403363+00:00,,,,siga_live,False
loja_de_cidadao_de_setubal,Geral,2026-07-27T00:47:30.403363+00:00,,,,siga_live,False
loja_de_cidadao_de_pinhal_novo,Levantamento de NISS,2026-07-27T00:47:30.403363+00:00,,,,siga_live,False
loja_de_cidadao_de_santiago_do_cacem,Levantamento de NISS,2026-07-27T00:47:30.403363+00:00,,,,siga_live,False
loja_de_cidadao_do_seixal,Levantamento de NISS,2026-07-27T00:47:30.403363+00:00,,,,siga_live,False
loja_de_cidadao_do_seixal,Posto de serviços rápidos,2026-07-27T00:47:30.403363+00:00,,,,siga_live,False
loja_de_cidadao_de_santiago_do_cacem,Tesouraria,2026-07-27T00:47:30.403363+00:00,,,,siga_live,False
loja_de_cidadao_de_santiago_do_cacem,Triagem Qualificada,2026-07-27T00:47:30.403363+00:00,,,,siga_live,False
loja_de_cidadao_de_santiago_do_cacem,(Re)Inscrição; Prestação de desemprego ,2026-07-27T00:47:30.403363+00:00,,,,siga_live,False
loja_de_cidadao_de_santiago_do_cacem,Atendimento de entidades,2026-07-27T00:47:30.403363+00:00,,,,siga_live,False
loja_de_cidadao_de_santiago_do_cacem,Atendimento geral; Declarações; Atualizações,2026-07-27T00:47:30.403363+00:00,,,,siga_live,False
loja_de_cidadao_de_santiago_do_cacem,Atendimento individual com convocatória,2026-07-27T00:47:30.403363+00:00,,,,siga_live,False
loja_de_cidadao_de_santiago_do_cacem,Marcação de agendamento,2026-07-27T00:47:30.403363+00:00,,,,siga_live,False
loja_de_cidadao_de_santiago_do_cacem,Oportunidades de emprego,2026-07-27T00:47:30.403363+00:00,,,,siga_live,False
loja_de_cidadao_de_santiago_do_cacem,Oportunidades de formação e outros apoios,2026-07-27T00:47:30.403363+00:00,,,,siga_live,False
loja_de_cidadao_do_barreiro,Cartão de Cidadão - Levantamento,2026-07-27T00:47:30.403363+00:00,,,,siga_live,False
loja_de_cidadao_de_pinhal_novo,Cartão de Cidadão - Levantamento,2026-07-27T00:47:30.403363+00:00,0,,0,siga_live,True
loja_de_cidadao_do_seixal,Cartão de Cidadão - Levantamento,2026-07-27T00:47:30.403363+00:00,,,,siga_live,False
loja_de_cidadao_de_setubal,Cartão de Cidadão - Levantamento,2026-07-27T00:47:30.403363+00:00,,,,siga_live,False
loja_de_cidadao_do_barreiro,Cartão de Cidadão - Outros,2026-07-27T00:47:30.403363+00:00,,,,siga_live,False
loja_de_cidadao_de_pinhal_novo,Cartão de Cidadão - Outros,2026-07-27T00:47:30.403363+00:00,0,,0,siga_live,True
loja_de_cidadao_do_seixal,Cartão de Cidadão - Outros,2026-07-27T00:47:30.403363+00:00,,,,siga_live,False
loja_de_cidadao_de_setubal,Cartão de Cidadão - Outros,2026-07-27T00:47:30.403363+00:00,,,,siga_live,False
loja_de_cidadao_do_barreiro,Cartão de Cidadão - Pedido/Renovação,2026-07-27T00:47:30.403363+00:00,,,,siga_live,False
loja_de_cidadao_de_pinhal_novo,Cartão de Cidadão - Pedido/Renovação,2026-07-27T00:47:30.403363+00:00,0,,0,siga_live,True
loja_de_cidadao_do_seixal,Cartão de Cidadão - Pedido/Renovação,2026-07-27T00:47:30.403363+00:00,,,,siga_live,False
loja_de_cidadao_de_setubal,Cartão de Cidadão - Pedido/Renovação,2026-07-27T00:47:30.403363+00:00,,,,siga_live,False
loja_de_cidadao_do_seixal,Casa Pronta,2026-07-27T00:47:30.403363+00:00,,,,siga_live,False
loja_de_cidadao_do_seixal,Habilitação / Partilha de Herança / Partilha por divórcio,2026-07-27T00:47:30.403363+00:00,,,,siga_live,False
loja_de_cidadao_do_barreiro,Passaporte - Levantamento / Inf.,2026-07-27T00:47:30.403363+00:00,,,,siga_live,False
loja_de_cidadao_do_seixal,Passaporte - Levantamento / Inf.,2026-07-27T00:47:30.403363+00:00,,,,siga_live,False
loja_de_cidadao_de_setubal,Passaporte - Levantamento / Inf.,2026-07-27T00:47:30.403363+00:00,,,,siga_live,False
loja_de_cidadao_do_barreiro,Passaporte - Pedido,2026-07-27T00:47:30.403363+00:00,,,,siga_live,False
loja_de_cidadao_do_seixal,Passaporte - Pedido,2026-07-27T00:47:30.403363+00:00,,,,siga_live,False
loja_de_cidadao_de_setubal,Passaporte - Pedido,2026-07-27T00:47:30.403363+00:00,,,,siga_live,False
loja_de_cidadao_de_setubal,Registo Civil - Certidões / Inf.,2026-07-27T00:47:30.403363+00:00,,,,siga_live,False
loja_de_cidadao_de_setubal,Registo Comercial - Certidões / Inf.,2026-07-27T00:47:30.403363+00:00,,,,siga_live,False
loja_de_cidadao_do_seixal,Registo Predial - Certidões / Inf. ,2026-07-27T00:47:30.403363+00:00,,,,siga_live,False
loja_de_cidadao_de_setubal,Registo Predial - Certidões / Inf. ,2026-07-27T00:47:30.403363+00:00,,,,siga_live,False
loja_de_cidadao_do_seixal,Registo Predial - Pedido,2026-07-27T00:47:30.403363+00:00,,,,siga_live,False
loja_de_cidadao_do_seixal,Registo veículos - Certidões / Inf.,2026-07-27T00:47:30.403363+00:00,,,,siga_live,False
loja_de_cidadao_de_setubal,Registo veículos - Certidões / Inf.,2026-07-27T00:47:30.403363+00:00,,,,siga_live,False
loja_de_cidadao_do_seixal,Registo veículos - Pedido,2026-07-27T00:47:30.403363+00:00,,,,siga_live,False
loja_de_cidadao_de_setubal,Registo veículos - Pedido,2026-07-27T00:47:30.403363+00:00,,,,siga_live,False
loja_de_cidadao_de_pinhal_novo,Atendimento Geral,2026-07-27T00:47:30.403363+00:00,,,,siga_live,False
loja_de_cidadao_de_pinhal_novo,Entrada de requerimentos,2026-07-27T00:47:30.403363+00:00,,,,siga_live,False
loja_de_cidadao_de_pinhal_novo,Outros pagamentos,2026-07-27T00:47:30.403363+00:00,,,,siga_live,False
loja_de_cidadao_de_pinhal_novo,Pagamento consumos de água,2026-07-27T00:47:30.403363+00:00,,,,siga_live,False
loja_de_cidadao_de_pinhal_novo,Urbanismo,2026-07-27T00:47:30.403363+00:00,,,,siga_live,False
loja_de_cidadao_do_barreiro,Cartão Navegante,2026-07-27T00:47:30.403363+00:00,,,,siga_live,False
loja_de_cidadao_do_barreiro,Títulos de Transporte,2026-07-27T00:47:30.403363+00:00,,,,siga_live,False
loja_de_cidadao_de_ponte_da_barca,Atendimento Geral/ General Attendance,2026-07-27T00:47:30.403363+00:00,,,,siga_live,False
loja_de_cidadao_de_ponte_da_barca,Certificados de Aforro e Poupança/ Savings Certificates,2026-07-27T00:47:30.403363+00:00,,,,siga_live,False
loja_de_cidadao_de_ponte_da_barca,Cartão de Cidadão - Levantamento,2026-07-27T00:47:30.403363+00:00,,,,siga_live,False
loja_de_cidadao_de_ponte_da_barca,Cartão de Cidadão - Outros,2026-07-27T00:47:30.403363+00:00,,,,siga_live,False
loja_de_cidadao_de_ponte_da_barca,Cartão de Cidadão - Pedido/Renovação,2026-07-27T00:47:30.403363+00:00,,,,siga_live,False
loja_de_cidadao_de_ponte_da_barca,Casa Pronta,2026-07-27T00:47:30.403363+00:00,,,,siga_live,False
loja_de_cidadao_de_ponte_da_barca,Empresa na Hora / Marca / Associação / Cooperativa / Sucursal na Hora,2026-07-27T00:47:30.403363+00:00,,,,siga_live,False
loja_de_cidadao_de_ponte_da_barca,Nacionalidade - Cidadão / Particulares,2026-07-27T00:47:30.403363+00:00,,,,siga_live,False
loja_de_cidadao_de_ponte_da_barca,Passaporte - Levantamento / Inf.,2026-07-27T00:47:30.403363+00:00,,,,siga_live,False
loja_de_cidadao_de_ponte_da_barca,Passaporte - Pedido,2026-07-27T00:47:30.403363+00:00,,,,siga_live,False
loja_de_cidadao_de_ponte_da_barca,Registo Civil - Casamento / Divórcio/Separação / Outros processos especiais,2026-07-27T00:47:30.403363+00:00,,,,siga_live,False
loja_de_cidadao_de_ponte_da_barca,Registo Civil - Certidões / Inf.,2026-07-27T00:47:30.403363+00:00,,,,siga_live,False
loja_de_cidadao_de_ponte_da_barca,Registo Civil - Nascimento,2026-07-27T00:47:30.403363+00:00,,,,siga_live,False
loja_de_cidadao_de_ponte_da_barca,Registo Civil - Óbito/Espaço Óbito,2026-07-27T00:47:30.403363+00:00,,,,siga_live,False
loja_de_cidadao_de_ponte_da_barca,Registo Comercial - Certidões / Inf.,2026-07-27T00:47:30.403363+00:00,,,,siga_live,False
loja_de_cidadao_de_ponte_da_barca,Registo Comercial - Pedido,2026-07-27T00:47:30.403363+00:00,,,,siga_live,False
loja_de_cidadao_de_ponte_da_barca,Registo Predial - Certidões / Inf. ,2026-07-27T00:47:30.403363+00:00,,,,siga_live,False
loja_de_cidadao_de_ponte_da_barca,Registo Predial - Pedido,2026-07-27T00:47:30.403363+00:00,,,,siga_live,False
loja_de_cidadao_de_ponte_da_barca,Registo veículos - Pedido,2026-07-27T00:47:30.403363+00:00,,,,siga_live,False
loja_de_cidadao_de_montalegre,Atendimento com Marcação,2026-07-27T00:47:30.403363+00:00,0,,0,siga_live,True
loja_de_cidadao_de_valpacos,Atendimento com Marcação,2026-07-27T00:47:30.403363+00:00,0,,0,siga_live,True
loja_de_cidadao_de_vila_pouca_aguiar,Atendimento com Marcação,2026-07-27T00:47:30.403363+00:00,0,,0,siga_live,True
loja_de_cidadao_de_vila_real,Atendimento com Marcação,2026-07-27T00:47:30.403363+00:00,0,,0,siga_live,True
loja_de_cidadao_de_alijo,Contencioso,2026-07-27T00:47:30.403363+00:00,,,,siga_live,False
loja_de_cidadao_de_montalegre,Contencioso,2026-07-27T00:47:30.403363+00:00,,,,siga_live,False
loja_de_cidadao_de_ribeira_de_pena,Contencioso,2026-07-27T00:47:30.403363+00:00,,,,siga_live,False
loja_de_cidadao_de_valpacos,Contencioso,2026-07-27T00:47:30.403363+00:00,,,,siga_live,False
loja_de_cidadao_de_vila_pouca_aguiar,Contencioso,2026-07-27T00:47:30.403363+00:00,,,,siga_live,False
loja_de_cidadao_de_vila_real,Contencioso,2026-07-27T00:47:30.403363+00:00,,,,siga_live,False
loja_de_cidadao_de_alijo,Execuções Fiscais,2026-07-27T00:47:30.403363+00:00,,,,siga_live,False
loja_de_cidadao_de_montalegre,Execuções Fiscais,2026-07-27T00:47:30.403363+00:00,,,,siga_live,False
loja_de_cidadao_de_ribeira_de_pena,Execuções Fiscais,2026-07-27T00:47:30.403363+00:00,,,,siga_live,False
loja_de_cidadao_de_valpacos,Execuções Fiscais,2026-07-27T00:47:30.403363+00:00,,,,siga_live,False
loja_de_cidadao_de_vila_pouca_aguiar,Execuções Fiscais,2026-07-27T00:47:30.403363+00:00,,,,siga_live,False
loja_de_cidadao_de_vila_real,Execuções Fiscais,2026-07-27T00:47:30.403363+00:00,,,,siga_live,False
loja_de_cidadao_de_alijo,Pagamentos,2026-07-27T00:47:30.403363+00:00,,,,siga_live,False
loja_de_cidadao_de_montalegre,Pagamentos,2026-07-27T00:47:30.403363+00:00,,,,siga_live,False
loja_de_cidadao_de_ribeira_de_pena,Pagamentos,2026-07-27T00:47:30.403363+00:00,,,,siga_live,False
loja_de_cidadao_de_valpacos,Pagamentos,2026-07-27T00:47:30.403363+00:00,,,,siga_live,False
loja_de_cidadao_de_vila_pouca_aguiar,Pagamentos,2026-07-27T00:47:30.403363+00:00,,,,siga_live,False
loja_de_cidadao_de_vila_real,Pagamentos,2026-07-27T00:47:30.403363+00:00,,,,siga_live,False
loja_de_cidadao_de_alijo,Património,2026-07-27T00:47:30.403363+00:00,,,,siga_live,False
loja_de_cidadao_de_montalegre,Património,2026-07-27T00:47:30.403363+00:00,,,,siga_live,False
loja_de_cidadao_de_ribeira_de_pena,Património,2026-07-27T00:47:30.403363+00:00,,,,siga_live,False
loja_de_cidadao_de_valpacos,Património,2026-07-27T00:47:30.403363+00:00,,,,siga_live,False
loja_de_cidadao_de_vila_pouca_aguiar,Património,2026-07-27T00:47:30.403363+00:00,,,,siga_live,False
loja_de_cidadao_de_vila_real,Património,2026-07-27T00:47:30.403363+00:00,,,,siga_live,False
loja_de_cidadao_de_alijo,Rendimento,2026-07-27T00:47:30.403363+00:00,,,,siga_live,False
loja_de_cidadao_de_montalegre,Rendimento,2026-07-27T00:47:30.403363+00:00,,,,siga_live,False
loja_de_cidadao_de_ribeira_de_pena,Rendimento,2026-07-27T00:47:30.403363+00:00,,,,siga_live,False
loja_de_cidadao_de_valpacos,Rendimento,2026-07-27T00:47:30.403363+00:00,,,,siga_live,False
loja_de_cidadao_de_vila_pouca_aguiar,Rendimento,2026-07-27T00:47:30.403363+00:00,,,,siga_live,False
loja_de_cidadao_de_vila_real,Rendimento,2026-07-27T00:47:30.403363+00:00,,,,siga_live,False
loja_de_cidadao_de_ribeira_de_pena,Licenciamento,2026-07-27T00:47:30.403363+00:00,,,,siga_live,False
loja_de_cidadao_de_ribeira_de_pena,Tesouraria,2026-07-27T00:47:30.403363+00:00,,,,siga_live,False
loja_de_cidadao_de_valpacos,Atendimento Geral,2026-07-27T00:47:30.403363+00:00,,,,siga_live,False
loja_de_cidadao_de_valpacos,Gasóleo Agrícola,2026-07-27T00:47:30.403363+00:00,,,,siga_live,False
loja_de_cidadao_de_valpacos,Parcelário Agricola,2026-07-27T00:47:30.403363+00:00,,,,siga_live,False
loja_de_cidadao_de_valpacos,Pecuária,2026-07-27T00:47:30.403363+00:00,,,,siga_live,False
loja_de_cidadao_de_valpacos,Vinha,2026-07-27T00:47:30.403363+00:00,,,,siga_live,False
loja_de_cidadao_de_alijo,Atendimento Geral/ General Attendance,2026-07-27T00:47:30.403363+00:00,,,,siga_live,False
loja_de_cidadao_de_montalegre,Atendimento Geral/ General Attendance,2026-07-27T00:47:30.403363+00:00,,,,siga_live,False
loja_de_cidadao_de_murca,Atendimento Geral/ General Attendance,2026-07-27T00:47:30.403363+00:00,,,,siga_live,False
loja_de_cidadao_de_ribeira_de_pena,Atendimento Geral/ General Attendance,2026-07-27T00:47:30.403363+00:00,,,,siga_live,False
loja_de_cidadao_de_valpacos,Atendimento Geral/ General Attendance,2026-07-27T00:47:30.403363+00:00,,,,siga_live,False
loja_de_cidadao_de_vila_pouca_aguiar,Atendimento Geral/ General Attendance,2026-07-27T00:47:30.403363+00:00,,,,siga_live,False
loja_de_cidadao_de_vila_real,Atendimento Geral/ General Attendance,2026-07-27T00:47:30.403363+00:00,,,,siga_live,False
loja_de_cidadao_de_alijo,Carta de Condução/ Driving License,2026-07-27T00:47:30.403363+00:00,,,,siga_live,False
loja_de_cidadao_de_montalegre,Carta de Condução/ Driving License,2026-07-27T00:47:30.403363+00:00,,,,siga_live,False
loja_de_cidadao_de_murca,Carta de Condução/ Driving License,2026-07-27T00:47:30.403363+00:00,0,,0,siga_live,True
loja_de_cidadao_de_valpacos,Carta de Condução/ Driving License,2026-07-27T00:47:30.403363+00:00,,,,siga_live,False
loja_de_cidadao_de_alijo,Cartão de Cidadão Renovação maiores de 25 anos/ Citizen Card – Renewal for +25 years old,2026-07-27T00:47:30.403363+00:00,,,,siga_live,False
loja_de_cidadao_de_montalegre,Cartão de Cidadão Renovação maiores de 25 anos/ Citizen Card – Renewal for +25 years old,2026-07-27T00:47:30.403363+00:00,,,,siga_live,False
loja_de_cidadao_de_ribeira_de_pena,Cartão de Cidadão Renovação maiores de 25 anos/ Citizen Card – Renewal for +25 years old,2026-07-27T00:47:30.403363+00:00,,,,siga_live,False
loja_de_cidadao_de_vila_pouca_aguiar,Cartão de Cidadão Renovação maiores de 25 anos/ Citizen Card – Renewal for +25 years old,2026-07-27T00:47:30.403363+00:00,,,,siga_live,False
loja_de_cidadao_de_vila_real,Cartão de Cidadão Renovação maiores de 25 anos/ Citizen Card – Renewal for +25 years old,2026-07-27T00:47:30.403363+00:00,,,,siga_live,False
loja_de_cidadao_de_murca,Certificados de Aforro e Poupança/ Savings Certificates,2026-07-27T00:47:30.403363+00:00,,,,siga_live,False
loja_de_cidadao_de_murca,Municipio de Murça/ Murça Municipality,2026-07-27T00:47:30.403363+00:00,,,,siga_live,False
loja_de_cidadao_de_murca,Acção Social,2026-07-27T00:47:30.403363+00:00,0,,0,siga_live,True
loja_de_cidadao_de_alijo,Geral,2026-07-27T00:47:30.403363+00:00,,,,siga_live,False
loja_de_cidadao_de_montalegre,Geral,2026-07-27T00:47:30.403363+00:00,,,,siga_live,False
loja_de_cidadao_de_murca,Geral,2026-07-27T00:47:30.403363+00:00,,,,siga_live,False
loja_de_cidadao_de_ribeira_de_pena,Geral,2026-07-27T00:47:30.403363+00:00,,,,siga_live,False
loja_de_cidadao_de_murca,Levantamento de NISS,2026-07-27T00:47:30.403363+00:00,,,,siga_live,False
loja_de_cidadao_de_alijo,Tesouraria,2026-07-27T00:47:30.403363+00:00,,,,siga_live,False
loja_de_cidadao_de_montalegre,Tesouraria,2026-07-27T00:47:30.403363+00:00,,,,siga_live,False
loja_de_cidadao_de_murca,Tesouraria,2026-07-27T00:47:30.403363+00:00,,,,siga_live,False
loja_de_cidadao_de_montalegre, Certificados /Traduções / Procurações/ Reconhecimentos / Fotocópias/ Instrumentos/ Outros,2026-07-27T00:47:30.403363+00:00,,,,siga_live,False
loja_de_cidadao_de_murca, Certificados /Traduções / Procurações/ Reconhecimentos / Fotocópias/ Instrumentos/ Outros,2026-07-27T00:47:30.403363+00:00,,,,siga_live,False
loja_de_cidadao_de_ribeira_de_pena, Certificados /Traduções / Procurações/ Reconhecimentos / Fotocópias/ Instrumentos/ Outros,2026-07-27T00:47:30.403363+00:00,,,,siga_live,False
loja_de_cidadao_de_vila_pouca_aguiar, Certificados /Traduções / Procurações/ Reconhecimentos / Fotocópias/ Instrumentos/ Outros,2026-07-27T00:47:30.403363+00:00,,,,siga_live,False
loja_de_cidadao_de_vila_real, Certificados /Traduções / Procurações/ Reconhecimentos / Fotocópias/ Instrumentos/ Outros,2026-07-27T00:47:30.403363+00:00,,,,siga_live,False
loja_de_cidadao_de_montalegre,Cartão de Cidadão - Levantamento,2026-07-27T00:47:30.403363+00:00,,,,siga_live,False
loja_de_cidadao_de_murca,Cartão de Cidadão - Levantamento,2026-07-27T00:47:30.403363+00:00,,,,siga_live,False
loja_de_cidadao_de_ribeira_de_pena,Cartão de Cidadão - Levantamento,2026-07-27T00:47:30.403363+00:00,,,,siga_live,False
loja_de_cidadao_de_vila_pouca_aguiar,Cartão de Cidadão - Levantamento,2026-07-27T00:47:30.403363+00:00,,,,siga_live,False
loja_de_cidadao_de_vila_real,Cartão de Cidadão - Levantamento,2026-07-27T00:47:30.403363+00:00,,,,siga_live,False
loja_de_cidadao_de_montalegre,Cartão de Cidadão - Outros,2026-07-27T00:47:30.403363+00:00,,,,siga_live,False
loja_de_cidadao_de_murca,Cartão de Cidadão - Outros,2026-07-27T00:47:30.403363+00:00,,,,siga_live,False
loja_de_cidadao_de_ribeira_de_pena,Cartão de Cidadão - Outros,2026-07-27T00:47:30.403363+00:00,,,,siga_live,False
loja_de_cidadao_de_vila_pouca_aguiar,Cartão de Cidadão - Outros,2026-07-27T00:47:30.403363+00:00,,,,siga_live,False
loja_de_cidadao_de_vila_real,Cartão de Cidadão - Outros,2026-07-27T00:47:30.403363+00:00,,,,siga_live,False
loja_de_cidadao_de_montalegre,Cartão de Cidadão - Pedido/Renovação,2026-07-27T00:47:30.403363+00:00,,,,siga_live,False
loja_de_cidadao_de_murca,Cartão de Cidadão - Pedido/Renovação,2026-07-27T00:47:30.403363+00:00,,,,siga_live,False
loja_de_cidadao_de_ribeira_de_pena,Cartão de Cidadão - Pedido/Renovação,2026-07-27T00:47:30.403363+00:00,,,,siga_live,False
loja_de_cidadao_de_vila_pouca_aguiar,Cartão de Cidadão - Pedido/Renovação,2026-07-27T00:47:30.403363+00:00,,,,siga_live,False
loja_de_cidadao_de_vila_real,Cartão de Cidadão - Pedido/Renovação,2026-07-27T00:47:30.403363+00:00,,,,siga_live,False
loja_de_cidadao_de_montalegre,Casa Pronta,2026-07-27T00:47:30.403363+00:00,,,,siga_live,False
loja_de_cidadao_de_murca,Casa Pronta,2026-07-27T00:47:30.403363+00:00,,,,siga_live,False
loja_de_cidadao_de_vila_pouca_aguiar,Casa Pronta,2026-07-27T00:47:30.403363+00:00,,,,siga_live,False
loja_de_cidadao_de_vila_real,Casa Pronta,2026-07-27T00:47:30.403363+00:00,,,,siga_live,False
loja_de_cidadao_de_montalegre,Empresa na Hora / Marca / Associação / Cooperativa / Sucursal na Hora,2026-07-27T00:47:30.403363+00:00,,,,siga_live,False
loja_de_cidadao_de_murca,Empresa na Hora / Marca / Associação / Cooperativa / Sucursal na Hora,2026-07-27T00:47:30.403363+00:00,,,,siga_live,False
loja_de_cidadao_de_vila_pouca_aguiar,Empresa na Hora / Marca / Associação / Cooperativa / Sucursal na Hora,2026-07-27T00:47:30.403363+00:00,,,,siga_live,False
loja_de_cidadao_de_vila_real,Empresa na Hora / Marca / Associação / Cooperativa / Sucursal na Hora,2026-07-27T00:47:30.403363+00:00,,,,siga_live,False
loja_de_cidadao_de_montalegre,Habilitação / Partilha de Herança / Partilha por divórcio,2026-07-27T00:47:30.403363+00:00,,,,siga_live,False
loja_de_cidadao_de_murca,Habilitação / Partilha de Herança / Partilha por divórcio,2026-07-27T00:47:30.403363+00:00,,,,siga_live,False
loja_de_cidadao_de_vila_pouca_aguiar,Habilitação / Partilha de Herança / Partilha por divórcio,2026-07-27T00:47:30.403363+00:00,,,,siga_live,False
loja_de_cidadao_de_vila_real,Habilitação / Partilha de Herança / Partilha por divórcio,2026-07-27T00:47:30.403363+00:00,,,,siga_live,False
loja_de_cidadao_de_montalegre,Nacionalidade - Cidadão / Particulares,2026-07-27T00:47:30.403363+00:00,,,,siga_live,False
loja_de_cidadao_de_vila_pouca_aguiar,Nacionalidade - Cidadão / Particulares,2026-07-27T00:47:30.403363+00:00,,,,siga_live,False
loja_de_cidadao_de_vila_real,Nacionalidade - Cidadão / Particulares,2026-07-27T00:47:30.403363+00:00,,,,siga_live,False
loja_de_cidadao_de_montalegre,Nacionalidade - Profissionais,2026-07-27T00:47:30.403363+00:00,,,,siga_live,False
loja_de_cidadao_de_vila_real,Nacionalidade - Profissionais,2026-07-27T00:47:30.403363+00:00,,,,siga_live,False
loja_de_cidadao_de_montalegre,Passaporte - Levantamento / Inf.,2026-07-27T00:47:30.403363+00:00,,,,siga_live,False
loja_de_cidadao_de_murca,Passaporte - Levantamento / Inf.,2026-07-27T00:47:30.403363+00:00,,,,siga_live,False
loja_de_cidadao_de_ribeira_de_pena,Passaporte - Levantamento / Inf.,2026-07-27T00:47:30.403363+00:00,,,,siga_live,False
loja_de_cidadao_de_vila_pouca_aguiar,Passaporte - Levantamento / Inf.,2026-07-27T00:47:30.403363+00:00,,,,siga_live,False
loja_de_cidadao_de_vila_real,Passaporte - Levantamento / Inf.,2026-07-27T00:47:30.403363+00:00,,,,siga_live,False
loja_de_cidadao_de_montalegre,Passaporte - Pedido,2026-07-27T00:47:30.403363+00:00,,,,siga_live,False
loja_de_cidadao_de_murca,Passaporte - Pedido,2026-07-27T00:47:30.403363+00:00,,,,siga_live,False
loja_de_cidadao_de_ribeira_de_pena,Passaporte - Pedido,2026-07-27T00:47:30.403363+00:00,,,,siga_live,False
loja_de_cidadao_de_vila_pouca_aguiar,Passaporte - Pedido,2026-07-27T00:47:30.403363+00:00,,,,siga_live,False
loja_de_cidadao_de_vila_real,Passaporte - Pedido,2026-07-27T00:47:30.403363+00:00,,,,siga_live,False
loja_de_cidadao_de_murca,Pessoas coletivas e entidades equiparadas,2026-07-27T00:47:30.403363+00:00,,,,siga_live,False
loja_de_cidadao_de_montalegre,Registo Civil - Casamento / Divórcio/Separação / Outros processos especiais,2026-07-27T00:47:30.403363+00:00,,,,siga_live,False
loja_de_cidadao_de_murca,Registo Civil - Casamento / Divórcio/Separação / Outros processos especiais,2026-07-27T00:47:30.403363+00:00,,,,siga_live,False
loja_de_cidadao_de_ribeira_de_pena,Registo Civil - Casamento / Divórcio/Separação / Outros processos especiais,2026-07-27T00:47:30.403363+00:00,,,,siga_live,False
loja_de_cidadao_de_vila_pouca_aguiar,Registo Civil - Casamento / Divórcio/Separação / Outros processos especiais,2026-07-27T00:47:30.403363+00:00,,,,siga_live,False
loja_de_cidadao_de_vila_real,Registo Civil - Casamento / Divórcio/Separação / Outros processos especiais,2026-07-27T00:47:30.403363+00:00,,,,siga_live,False
loja_de_cidadao_de_montalegre,Registo Civil - Certidões / Inf.,2026-07-27T00:47:30.403363+00:00,,,,siga_live,False
loja_de_cidadao_de_murca,Registo Civil - Certidões / Inf.,2026-07-27T00:47:30.403363+00:00,,,,siga_live,False
loja_de_cidadao_de_ribeira_de_pena,Registo Civil - Certidões / Inf.,2026-07-27T00:47:30.403363+00:00,,,,siga_live,False
loja_de_cidadao_de_vila_pouca_aguiar,Registo Civil - Certidões / Inf.,2026-07-27T00:47:30.403363+00:00,,,,siga_live,False
loja_de_cidadao_de_vila_real,Registo Civil - Certidões / Inf.,2026-07-27T00:47:30.403363+00:00,,,,siga_live,False
loja_de_cidadao_de_montalegre,Registo Civil - Nascimento,2026-07-27T00:47:30.403363+00:00,,,,siga_live,False
loja_de_cidadao_de_murca,Registo Civil - Nascimento,2026-07-27T00:47:30.403363+00:00,,,,siga_live,False
loja_de_cidadao_de_ribeira_de_pena,Registo Civil - Nascimento,2026-07-27T00:47:30.403363+00:00,,,,siga_live,False
loja_de_cidadao_de_vila_pouca_aguiar,Registo Civil - Nascimento,2026-07-27T00:47:30.403363+00:00,,,,siga_live,False
loja_de_cidadao_de_vila_real,Registo Civil - Nascimento,2026-07-27T00:47:30.403363+00:00,,,,siga_live,False
loja_de_cidadao_de_montalegre,Registo Civil - Óbito/Espaço Óbito,2026-07-27T00:47:30.403363+00:00,,,,siga_live,False
loja_de_cidadao_de_murca,Registo Civil - Óbito/Espaço Óbito,2026-07-27T00:47:30.403363+00:00,,,,siga_live,False
loja_de_cidadao_de_ribeira_de_pena,Registo Civil - Óbito/Espaço Óbito,2026-07-27T00:47:30.403363+00:00,,,,siga_live,False
loja_de_cidadao_de_vila_pouca_aguiar,Registo Civil - Óbito/Espaço Óbito,2026-07-27T00:47:30.403363+00:00,,,,siga_live,False
loja_de_cidadao_de_vila_real,Registo Civil - Óbito/Espaço Óbito,2026-07-27T00:47:30.403363+00:00,,,,siga_live,False
loja_de_cidadao_de_montalegre,Registo Comercial - Certidões / Inf.,2026-07-27T00:47:30.403363+00:00,,,,siga_live,False
loja_de_cidadao_de_murca,Registo Comercial - Certidões / Inf.,2026-07-27T00:47:30.403363+00:00,,,,siga_live,False
loja_de_cidadao_de_ribeira_de_pena,Registo Comercial - Certidões / Inf.,2026-07-27T00:47:30.403363+00:00,,,,siga_live,False
loja_de_cidadao_de_vila_pouca_aguiar,Registo Comercial - Certidões / Inf.,2026-07-27T00:47:30.403363+00:00,,,,siga_live,False
loja_de_cidadao_de_vila_real,Registo Comercial - Certidões / Inf.,2026-07-27T00:47:30.403363+00:00,,,,siga_live,False
loja_de_cidadao_de_montalegre,Registo Comercial - Pedido,2026-07-27T00:47:30.403363+00:00,,,,siga_live,False
loja_de_cidadao_de_murca,Registo Comercial - Pedido,2026-07-27T00:47:30.403363+00:00,,,,siga_live,False
loja_de_cidadao_de_ribeira_de_pena,Registo Comercial - Pedido,2026-07-27T00:47:30.403363+00:00,,,,siga_live,False
loja_de_cidadao_de_vila_pouca_aguiar,Registo Comercial - Pedido,2026-07-27T00:47:30.403363+00:00,,,,siga_live,False
loja_de_cidadao_de_vila_real,Registo Comercial - Pedido,2026-07-27T00:47:30.403363+00:00,,,,siga_live,False
loja_de_cidadao_de_montalegre,Registo Predial - Certidões / Inf. ,2026-07-27T00:47:30.403363+00:00,,,,siga_live,False
loja_de_cidadao_de_murca,Registo Predial - Certidões / Inf. ,2026-07-27T00:47:30.403363+00:00,,,,siga_live,False
loja_de_cidadao_de_ribeira_de_pena,Registo Predial - Certidões / Inf. ,2026-07-27T00:47:30.403363+00:00,,,,siga_live,False
loja_de_cidadao_de_vila_pouca_aguiar,Registo Predial - Certidões / Inf. ,2026-07-27T00:47:30.403363+00:00,,,,siga_live,False
loja_de_cidadao_de_vila_real,Registo Predial - Certidões / Inf. ,2026-07-27T00:47:30.403363+00:00,,,,siga_live,False
loja_de_cidadao_de_montalegre,Registo Predial - Pedido,2026-07-27T00:47:30.403363+00:00,,,,siga_live,False
loja_de_cidadao_de_murca,Registo Predial - Pedido,2026-07-27T00:47:30.403363+00:00,,,,siga_live,False
loja_de_cidadao_de_ribeira_de_pena,Registo Predial - Pedido,2026-07-27T00:47:30.403363+00:00,,,,siga_live,False
loja_de_cidadao_de_vila_pouca_aguiar,Registo Predial - Pedido,2026-07-27T00:47:30.403363+00:00,,,,siga_live,False
loja_de_cidadao_de_vila_real,Registo Predial - Pedido,2026-07-27T00:47:30.403363+00:00,,,,siga_live,False
loja_de_cidadao_de_montalegre,Registo veículos - Certidões / Inf.,2026-07-27T00:47:30.403363+00:00,,,,siga_live,False
loja_de_cidadao_de_ribeira_de_pena,Registo veículos - Certidões / Inf.,2026-07-27T00:47:30.403363+00:00,,,,siga_live,False
loja_de_cidadao_de_vila_pouca_aguiar,Registo veículos - Certidões / Inf.,2026-07-27T00:47:30.403363+00:00,,,,siga_live,False
loja_de_cidadao_de_vila_real,Registo veículos - Certidões / Inf.,2026-07-27T00:47:30.403363+00:00,,,,siga_live,False
loja_de_cidadao_de_montalegre,Registo veículos - Pedido,2026-07-27T00:47:30.403363+00:00,,,,siga_live,False
loja_de_cidadao_de_murca,Registo veículos - Pedido,2026-07-27T00:47:30.403363+00:00,,,,siga_live,False
loja_de_cidadao_de_ribeira_de_pena,Registo veículos - Pedido,2026-07-27T00:47:30.403363+00:00,,,,siga_live,False
loja_de_cidadao_de_vila_pouca_aguiar,Registo veículos - Pedido,2026-07-27T00:47:30.403363+00:00,,,,siga_live,False
loja_de_cidadao_de_vila_real,Registo veículos - Pedido,2026-07-27T00:47:30.403363+00:00,,,,siga_live,False
loja_de_cidadao_de_carregal_do_sal,Atendimento com Marcação,2026-07-27T00:47:30.403363+00:00,0,,0,siga_live,True
loja_de_cidadao_de_nelas,Atendimento com Marcação,2026-07-27T00:47:30.403363+00:00,0,,0,siga_live,True
loja_de_cidadao_de_oliveira_de_frades,Atendimento com Marcação,2026-07-27T00:47:30.403363+00:00,0,,0,siga_live,True
loja_de_cidadao_de_penalva_do_castelo,Atendimento com Marcação,2026-07-27T00:47:30.403363+00:00,0,,0,siga_live,True
loja_de_cidadao_de_satao,Atendimento com Marcação,2026-07-27T00:47:30.403363+00:00,0,,0,siga_live,True
loja_de_cidadao_de_viseu,Atendimento com Marcação,2026-07-27T00:47:30.403363+00:00,,,,siga_live,False
loja_de_cidadao_de_viseu,Atendimento Geral,2026-07-27T00:47:30.403363+00:00,,,,siga_live,False
loja_de_cidadao_de_carregal_do_sal,Contencioso,2026-07-27T00:47:30.403363+00:00,,,,siga_live,False
loja_de_cidadao_de_nelas,Contencioso,2026-07-27T00:47:30.403363+00:00,,,,siga_live,False
loja_de_cidadao_de_oliveira_de_frades,Contencioso,2026-07-27T00:47:30.403363+00:00,,,,siga_live,False
loja_de_cidadao_de_penalva_do_castelo,Contencioso,2026-07-27T00:47:30.403363+00:00,,,,siga_live,False
loja_de_cidadao_de_satao,Contencioso,2026-07-27T00:47:30.403363+00:00,,,,siga_live,False
loja_de_cidadao_de_carregal_do_sal,Execuções Fiscais,2026-07-27T00:47:30.403363+00:00,,,,siga_live,False
loja_de_cidadao_de_nelas,Execuções Fiscais,2026-07-27T00:47:30.403363+00:00,,,,siga_live,False
loja_de_cidadao_de_oliveira_de_frades,Execuções Fiscais,2026-07-27T00:47:30.403363+00:00,,,,siga_live,False
loja_de_cidadao_de_penalva_do_castelo,Execuções Fiscais,2026-07-27T00:47:30.403363+00:00,,,,siga_live,False
loja_de_cidadao_de_satao,Execuções Fiscais,2026-07-27T00:47:30.403363+00:00,,,,siga_live,False
loja_de_cidadao_de_carregal_do_sal,Pagamentos,2026-07-27T00:47:30.403363+00:00,,,,siga_live,False
loja_de_cidadao_de_nelas,Pagamentos,2026-07-27T00:47:30.403363+00:00,,,,siga_live,False
loja_de_cidadao_de_oliveira_de_frades,Pagamentos,2026-07-27T00:47:30.403363+00:00,,,,siga_live,False
loja_de_cidadao_de_penalva_do_castelo,Pagamentos,2026-07-27T00:47:30.403363+00:00,,,,siga_live,False
loja_de_cidadao_de_satao,Pagamentos,2026-07-27T00:47:30.403363+00:00,,,,siga_live,False
loja_de_cidadao_de_viseu,Pagamentos,2026-07-27T00:47:30.403363+00:00,,,,siga_live,False
loja_de_cidadao_de_carregal_do_sal,Património,2026-07-27T00:47:30.403363+00:00,,,,siga_live,False
loja_de_cidadao_de_nelas,Património,2026-07-27T00:47:30.403363+00:00,,,,siga_live,False
loja_de_cidadao_de_oliveira_de_frades,Património,2026-07-27T00:47:30.403363+00:00,,,,siga_live,False
loja_de_cidadao_de_penalva_do_castelo,Património,2026-07-27T00:47:30.403363+00:00,,,,siga_live,False
loja_de_cidadao_de_satao,Património,2026-07-27T00:47:30.403363+00:00,,,,siga_live,False
loja_de_cidadao_de_carregal_do_sal,Rendimento,2026-07-27T00:47:30.403363+00:00,,,,siga_live,False
loja_de_cidadao_de_nelas,Rendimento,2026-07-27T00:47:30.403363+00:00,,,,siga_live,False
loja_de_cidadao_de_oliveira_de_frades,Rendimento,2026-07-27T00:47:30.403363+00:00,,,,siga_live,False
loja_de_cidadao_de_penalva_do_castelo,Rendimento,2026-07-27T00:47:30.403363+00:00,,,,siga_live,False
loja_de_cidadao_de_satao,Rendimento,2026-07-27T00:47:30.403363+00:00,,,,siga_live,False
loja_de_cidadao_de_viseu,Triagem,2026-07-27T00:47:30.403363+00:00,,,,siga_live,False
loja_de_cidadao_de_carregal_do_sal,Atendimento Geral/ General Attendance,2026-07-27T00:47:30.403363+00:00,,,,siga_live,False
loja_de_cidadao_de_oliveira_de_frades,Atendimento Geral/ General Attendance,2026-07-27T00:47:30.403363+00:00,,,,siga_live,False
loja_de_cidadao_de_penalva_do_castelo,Atendimento Geral/ General Attendance,2026-07-27T00:47:30.403363+00:00,,,,siga_live,False
loja_de_cidadao_de_resende,Atendimento Geral/ General Attendance,2026-07-27T00:47:30.403363+00:00,,,,siga_live,False
loja_de_cidadao_de_satao,Atendimento Geral/ General Attendance,2026-07-27T00:47:30.403363+00:00,,,,siga_live,False
loja_de_cidadao_de_tarouca,Atendimento Geral/ General Attendance,2026-07-27T00:47:30.403363+00:00,,,,siga_live,False
loja_de_cidadao_de_viseu,Atendimento Geral/ General Attendance,2026-07-27T00:47:30.403363+00:00,,,,siga_live,False
loja_de_cidadao_de_resende,Certificados de Aforro e Poupança/ Savings Certificates,2026-07-27T00:47:30.403363+00:00,,,,siga_live,False
loja_de_cidadao_de_tarouca,Certificados de Aforro e Poupança/ Savings Certificates,2026-07-27T00:47:30.403363+00:00,,,,siga_live,False
loja_de_cidadao_de_viseu,Certificados de Aforro e Poupança/ Savings Certificates,2026-07-27T00:47:30.403363+00:00,,,,siga_live,False
loja_de_cidadao_de_nelas,Câmara Municipal de Nelas / Nelas Municipality,2026-07-27T00:47:30.403363+00:00,,,,siga_live,False
loja_de_cidadao_de_nelas,Espaço Cidadão/ Citizen Spot,2026-07-27T00:47:30.403363+00:00,,,,siga_live,False
loja_de_cidadao_de_viseu,Atendimento email,2026-07-27T00:47:30.403363+00:00,0,,0,siga_live,True
loja_de_cidadao_de_viseu,Atendimento Geral Empresa,2026-07-27T00:47:30.403363+00:00,,,,siga_live,False
loja_de_cidadao_de_viseu,Atendimento telefónico - Chamadas efetuadas,2026-07-27T00:47:30.403363+00:00,0,,0,siga_live,True
loja_de_cidadao_de_viseu,Atendimento telefónico - Chamadas recebidas,2026-07-27T00:47:30.403363+00:00,0,,0,siga_live,True
loja_de_cidadao_de_viseu,Empresa na Hora,2026-07-27T00:47:30.403363+00:00,,,,siga_live,False
loja_de_cidadao_de_viseu,Galp - Eletricidade e Gás Natural,2026-07-27T00:47:30.403363+00:00,,,,siga_live,False
loja_de_cidadao_de_viseu,Galp - Gás Propano,2026-07-27T00:47:30.403363+00:00,,,,siga_live,False
loja_de_cidadao_de_resende,Acção Social,2026-07-27T00:47:30.403363+00:00,0,,0,siga_live,True
loja_de_cidadao_de_tarouca,Acção Social,2026-07-27T00:47:30.403363+00:00,0,,0,siga_live,True
loja_de_cidadao_de_carregal_do_sal,Geral,2026-07-27T00:47:30.403363+00:00,,,,siga_live,False
loja_de_cidadao_de_nelas,Geral,2026-07-27T00:47:30.403363+00:00,,,,siga_live,False
loja_de_cidadao_de_penalva_do_castelo,Geral,2026-07-27T00:47:30.403363+00:00,,,,siga_live,False
loja_de_cidadao_de_resende,Geral,2026-07-27T00:47:30.403363+00:00,,,,siga_live,False
loja_de_cidadao_de_satao,Geral,2026-07-27T00:47:30.403363+00:00,,,,siga_live,False
loja_de_cidadao_de_tarouca,Geral,2026-07-27T00:47:30.403363+00:00,,,,siga_live,False
loja_de_cidadao_de_viseu,Geral,2026-07-27T00:47:30.403363+00:00,,,,siga_live,False
loja_de_cidadao_de_carregal_do_sal,Tesouraria,2026-07-27T00:47:30.403363+00:00,,,,siga_live,False
loja_de_cidadao_de_nelas,Tesouraria,2026-07-27T00:47:30.403363+00:00,,,,siga_live,False
loja_de_cidadao_de_penalva_do_castelo,Tesouraria,2026-07-27T00:47:30.403363+00:00,,,,siga_live,False
loja_de_cidadao_de_resende,Tesouraria,2026-07-27T00:47:30.403363+00:00,,,,siga_live,False
loja_de_cidadao_de_satao,Tesouraria,2026-07-27T00:47:30.403363+00:00,,,,siga_live,False
loja_de_cidadao_de_tarouca,Tesouraria,2026-07-27T00:47:30.403363+00:00,,,,siga_live,False
loja_de_cidadao_de_viseu,Construção,2026-07-27T00:47:30.403363+00:00,,,,siga_live,False
loja_de_cidadao_de_viseu,Imobiliário,2026-07-27T00:47:30.403363+00:00,,,,siga_live,False
loja_de_cidadao_de_viseu,Outros,2026-07-27T00:47:30.403363+00:00,,,,siga_live,False
loja_de_cidadao_de_oliveira_de_frades, Certificados /Traduções / Procurações/ Reconhecimentos / Fotocópias/ Instrumentos/ Outros,2026-07-27T00:47:30.403363+00:00,,,,siga_live,False
loja_de_cidadao_de_carregal_do_sal,Cartão de Cidadão - Levantamento,2026-07-27T00:47:30.403363+00:00,,,,siga_live,False
loja_de_cidadao_de_oliveira_de_frades,Cartão de Cidadão - Levantamento,2026-07-27T00:47:30.403363+00:00,,,,siga_live,False
loja_de_cidadao_de_penalva_do_castelo,Cartão de Cidadão - Levantamento,2026-07-27T00:47:30.403363+00:00,,,,siga_live,False
loja_de_cidadao_de_resende,Cartão de Cidadão - Levantamento,2026-07-27T00:47:30.403363+00:00,,,,siga_live,False
loja_de_cidadao_de_satao,Cartão de Cidadão - Levantamento,2026-07-27T00:47:30.403363+00:00,,,,siga_live,False
loja_de_cidadao_de_tarouca,Cartão de Cidadão - Levantamento,2026-07-27T00:47:30.403363+00:00,,,,siga_live,False
loja_de_cidadao_de_viseu,Cartão de Cidadão - Levantamento,2026-07-27T00:47:30.403363+00:00,,,,siga_live,False
loja_de_cidadao_de_carregal_do_sal,Cartão de Cidadão - Outros,2026-07-27T00:47:30.403363+00:00,,,,siga_live,False
loja_de_cidadao_de_oliveira_de_frades,Cartão de Cidadão - Outros,2026-07-27T00:47:30.403363+00:00,,,,siga_live,False
loja_de_cidadao_de_penalva_do_castelo,Cartão de Cidadão - Outros,2026-07-27T00:47:30.403363+00:00,,,,siga_live,False
loja_de_cidadao_de_resende,Cartão de Cidadão - Outros,2026-07-27T00:47:30.403363+00:00,,,,siga_live,False
loja_de_cidadao_de_satao,Cartão de Cidadão - Outros,2026-07-27T00:47:30.403363+00:00,,,,siga_live,False
loja_de_cidadao_de_tarouca,Cartão de Cidadão - Outros,2026-07-27T00:47:30.403363+00:00,,,,siga_live,False
loja_de_cidadao_de_viseu,Cartão de Cidadão - Outros,2026-07-27T00:47:30.403363+00:00,,,,siga_live,False
loja_de_cidadao_de_carregal_do_sal,Cartão de Cidadão - Pedido/Renovação,2026-07-27T00:47:30.403363+00:00,,,,siga_live,False
loja_de_cidadao_de_oliveira_de_frades,Cartão de Cidadão - Pedido/Renovação,2026-07-27T00:47:30.403363+00:00,,,,siga_live,False
loja_de_cidadao_de_penalva_do_castelo,Cartão de Cidadão - Pedido/Renovação,2026-07-27T00:47:30.403363+00:00,,,,siga_live,False
loja_de_cidadao_de_resende,Cartão de Cidadão - Pedido/Renovação,2026-07-27T00:47:30.403363+00:00,,,,siga_live,False
loja_de_cidadao_de_satao,Cartão de Cidadão - Pedido/Renovação,2026-07-27T00:47:30.403363+00:00,,,,siga_live,False
loja_de_cidadao_de_tarouca,Cartão de Cidadão - Pedido/Renovação,2026-07-27T00:47:30.403363+00:00,,,,siga_live,False
loja_de_cidadao_de_viseu,Cartão de Cidadão - Pedido/Renovação,2026-07-27T00:47:30.403363+00:00,,,,siga_live,False
loja_de_cidadao_de_carregal_do_sal,Casa Pronta,2026-07-27T00:47:30.403363+00:00,,,,siga_live,False
loja_de_cidadao_de_oliveira_de_frades,Casa Pronta,2026-07-27T00:47:30.403363+00:00,,,,siga_live,False
loja_de_cidadao_de_penalva_do_castelo,Casa Pronta,2026-07-27T00:47:30.403363+00:00,,,,siga_live,False
loja_de_cidadao_de_resende,Casa Pronta,2026-07-27T00:47:30.403363+00:00,,,,siga_live,False
loja_de_cidadao_de_satao,Casa Pronta,2026-07-27T00:47:30.403363+00:00,,,,siga_live,False
loja_de_cidadao_de_tarouca,Casa Pronta,2026-07-27T00:47:30.403363+00:00,,,,siga_live,False
loja_de_cidadao_de_oliveira_de_frades,Empresa na Hora / Marca / Associação / Cooperativa / Sucursal na Hora,2026-07-27T00:47:30.403363+00:00,,,,siga_live,False
loja_de_cidadao_de_resende,Empresa na Hora / Marca / Associação / Cooperativa / Sucursal na Hora,2026-07-27T00:47:30.403363+00:00,,,,siga_live,False
loja_de_cidadao_de_satao,Empresa na Hora / Marca / Associação / Cooperativa / Sucursal na Hora,2026-07-27T00:47:30.403363+00:00,,,,siga_live,False
loja_de_cidadao_de_tarouca,Empresa na Hora / Marca / Associação / Cooperativa / Sucursal na Hora,2026-07-27T00:47:30.403363+00:00,,,,siga_live,False
loja_de_cidadao_de_carregal_do_sal,Habilitação / Partilha de Herança / Partilha por divórcio,2026-07-27T00:47:30.403363+00:00,,,,siga_live,False
loja_de_cidadao_de_oliveira_de_frades,Habilitação / Partilha de Herança / Partilha por divórcio,2026-07-27T00:47:30.403363+00:00,,,,siga_live,False
loja_de_cidadao_de_penalva_do_castelo,Habilitação / Partilha de Herança / Partilha por divórcio,2026-07-27T00:47:30.403363+00:00,,,,siga_live,False
loja_de_cidadao_de_satao,Habilitação / Partilha de Herança / Partilha por divórcio,2026-07-27T00:47:30.403363+00:00,,,,siga_live,False
loja_de_cidadao_de_oliveira_de_frades,Nacionalidade - Cidadão / Particulares,2026-07-27T00:47:30.403363+00:00,,,,siga_live,False
loja_de_cidadao_de_penalva_do_castelo,Nacionalidade - Cidadão / Particulares,2026-07-27T00:47:30.403363+00:00,,,,siga_live,False
loja_de_cidadao_de_resende,Nacionalidade - Cidadão / Particulares,2026-07-27T00:47:30.403363+00:00,,,,siga_live,False
loja_de_cidadao_de_satao,Nacionalidade - Cidadão / Particulares,2026-07-27T00:47:30.403363+00:00,,,,siga_live,False
loja_de_cidadao_de_tarouca,Nacionalidade - Cidadão / Particulares,2026-07-27T00:47:30.403363+00:00,,,,siga_live,False
loja_de_cidadao_de_oliveira_de_frades,Nacionalidade - Profissionais,2026-07-27T00:47:30.403363+00:00,,,,siga_live,False
loja_de_cidadao_de_penalva_do_castelo,Nacionalidade - Profissionais,2026-07-27T00:47:30.403363+00:00,,,,siga_live,False
loja_de_cidadao_de_satao,Nacionalidade - Profissionais,2026-07-27T00:47:30.403363+00:00,,,,siga_live,False
loja_de_cidadao_de_carregal_do_sal,Passaporte - Levantamento / Inf.,2026-07-27T00:47:30.403363+00:00,,,,siga_live,False
loja_de_cidadao_de_oliveira_de_frades,Passaporte - Levantamento / Inf.,2026-07-27T00:47:30.403363+00:00,,,,siga_live,False
loja_de_cidadao_de_penalva_do_castelo,Passaporte - Levantamento / Inf.,2026-07-27T00:47:30.403363+00:00,,,,siga_live,False
loja_de_cidadao_de_resende,Passaporte - Levantamento / Inf.,2026-07-27T00:47:30.403363+00:00,,,,siga_live,False
loja_de_cidadao_de_satao,Passaporte - Levantamento / Inf.,2026-07-27T00:47:30.403363+00:00,,,,siga_live,False
loja_de_cidadao_de_tarouca,Passaporte - Levantamento / Inf.,2026-07-27T00:47:30.403363+00:00,,,,siga_live,False
loja_de_cidadao_de_viseu,Passaporte - Levantamento / Inf.,2026-07-27T00:47:30.403363+00:00,,,,siga_live,False
loja_de_cidadao_de_carregal_do_sal,Passaporte - Pedido,2026-07-27T00:47:30.403363+00:00,,,,siga_live,False
loja_de_cidadao_de_oliveira_de_frades,Passaporte - Pedido,2026-07-27T00:47:30.403363+00:00,,,,siga_live,False
loja_de_cidadao_de_penalva_do_castelo,Passaporte - Pedido,2026-07-27T00:47:30.403363+00:00,,,,siga_live,False
loja_de_cidadao_de_resende,Passaporte - Pedido,2026-07-27T00:47:30.403363+00:00,,,,siga_live,False
loja_de_cidadao_de_satao,Passaporte - Pedido,2026-07-27T00:47:30.403363+00:00,,,,siga_live,False
loja_de_cidadao_de_tarouca,Passaporte - Pedido,2026-07-27T00:47:30.403363+00:00,,,,siga_live,False
loja_de_cidadao_de_viseu,Passaporte - Pedido,2026-07-27T00:47:30.403363+00:00,,,,siga_live,False
loja_de_cidadao_de_carregal_do_sal,Registo Civil - Casamento / Divórcio/Separação / Outros processos especiais,2026-07-27T00:47:30.403363+00:00,,,,siga_live,False
loja_de_cidadao_de_oliveira_de_frades,Registo Civil - Casamento / Divórcio/Separação / Outros processos especiais,2026-07-27T00:47:30.403363+00:00,,,,siga_live,False
loja_de_cidadao_de_penalva_do_castelo,Registo Civil - Casamento / Divórcio/Separação / Outros processos especiais,2026-07-27T00:47:30.403363+00:00,,,,siga_live,False
loja_de_cidadao_de_resende,Registo Civil - Casamento / Divórcio/Separação / Outros processos especiais,2026-07-27T00:47:30.403363+00:00,,,,siga_live,False
loja_de_cidadao_de_satao,Registo Civil - Casamento / Divórcio/Separação / Outros processos especiais,2026-07-27T00:47:30.403363+00:00,,,,siga_live,False
loja_de_cidadao_de_tarouca,Registo Civil - Casamento / Divórcio/Separação / Outros processos especiais,2026-07-27T00:47:30.403363+00:00,,,,siga_live,False
loja_de_cidadao_de_carregal_do_sal,Registo Civil - Certidões / Inf.,2026-07-27T00:47:30.403363+00:00,,,,siga_live,False
loja_de_cidadao_de_oliveira_de_frades,Registo Civil - Certidões / Inf.,2026-07-27T00:47:30.403363+00:00,,,,siga_live,False
loja_de_cidadao_de_penalva_do_castelo,Registo Civil - Certidões / Inf.,2026-07-27T00:47:30.403363+00:00,,,,siga_live,False
loja_de_cidadao_de_resende,Registo Civil - Certidões / Inf.,2026-07-27T00:47:30.403363+00:00,,,,siga_live,False
loja_de_cidadao_de_satao,Registo Civil - Certidões / Inf.,2026-07-27T00:47:30.403363+00:00,,,,siga_live,False
loja_de_cidadao_de_tarouca,Registo Civil - Certidões / Inf.,2026-07-27T00:47:30.403363+00:00,,,,siga_live,False
loja_de_cidadao_de_viseu,Registo Civil - Certidões / Inf.,2026-07-27T00:47:30.403363+00:00,,,,siga_live,False
loja_de_cidadao_de_carregal_do_sal,Registo Civil - Nascimento,2026-07-27T00:47:30.403363+00:00,,,,siga_live,False
loja_de_cidadao_de_oliveira_de_frades,Registo Civil - Nascimento,2026-07-27T00:47:30.403363+00:00,,,,siga_live,False
loja_de_cidadao_de_penalva_do_castelo,Registo Civil - Nascimento,2026-07-27T00:47:30.403363+00:00,,,,siga_live,False
loja_de_cidadao_de_resende,Registo Civil - Nascimento,2026-07-27T00:47:30.403363+00:00,,,,siga_live,False
loja_de_cidadao_de_satao,Registo Civil - Nascimento,2026-07-27T00:47:30.403363+00:00,,,,siga_live,False
loja_de_cidadao_de_tarouca,Registo Civil - Nascimento,2026-07-27T00:47:30.403363+00:00,,,,siga_live,False
loja_de_cidadao_de_carregal_do_sal,Registo Civil - Óbito/Espaço Óbito,2026-07-27T00:47:30.403363+00:00,,,,siga_live,False
loja_de_cidadao_de_oliveira_de_frades,Registo Civil - Óbito/Espaço Óbito,2026-07-27T00:47:30.403363+00:00,,,,siga_live,False
loja_de_cidadao_de_penalva_do_castelo,Registo Civil - Óbito/Espaço Óbito,2026-07-27T00:47:30.403363+00:00,,,,siga_live,False
loja_de_cidadao_de_resende,Registo Civil - Óbito/Espaço Óbito,2026-07-27T00:47:30.403363+00:00,,,,siga_live,False
loja_de_cidadao_de_satao,Registo Civil - Óbito/Espaço Óbito,2026-07-27T00:47:30.403363+00:00,,,,siga_live,False
loja_de_cidadao_de_tarouca,Registo Civil - Óbito/Espaço Óbito,2026-07-27T00:47:30.403363+00:00,,,,siga_live,False
loja_de_cidadao_de_carregal_do_sal,Registo Comercial - Certidões / Inf.,2026-07-27T00:47:30.403363+00:00,,,,siga_live,False
loja_de_cidadao_de_oliveira_de_frades,Registo Comercial - Certidões / Inf.,2026-07-27T00:47:30.403363+00:00,,,,siga_live,False
loja_de_cidadao_de_penalva_do_castelo,Registo Comercial - Certidões / Inf.,2026-07-27T00:47:30.403363+00:00,,,,siga_live,False
loja_de_cidadao_de_resende,Registo Comercial - Certidões / Inf.,2026-07-27T00:47:30.403363+00:00,,,,siga_live,False
loja_de_cidadao_de_satao,Registo Comercial - Certidões / Inf.,2026-07-27T00:47:30.403363+00:00,,,,siga_live,False
loja_de_cidadao_de_tarouca,Registo Comercial - Certidões / Inf.,2026-07-27T00:47:30.403363+00:00,,,,siga_live,False
loja_de_cidadao_de_viseu,Registo Comercial - Certidões / Inf.,2026-07-27T00:47:30.403363+00:00,,,,siga_live,False
loja_de_cidadao_de_carregal_do_sal,Registo Comercial - Pedido,2026-07-27T00:47:30.403363+00:00,,,,siga_live,False
loja_de_cidadao_de_oliveira_de_frades,Registo Comercial - Pedido,2026-07-27T00:47:30.403363+00:00,,,,siga_live,False
loja_de_cidadao_de_penalva_do_castelo,Registo Comercial - Pedido,2026-07-27T00:47:30.403363+00:00,,,,siga_live,False
loja_de_cidadao_de_resende,Registo Comercial - Pedido,2026-07-27T00:47:30.403363+00:00,,,,siga_live,False
loja_de_cidadao_de_satao,Registo Comercial - Pedido,2026-07-27T00:47:30.403363+00:00,,,,siga_live,False
loja_de_cidadao_de_tarouca,Registo Comercial - Pedido,2026-07-27T00:47:30.403363+00:00,,,,siga_live,False
loja_de_cidadao_de_carregal_do_sal,Registo Predial - Certidões / Inf. ,2026-07-27T00:47:30.403363+00:00,,,,siga_live,False
loja_de_cidadao_de_oliveira_de_frades,Registo Predial - Certidões / Inf. ,2026-07-27T00:47:30.403363+00:00,,,,siga_live,False
loja_de_cidadao_de_penalva_do_castelo,Registo Predial - Certidões / Inf. ,2026-07-27T00:47:30.403363+00:00,,,,siga_live,False
loja_de_cidadao_de_resende,Registo Predial - Certidões / Inf. ,2026-07-27T00:47:30.403363+00:00,,,,siga_live,False
loja_de_cidadao_de_satao,Registo Predial - Certidões / Inf. ,2026-07-27T00:47:30.403363+00:00,,,,siga_live,False
loja_de_cidadao_de_tarouca,Registo Predial - Certidões / Inf. ,2026-07-27T00:47:30.403363+00:00,,,,siga_live,False
loja_de_cidadao_de_viseu,Registo Predial - Certidões / Inf. ,2026-07-27T00:47:30.403363+00:00,,,,siga_live,False
loja_de_cidadao_de_carregal_do_sal,Registo Predial - Pedido,2026-07-27T00:47:30.403363+00:00,,,,siga_live,False
loja_de_cidadao_de_oliveira_de_frades,Registo Predial - Pedido,2026-07-27T00:47:30.403363+00:00,,,,siga_live,False
loja_de_cidadao_de_penalva_do_castelo,Registo Predial - Pedido,2026-07-27T00:47:30.403363+00:00,,,,siga_live,False
loja_de_cidadao_de_resende,Registo Predial - Pedido,2026-07-27T00:47:30.403363+00:00,,,,siga_live,False
loja_de_cidadao_de_satao,Registo Predial - Pedido,2026-07-27T00:47:30.403363+00:00,,,,siga_live,False
loja_de_cidadao_de_tarouca,Registo Predial - Pedido,2026-07-27T00:47:30.403363+00:00,,,,siga_live,False
loja_de_cidadao_de_oliveira_de_frades,Registo veículos - Certidões / Inf.,2026-07-27T00:47:30.403363+00:00,,,,siga_live,False
loja_de_cidadao_de_viseu,Registo veículos - Certidões / Inf.,2026-07-27T00:47:30.403363+00:00,,,,siga_live,False
loja_de_cidadao_de_carregal_do_sal,Registo veículos - Pedido,2026-07-27T00:47:30.403363+00:00,,,,siga_live,False
loja_de_cidadao_de_oliveira_de_frades,Registo veículos - Pedido,2026-07-27T00:47:30.403363+00:00,,,,siga_live,False
loja_de_cidadao_de_penalva_do_castelo,Registo veículos - Pedido,2026-07-27T00:47:30.403363+00:00,,,,siga_live,False
loja_de_cidadao_de_resende,Registo veículos - Pedido,2026-07-27T00:47:30.403363+00:00,,,,siga_live,False
loja_de_cidadao_de_satao,Registo veículos - Pedido,2026-07-27T00:47:30.403363+00:00,,,,siga_live,False
loja_de_cidadao_de_tarouca,Registo veículos - Pedido,2026-07-27T00:47:30.403363+00:00,,,,siga_live,False
loja_de_cidadao_de_viseu,Registo veículos - Pedido,2026-07-27T00:47:30.403363+00:00,,,,siga_live,False
loja_de_cidadao_de_viseu,Atendimento Geral ,2026-07-27T00:47:30.403363+00:00,,,,siga_live,False
