branch_id,desk_service_id,raw_attempt_count,raw_wait_attempt_count,live_count,first_seen,last_seen,implausible_rate,proxy_weight,matches_proxy_vocabulary
loja_de_cidadao_de_coimbra,Atendimento telefónico - Chamadas efetuadas,59,59,59,2026-07-26 23:34:46.048292+00:00,2026-07-31 09:31:53.621411+00:00,0.0,0.2531645569620253,False
loja_de_cidadao_de_setubal,Atendimento telefónico - Chamadas efetuadas,59,59,59,2026-07-26 23:34:46.048292+00:00,2026-07-31 09:31:53.621411+00:00,0.0,0.2531645569620253,False
loja_de_cidadao_de_valpacos,Atendimento com Marcação,59,59,59,2026-07-26 23:34:46.048292+00:00,2026-07-31 09:31:53.621411+00:00,0.0,0.2531645569620253,True
loja_de_cidadao_de_torres_novas,Atendimento com Marcação,59,59,59,2026-07-26 23:34:46.048292+00:00,2026-07-31 09:31:53.621411+00:00,0.0,0.2531645569620253,True
loja_de_cidadao_de_castelo_de_paiva,Atendimento com Marcação,59,59,59,2026-07-26 23:34:46.048292+00:00,2026-07-31 09:31:53.621411+00:00,0.0,0.2531645569620253,True
loja_de_cidadao_de_tarouca,Acção Social,59,59,59,2026-07-26 23:34:46.048292+00:00,2026-07-31 09:31:53.621411+00:00,0.0,0.2531645569620253,True
loja_de_cidadao_de_coimbra,Atendimento com Marcação,59,59,59,2026-07-26 23:34:46.048292+00:00,2026-07-31 09:31:53.621411+00:00,0.0,0.2531645569620253,True
loja_de_cidadao_de_coimbra,Atendimento email,59,59,59,2026-07-26 23:34:46.048292+00:00,2026-07-31 09:31:53.621411+00:00,0.0,0.2531645569620253,False
loja_de_cidadao_do_cacem,Atendimentos Unidade de Gestão,59,59,59,2026-07-26 23:34:46.048292+00:00,2026-07-31 09:31:53.621411+00:00,0.0,0.2531645569620253,True
loja_de_cidadao_do_saldanha,Atendimento com Marcação,59,59,59,2026-07-26 23:34:46.048292+00:00,2026-07-31 09:31:53.621411+00:00,0.0,0.2531645569620253,True
loja_de_cidadao_de_coimbra,Atendimento telefónico - Chamadas recebidas,59,59,59,2026-07-26 23:34:46.048292+00:00,2026-07-31 09:31:53.621411+00:00,0.0,0.2531645569620253,True
loja_de_cidadao_de_setubal,Atendimento telefónico - Chamadas recebidas,59,59,59,2026-07-26 23:34:46.048292+00:00,2026-07-31 09:31:53.621411+00:00,0.0,0.2531645569620253,True
loja_de_cidadao_de_setubal,Atendimento email,59,59,59,2026-07-26 23:34:46.048292+00:00,2026-07-31 09:31:53.621411+00:00,0.0,0.2531645569620253,False
loja_de_cidadao_de_queluz,Atendimentos Unidade de Gestão,59,59,59,2026-07-26 23:34:46.048292+00:00,2026-07-31 09:31:53.621411+00:00,0.0,0.2531645569620253,True
loja_de_cidadao_de_esmoriz,Atendimento com Marcação,59,59,59,2026-07-26 23:34:46.048292+00:00,2026-07-31 09:31:53.621411+00:00,0.0,0.2531645569620253,True
loja_de_cidadao_de_serpa,Acção Social,59,59,59,2026-07-26 23:34:46.048292+00:00,2026-07-31 09:31:53.621411+00:00,0.0,0.2531645569620253,True
loja_de_cidadao_de_faro,Brexit,59,59,59,2026-07-26 23:34:46.048292+00:00,2026-07-31 09:31:53.621411+00:00,0.0,0.2531645569620253,True
loja_de_cidadao_de_satao,Atendimento com Marcação,59,59,59,2026-07-26 23:34:46.048292+00:00,2026-07-31 09:31:53.621411+00:00,0.0,0.2531645569620253,True
loja_de_cidadao_do_sardoal,Atendimento com Marcação,59,59,59,2026-07-26 23:34:46.048292+00:00,2026-07-31 09:31:53.621411+00:00,0.0,0.2531645569620253,True
loja_de_cidadao_de_felgueiras,Atendimento com Marcação,59,59,59,2026-07-26 23:34:46.048292+00:00,2026-07-31 09:31:53.621411+00:00,0.0,0.2531645569620253,True
loja_de_cidadao_de_santo_tirso,Atendimento com Marcação,59,59,59,2026-07-26 23:34:46.048292+00:00,2026-07-31 09:31:53.621411+00:00,0.0,0.2531645569620253,True
loja_de_cidadao_de_santarem,Atendimento com Marcação,59,59,59,2026-07-26 23:34:46.048292+00:00,2026-07-31 09:31:53.621411+00:00,0.0,0.2531645569620253,True
loja_de_cidadao_de_leiria,Atendimento com Marcação,59,59,59,2026-07-26 23:34:46.048292+00:00,2026-07-31 09:31:53.621411+00:00,0.0,0.2531645569620253,True
loja_de_cidadao_de_resende,Acção Social,59,59,59,2026-07-26 23:34:46.048292+00:00,2026-07-31 09:31:53.621411+00:00,0.0,0.2531645569620253,True
loja_de_cidadao_de_vila_de_rei,Atendimento com Marcação,59,59,59,2026-07-26 23:34:46.048292+00:00,2026-07-31 09:31:53.621411+00:00,0.0,0.2531645569620253,True
loja_de_cidadao_de_carregal_do_sal,Atendimento com Marcação,59,59,59,2026-07-26 23:34:46.048292+00:00,2026-07-31 09:31:53.621411+00:00,0.0,0.2531645569620253,True
loja_de_cidadao_de_vila_franca_de_xira,Atendimento com Marcação,59,59,59,2026-07-26 23:34:46.048292+00:00,2026-07-31 09:31:53.621411+00:00,0.0,0.2531645569620253,True
loja_de_cidadao_de_vila_nova_de_gaia,Atendimento com Marcação,59,59,59,2026-07-26 23:34:46.048292+00:00,2026-07-31 09:31:53.621411+00:00,0.0,0.2531645569620253,True
loja_de_cidadao_do_cacem,Atendimento Telefónico,59,59,59,2026-07-26 23:34:46.048292+00:00,2026-07-31 09:31:53.621411+00:00,0.0,0.2531645569620253,True
loja_de_cidadao_do_bombarral,Atendimento com Marcação,59,59,59,2026-07-26 23:34:46.048292+00:00,2026-07-31 09:31:53.621411+00:00,0.0,0.2531645569620253,True
loja_de_cidadao_de_ansiao,Atendimento com Marcação,59,59,59,2026-07-26 23:34:46.048292+00:00,2026-07-31 09:31:53.621411+00:00,0.0,0.2531645569620253,True
loja_de_cidadao_do_barreiro,Atendimento com Marcação,59,59,59,2026-07-26 23:34:46.048292+00:00,2026-07-31 09:31:53.621411+00:00,0.0,0.2531645569620253,True
loja_de_cidadao_de_arruda_dos_vinhos,Atendimento com Marcação,59,59,59,2026-07-26 23:34:46.048292+00:00,2026-07-31 09:31:53.621411+00:00,0.0,0.2531645569620253,True
loja_de_cidadao_de_viseu,Atendimento telefónico - Chamadas recebidas,59,59,59,2026-07-26 23:34:46.048292+00:00,2026-07-31 09:31:53.621411+00:00,0.0,0.2531645569620253,True
loja_de_cidadao_de_viseu,Atendimento telefónico - Chamadas efetuadas,59,59,59,2026-07-26 23:34:46.048292+00:00,2026-07-31 09:31:53.621411+00:00,0.0,0.2531645569620253,False
loja_de_cidadao_de_alvaiazere,Atendimento com Marcação,59,59,59,2026-07-26 23:34:46.048292+00:00,2026-07-31 09:31:53.621411+00:00,0.0,0.2531645569620253,True
loja_de_cidadao_de_viseu,Atendimento email,59,59,59,2026-07-26 23:34:46.048292+00:00,2026-07-31 09:31:53.621411+00:00,0.0,0.2531645569620253,False
loja_de_cidadao_de_belmonte,Atendimento com Marcação,59,59,59,2026-07-26 23:34:46.048292+00:00,2026-07-31 09:31:53.621411+00:00,0.0,0.2531645569620253,True
loja_de_cidadao_de_borba,Acção Social,59,59,59,2026-07-26 23:34:46.048292+00:00,2026-07-31 09:31:53.621411+00:00,0.0,0.2531645569620253,True
loja_de_cidadao_de_vila_velha_de_rodao,Atendimento com Marcação,59,59,59,2026-07-26 23:34:46.048292+00:00,2026-07-31 09:31:53.621411+00:00,0.0,0.2531645569620253,True
loja_de_cidadao_de_braga,Atendimento email,59,59,59,2026-07-26 23:34:46.048292+00:00,2026-07-31 09:31:53.621411+00:00,0.0,0.2531645569620253,False
loja_de_cidadao_do_porto,Atendimento email,59,59,59,2026-07-26 23:34:46.048292+00:00,2026-07-31 09:31:53.621411+00:00,0.0,0.2531645569620253,False
loja_de_cidadao_de_braga,Atendimento telefónico - Chamadas efetuadas,59,59,59,2026-07-26 23:34:46.048292+00:00,2026-07-31 09:31:53.621411+00:00,0.0,0.2531645569620253,False
loja_de_cidadao_de_braga,Atendimento telefónico - Chamadas recebidas,59,59,59,2026-07-26 23:34:46.048292+00:00,2026-07-31 09:31:53.621411+00:00,0.0,0.2531645569620253,True
loja_de_cidadao_do_porto,Atendimento telefónico - Chamadas efetuadas,59,59,59,2026-07-26 23:34:46.048292+00:00,2026-07-31 09:31:53.621411+00:00,0.0,0.2531645569620253,False
loja_de_cidadao_do_porto,Atendimento telefónico - Chamadas recebidas,59,59,59,2026-07-26 23:34:46.048292+00:00,2026-07-31 09:31:53.621411+00:00,0.0,0.2531645569620253,True
loja_de_cidadao_de_abrantes,Atendimento com Marcação,59,59,59,2026-07-26 23:34:46.048292+00:00,2026-07-31 09:31:53.621411+00:00,0.0,0.2531645569620253,True
loja_de_cidadao_de_vila_real,Atendimento com Marcação,59,59,59,2026-07-26 23:34:46.048292+00:00,2026-07-31 09:31:53.621411+00:00,0.0,0.2531645569620253,True
loja_de_cidadao_de_vila_pouca_aguiar,Atendimento com Marcação,59,59,59,2026-07-26 23:34:46.048292+00:00,2026-07-31 09:31:53.621411+00:00,0.0,0.2531645569620253,True
loja_de_cidadao_de_macao,Atendimento com Marcação,59,59,59,2026-07-26 23:34:46.048292+00:00,2026-07-31 09:31:53.621411+00:00,0.0,0.2531645569620253,True
loja_de_cidadao_do_cacem,Atendimento com Marcação,59,59,59,2026-07-26 23:34:46.048292+00:00,2026-07-31 09:31:53.621411+00:00,0.0,0.2531645569620253,True
loja_de_cidadao_de_queluz,Atendimento com Marcação,59,59,59,2026-07-26 23:34:46.048292+00:00,2026-07-31 09:31:53.621411+00:00,0.0,0.2531645569620253,True
loja_de_cidadao_de_odivelas,GAE - Gabinete de Apoio ao Emigrante,59,59,59,2026-07-26 23:34:46.048292+00:00,2026-07-31 09:31:53.621411+00:00,0.0,0.2531645569620253,True
loja_de_cidadao_de_palmela_movel,Câmara Municipal (LMPalmela)/ Municipality,59,59,59,2026-07-26 23:34:46.048292+00:00,2026-07-31 09:31:53.621411+00:00,0.0,0.2531645569620253,True
loja_de_cidadao_de_murca,Acção Social,59,59,59,2026-07-26 23:34:46.048292+00:00,2026-07-31 09:31:53.621411+00:00,0.0,0.2531645569620253,True
loja_de_cidadao_da_batalha,Atendimento com Marcação,59,59,59,2026-07-26 23:34:46.048292+00:00,2026-07-31 09:31:53.621411+00:00,0.0,0.2531645569620253,True
loja_de_cidadao_de_montalegre,Atendimento com Marcação,59,59,59,2026-07-26 23:34:46.048292+00:00,2026-07-31 09:31:53.621411+00:00,0.0,0.2531645569620253,True
loja_de_cidadao_do_vimioso,Atendimento com Marcação,59,59,59,2026-07-26 23:34:46.048292+00:00,2026-07-31 09:31:53.621411+00:00,0.0,0.2531645569620253,True
loja_de_cidadao_de_pinhal_novo,Cartão de Cidadão - Levantamento,59,59,59,2026-07-26 23:34:46.048292+00:00,2026-07-31 09:31:53.621411+00:00,0.0,0.2531645569620253,True
loja_de_cidadao_de_murca,Carta de Condução/ Driving License,59,59,59,2026-07-26 23:34:46.048292+00:00,2026-07-31 09:31:53.621411+00:00,0.0,0.2531645569620253,True
loja_de_cidadao_de_nelas,Atendimento com Marcação,59,59,59,2026-07-26 23:34:46.048292+00:00,2026-07-31 09:31:53.621411+00:00,0.0,0.2531645569620253,True
loja_de_cidadao_de_oliveira_de_frades,Atendimento com Marcação,59,59,59,2026-07-26 23:34:46.048292+00:00,2026-07-31 09:31:53.621411+00:00,0.0,0.2531645569620253,True
loja_de_cidadao_de_odivelas,Atendimento com Marcação,59,59,59,2026-07-26 23:34:46.048292+00:00,2026-07-31 09:31:53.621411+00:00,0.0,0.2531645569620253,True
loja_de_cidadao_de_pinhal_novo,Cartão de Cidadão - Outros,59,59,59,2026-07-26 23:34:46.048292+00:00,2026-07-31 09:31:53.621411+00:00,0.0,0.2531645569620253,True
loja_de_cidadao_de_penalva_do_castelo,Atendimento com Marcação,59,59,59,2026-07-26 23:34:46.048292+00:00,2026-07-31 09:31:53.621411+00:00,0.0,0.2531645569620253,True
loja_de_cidadao_de_pinhal_novo,Cartão de Cidadão - Pedido/Renovação,59,59,59,2026-07-26 23:34:46.048292+00:00,2026-07-31 09:31:53.621411+00:00,0.0,0.2531645569620253,True
loja_de_cidadao_de_odivelas,Cidadãos da Comunidade Europeia,59,59,59,2026-07-26 23:34:46.048292+00:00,2026-07-31 09:31:53.621411+00:00,0.0,0.2531645569620253,True
loja_de_cidadao_de_meda,Atendimento com Marcação,59,59,59,2026-07-26 23:34:46.048292+00:00,2026-07-31 09:31:53.621411+00:00,0.0,0.2531645569620253,True
loja_de_cidadao_de_palmela_movel,Espaço Cidadão/ Citizen Spot,59,59,59,2026-07-26 23:34:46.048292+00:00,2026-07-31 09:31:53.621411+00:00,0.0,0.2531645569620253,True
loja_de_cidadao_de_odivelas,Serviço do Cidadão,59,59,59,2026-07-26 23:34:46.048292+00:00,2026-07-31 09:31:53.621411+00:00,0.0,0.2531645569620253,True
loja_de_cidadao_de_queluz,Atendimento Telefónico,59,59,59,2026-07-26 23:34:46.048292+00:00,2026-07-31 09:31:53.621411+00:00,0.0,0.2531645569620253,True
loja_de_cidadao_de_mafra,Atendimento com Marcação,59,59,59,2026-07-26 23:34:46.048292+00:00,2026-07-31 09:31:53.621411+00:00,0.0,0.2531645569620253,True
loja_de_cidadao_da_anadia,Atendimento com Marcação,59,59,59,2026-07-26 23:34:46.048292+00:00,2026-07-31 09:31:53.621411+00:00,0.0,0.2531645569620253,True
loja_de_cidadao_de_aveiro,Atendimento com Marcação,58,58,58,2026-07-26 23:34:46.048292+00:00,2026-07-31 09:31:53.621411+00:00,0.0,0.2564102564102564,True
loja_de_cidadao_de_braga,Registo Comercial - Certidões / Inf.,59,44,44,2026-07-26 23:34:46.048292+00:00,2026-07-31 09:31:53.621411+00:00,0.0,0.3125,True
loja_de_cidadao_de_odivelas,Registo veículos - Certidões / Inf.,59,44,44,2026-07-26 23:34:46.048292+00:00,2026-07-31 09:31:53.621411+00:00,0.0,0.3125,True
loja_de_cidadao_de_odivelas,Eletricidade,59,44,44,2026-07-26 23:34:46.048292+00:00,2026-07-31 09:31:53.621411+00:00,0.0,0.3125,True
loja_de_cidadao_do_porto,Atendimento individual com convocatória,59,44,44,2026-07-26 23:34:46.048292+00:00,2026-07-31 09:31:53.621411+00:00,0.0,0.3125,True
loja_de_cidadao_de_viseu,Atendimento Geral Empresa,59,44,44,2026-07-26 23:34:46.048292+00:00,2026-07-31 09:31:53.621411+00:00,0.0,0.3125,False
loja_de_cidadao_das_laranjeiras,Eletricidade e Gás Natural,59,44,44,2026-07-26 23:34:46.048292+00:00,2026-07-31 09:31:53.621411+00:00,0.0,0.3125,True
loja_de_cidadao_de_odivelas,Registo Comercial - Certidões / Inf.,59,44,44,2026-07-26 23:34:46.048292+00:00,2026-07-31 09:31:53.621411+00:00,0.0,0.3125,True
loja_de_cidadao_das_laranjeiras,Entrega de Documentos,59,44,44,2026-07-26 23:34:46.048292+00:00,2026-07-31 09:31:53.621411+00:00,0.0,0.3125,True
loja_de_cidadao_de_odivelas,Registo Predial - Certidões / Inf. ,59,44,44,2026-07-26 23:34:46.048292+00:00,2026-07-31 09:31:53.621411+00:00,0.0,0.3125,False
loja_de_cidadao_do_porto,Pagamentos,59,44,44,2026-07-26 23:34:46.048292+00:00,2026-07-31 09:31:53.621411+00:00,0.0,0.3125,True
loja_de_cidadao_do_barreiro,Carta de Condução/ Driving License,59,44,44,2026-07-26 23:34:46.048292+00:00,2026-07-31 09:31:53.621411+00:00,0.0,0.3125,True
loja_de_cidadao_do_porto,Outros,59,44,44,2026-07-26 23:34:46.048292+00:00,2026-07-31 09:31:53.621411+00:00,0.0,0.3125,True
loja_de_cidadao_de_viseu,Galp - Gás Propano,59,44,44,2026-07-26 23:34:46.048292+00:00,2026-07-31 09:31:53.621411+00:00,0.0,0.3125,True
loja_de_cidadao_de_odivelas,Nacionalidade - Profissionais,59,44,44,2026-07-26 23:34:46.048292+00:00,2026-07-31 09:31:53.621411+00:00,0.0,0.3125,True
loja_de_cidadao_do_seixal,Execuções Fiscais,59,44,44,2026-07-26 23:34:46.048292+00:00,2026-07-31 09:31:53.621411+00:00,0.0,0.3125,True
loja_de_cidadao_de_viseu,Galp - Eletricidade e Gás Natural,59,44,44,2026-07-26 23:34:46.048292+00:00,2026-07-31 09:31:53.621411+00:00,0.0,0.3125,True
loja_de_cidadao_de_braga,Atendimento Geral Empresa,59,44,44,2026-07-26 23:34:46.048292+00:00,2026-07-31 09:31:53.621411+00:00,0.0,0.3125,False
loja_de_cidadao_de_odivelas,Cartão de Cidadão - Outros,59,44,44,2026-07-26 23:34:46.048292+00:00,2026-07-31 09:31:53.621411+00:00,0.0,0.3125,True
loja_de_cidadao_do_porto,Imobiliário,59,44,44,2026-07-26 23:34:46.048292+00:00,2026-07-31 09:31:53.621411+00:00,0.0,0.3125,True
loja_de_cidadao_do_porto,Galp - Gás Propano,59,44,44,2026-07-26 23:34:46.048292+00:00,2026-07-31 09:31:53.621411+00:00,0.0,0.3125,True
loja_de_cidadao_de_odivelas,Outros,59,44,44,2026-07-26 23:34:46.048292+00:00,2026-07-31 09:31:53.621411+00:00,0.0,0.3125,True
loja_de_cidadao_das_laranjeiras,Registo veículos - Certidões / Inf.,59,44,44,2026-07-26 23:34:46.048292+00:00,2026-07-31 09:31:53.621411+00:00,0.0,0.3125,True
loja_de_cidadao_de_braga,Registo veículos - Certidões / Inf.,59,44,44,2026-07-26 23:34:46.048292+00:00,2026-07-31 09:31:53.621411+00:00,0.0,0.3125,True
loja_de_cidadao_de_braga,Registo Predial - Certidões / Inf. ,59,44,44,2026-07-26 23:34:46.048292+00:00,2026-07-31 09:31:53.621411+00:00,0.0,0.3125,False
loja_de_cidadao_de_braga,Atendimento com Marcação,59,44,44,2026-07-26 23:34:46.048292+00:00,2026-07-31 09:31:53.621411+00:00,0.0,0.3125,True
loja_de_cidadao_das_laranjeiras,Levantamento de NISS,59,44,44,2026-07-26 23:34:46.048292+00:00,2026-07-31 09:31:53.621411+00:00,0.0,0.3125,True
loja_de_cidadao_de_odivelas,Registo Civil - Nascimento,59,44,44,2026-07-26 23:34:46.048292+00:00,2026-07-31 09:31:53.621411+00:00,0.0,0.3125,True
loja_de_cidadao_do_seixal,Contencioso,59,44,44,2026-07-26 23:34:46.048292+00:00,2026-07-31 09:31:53.621411+00:00,0.0,0.3125,True
loja_de_cidadao_do_seixal,Levantamento de NISS,59,44,44,2026-07-26 23:34:46.048292+00:00,2026-07-31 09:31:53.621411+00:00,0.0,0.3125,True
loja_de_cidadao_do_seixal,Pagamentos,59,44,44,2026-07-26 23:34:46.048292+00:00,2026-07-31 09:31:53.621411+00:00,0.0,0.3125,True
loja_de_cidadao_de_setubal,Empresa na Hora,59,44,44,2026-07-26 23:34:46.048292+00:00,2026-07-31 09:31:53.621411+00:00,0.0,0.3125,True
loja_de_cidadao_de_marvila,Obras,59,44,44,2026-07-26 23:34:46.048292+00:00,2026-07-31 09:31:53.621411+00:00,0.0,0.3125,True
loja_de_cidadao_do_seixal,Rendimento,59,44,44,2026-07-26 23:34:46.048292+00:00,2026-07-31 09:31:53.621411+00:00,0.0,0.3125,True
loja_de_cidadao_de_faro,Galp - Gás Propano,59,44,44,2026-07-26 23:34:46.048292+00:00,2026-07-31 09:31:53.621411+00:00,0.0,0.3125,True
loja_de_cidadao_do_seixal,Património,59,44,44,2026-07-26 23:34:46.048292+00:00,2026-07-31 09:31:53.621411+00:00,0.0,0.3125,True
loja_de_cidadao_de_faro,Certificados de Aforro e Poupança/ Savings Certificates,59,44,44,2026-07-26 23:34:46.048292+00:00,2026-07-31 09:31:53.621411+00:00,0.0,0.3125,True
loja_de_cidadao_de_faro,Galp - Eletricidade e Gás Natural,59,44,44,2026-07-26 23:34:46.048292+00:00,2026-07-31 09:31:53.621411+00:00,0.0,0.3125,True
loja_de_cidadao_de_braga,Atendimento Geral/ General Attendance,59,44,43,2026-07-26 23:34:46.048292+00:00,2026-07-31 09:31:53.621411+00:00,0.022727272727272707,0.31746031746031744,False
loja_de_cidadao_de_marvila,Pagamentos,59,44,43,2026-07-26 23:34:46.048292+00:00,2026-07-31 09:31:53.621411+00:00,0.022727272727272707,0.31746031746031744,True
loja_de_cidadao_de_odivelas,Empresa na Hora,59,44,43,2026-07-26 23:34:46.048292+00:00,2026-07-31 09:31:53.621411+00:00,0.022727272727272707,0.31746031746031744,True
loja_de_cidadao_de_odivelas,Execuções Fiscais,59,44,43,2026-07-26 23:34:46.048292+00:00,2026-07-31 09:31:53.621411+00:00,0.022727272727272707,0.31746031746031744,True
loja_de_cidadao_do_porto,Empresa na Hora,59,44,43,2026-07-26 23:34:46.048292+00:00,2026-07-31 09:31:53.621411+00:00,0.022727272727272707,0.31746031746031744,True
loja_de_cidadao_de_odivelas,Gás Natural,59,44,43,2026-07-26 23:34:46.048292+00:00,2026-07-31 09:31:53.621411+00:00,0.022727272727272707,0.31746031746031744,True
loja_de_cidadao_das_laranjeiras,Galp - Eletricidade e Gás Natural,59,44,43,2026-07-26 23:34:46.048292+00:00,2026-07-31 09:31:53.621411+00:00,0.022727272727272707,0.31746031746031744,True
loja_de_cidadao_de_aveiro,Atendimento Empresários/ Business Services,59,44,43,2026-07-26 23:34:46.048292+00:00,2026-07-31 09:31:53.621411+00:00,0.022727272727272707,0.31746031746031744,True
loja_de_cidadao_de_viseu,Registo Comercial - Certidões / Inf.,59,44,42,2026-07-26 23:34:46.048292+00:00,2026-07-31 09:31:53.621411+00:00,0.045454545454545414,0.3225806451612903,True
loja_de_cidadao_de_braga,Carta de Condução/ Driving License,59,44,42,2026-07-26 23:34:46.048292+00:00,2026-07-31 09:31:53.621411+00:00,0.045454545454545414,0.3225806451612903,True
loja_de_cidadao_de_braga,Galp - Eletricidade e Gás Natural,59,44,42,2026-07-26 23:34:46.048292+00:00,2026-07-31 09:31:53.621411+00:00,0.045454545454545414,0.3225806451612903,True
loja_de_cidadao_de_marvila,Atividades Económicas,59,44,42,2026-07-26 23:34:46.048292+00:00,2026-07-31 09:31:53.621411+00:00,0.045454545454545414,0.3225806451612903,True
loja_de_cidadao_de_aveiro,Triagem,59,44,42,2026-07-26 23:34:46.048292+00:00,2026-07-31 09:31:53.621411+00:00,0.045454545454545414,0.3225806451612903,True
loja_de_cidadao_de_setubal,Triagem,59,44,42,2026-07-26 23:34:46.048292+00:00,2026-07-31 09:31:53.621411+00:00,0.045454545454545414,0.3225806451612903,True
loja_de_cidadao_das_laranjeiras,Gás Natural,59,44,42,2026-07-26 23:34:46.048292+00:00,2026-07-31 09:31:53.621411+00:00,0.045454545454545414,0.3225806451612903,True
loja_de_cidadao_do_porto,Galp - Eletricidade e Gás Natural,59,44,41,2026-07-26 23:34:46.048292+00:00,2026-07-31 09:31:53.621411+00:00,0.06818181818181823,0.32786885245901637,True
loja_de_cidadao_do_saldanha,Cartão de Cidadão - Outros,59,41,41,2026-07-26 23:34:46.048292+00:00,2026-07-31 09:31:53.621411+00:00,0.0,0.32786885245901637,True
loja_de_cidadao_de_faro,Registo Civil - Óbito/Espaço Óbito,59,44,41,2026-07-26 23:34:46.048292+00:00,2026-07-31 09:31:53.621411+00:00,0.06818181818181823,0.32786885245901637,True
loja_de_cidadao_do_saldanha,Registo Predial - Certidões / Inf. ,59,41,41,2026-07-26 23:34:46.048292+00:00,2026-07-31 09:31:53.621411+00:00,0.0,0.32786885245901637,False
loja_de_cidadao_do_saldanha,Obras,59,41,41,2026-07-26 23:34:46.048292+00:00,2026-07-31 09:31:53.621411+00:00,0.0,0.32786885245901637,True
loja_de_cidadao_de_viseu,Atendimento Geral,59,44,41,2026-07-26 23:34:46.048292+00:00,2026-07-31 09:31:53.621411+00:00,0.06818181818181823,0.32786885245901637,True
loja_de_cidadao_de_odivelas,Galp - Gás Propano,59,44,41,2026-07-26 23:34:46.048292+00:00,2026-07-31 09:31:53.621411+00:00,0.06818181818181823,0.32786885245901637,True
loja_de_cidadao_de_odivelas,Galp - Eletricidade e Gás Natural,59,44,41,2026-07-26 23:34:46.048292+00:00,2026-07-31 09:31:53.621411+00:00,0.06818181818181823,0.32786885245901637,True
loja_de_cidadao_do_porto,Levantamento de Certificados Emitidos,59,44,41,2026-07-26 23:34:46.048292+00:00,2026-07-31 09:31:53.621411+00:00,0.06818181818181823,0.32786885245901637,True
loja_de_cidadao_de_aveiro,Recolha de Imagem,59,44,41,2026-07-26 23:34:46.048292+00:00,2026-07-31 09:31:53.621411+00:00,0.06818181818181823,0.32786885245901637,True
loja_de_cidadao_de_faro, Registo de Cidadãos da União Europeia,59,44,40,2026-07-26 23:34:46.048292+00:00,2026-07-31 09:31:53.621411+00:00,0.09090909090909094,0.3333333333333333,False
loja_de_cidadao_de_braga,Galp - Gás Propano,59,44,40,2026-07-26 23:34:46.048292+00:00,2026-07-31 09:31:53.621411+00:00,0.09090909090909094,0.3333333333333333,True
loja_de_cidadao_do_saldanha,Execuções Fiscais,59,42,40,2026-07-26 23:34:46.048292+00:00,2026-07-31 09:31:53.621411+00:00,0.04761904761904767,0.3333333333333333,True
loja_de_cidadao_de_aveiro,Galp - Gás Propano,59,44,40,2026-07-26 23:34:46.048292+00:00,2026-07-31 09:31:53.621411+00:00,0.09090909090909094,0.3333333333333333,True
loja_de_cidadao_de_faro,Pagamentos,59,44,40,2026-07-26 23:34:46.048292+00:00,2026-07-31 09:31:53.621411+00:00,0.09090909090909094,0.3333333333333333,True
loja_de_cidadao_de_marvila,Triagem,59,44,40,2026-07-26 23:34:46.048292+00:00,2026-07-31 09:31:53.621411+00:00,0.09090909090909094,0.3333333333333333,True
loja_de_cidadao_de_viseu,Cartão de Cidadão - Pedido/Renovação,59,44,40,2026-07-26 23:34:46.048292+00:00,2026-07-31 09:31:53.621411+00:00,0.09090909090909094,0.3333333333333333,True
loja_de_cidadao_das_laranjeiras,Triagem,59,44,40,2026-07-26 23:34:46.048292+00:00,2026-07-31 09:31:53.621411+00:00,0.09090909090909094,0.3333333333333333,True
loja_de_cidadao_do_saldanha,Levantamento de NISS,59,40,40,2026-07-26 23:34:46.048292+00:00,2026-07-31 09:31:53.621411+00:00,0.0,0.3333333333333333,True
loja_de_cidadao_do_porto,Eletricidade e Gás Natural,58,43,40,2026-07-26 23:34:46.048292+00:00,2026-07-31 09:31:53.621411+00:00,0.06976744186046513,0.3333333333333333,True
loja_de_cidadao_de_setubal,Galp - Gás Propano,59,44,40,2026-07-26 23:34:46.048292+00:00,2026-07-31 09:31:53.621411+00:00,0.09090909090909094,0.3333333333333333,True
loja_de_cidadao_do_saldanha,Casa Pronta,59,40,40,2026-07-26 23:34:46.048292+00:00,2026-07-31 09:31:53.621411+00:00,0.0,0.3333333333333333,True
loja_de_cidadao_de_odivelas,Tesouraria,59,44,40,2026-07-26 23:34:46.048292+00:00,2026-07-31 09:31:53.621411+00:00,0.09090909090909094,0.3333333333333333,True
loja_de_cidadao_do_porto,Eletricidade,59,44,39,2026-07-26 23:34:46.048292+00:00,2026-07-31 09:31:53.621411+00:00,0.11363636363636365,0.3389830508474576,True
loja_de_cidadao_de_odivelas,Passaporte - Levantamento / Inf.,59,44,39,2026-07-26 23:34:46.048292+00:00,2026-07-31 09:31:53.621411+00:00,0.11363636363636365,0.3389830508474576,True
loja_de_cidadao_do_porto,Triagem,59,44,39,2026-07-26 23:34:46.048292+00:00,2026-07-31 09:31:53.621411+00:00,0.11363636363636365,0.3389830508474576,True
loja_de_cidadao_de_odivelas,Câmara Municipal de Odivelas,59,44,39,2026-07-26 23:34:46.048292+00:00,2026-07-31 09:31:53.621411+00:00,0.11363636363636365,0.3389830508474576,True
loja_de_cidadao_de_marvila,Galp - Gás Propano,59,39,39,2026-07-26 23:34:46.048292+00:00,2026-07-31 09:31:53.621411+00:00,0.0,0.3389830508474576,True
loja_de_cidadao_das_laranjeiras,Galp - Gás Propano,59,44,39,2026-07-26 23:34:46.048292+00:00,2026-07-31 09:31:53.621411+00:00,0.11363636363636365,0.3389830508474576,True
loja_de_cidadao_de_odivelas,Aplicações Financeiras,59,44,39,2026-07-26 23:34:46.048292+00:00,2026-07-31 09:31:53.621411+00:00,0.11363636363636365,0.3389830508474576,True
loja_de_cidadao_de_coimbra,Galp - Eletricidade e Gás Natural,59,44,39,2026-07-26 23:34:46.048292+00:00,2026-07-31 09:31:53.621411+00:00,0.11363636363636365,0.3389830508474576,True
loja_de_cidadao_de_coimbra,Cartão de Cidadão - Outros,59,44,38,2026-07-26 23:34:46.048292+00:00,2026-07-31 09:31:53.621411+00:00,0.13636363636363635,0.3448275862068965,True
loja_de_cidadao_de_odivelas,Cartões Municipais,59,44,38,2026-07-26 23:34:46.048292+00:00,2026-07-31 09:31:53.621411+00:00,0.13636363636363635,0.3448275862068965,True
loja_de_cidadao_de_viseu,Cartão de Cidadão - Levantamento,59,44,38,2026-07-26 23:34:46.048292+00:00,2026-07-31 09:31:53.621411+00:00,0.13636363636363635,0.3448275862068965,True
loja_de_cidadao_das_laranjeiras,Atendimento Empresarial,59,44,38,2026-07-26 23:34:46.048292+00:00,2026-07-31 09:31:53.621411+00:00,0.13636363636363635,0.3448275862068965,True
loja_de_cidadao_de_aveiro,Atendimento Cidadãos/ Citizen Services,59,44,37,2026-07-26 23:34:46.048292+00:00,2026-07-31 09:31:53.621411+00:00,0.15909090909090906,0.3508771929824561,True
loja_de_cidadao_de_torres_novas,Cabine de Videochamada / Video call booth,59,37,37,2026-07-26 23:34:46.048292+00:00,2026-07-31 09:31:53.621411+00:00,0.0,0.3508771929824561,True
loja_de_cidadao_de_torres_novas,Cartão de Cidadão Renovação maiores de 25 anos/ Citizen Card – Renewal for +25 years old,59,37,37,2026-07-26 23:34:46.048292+00:00,2026-07-31 09:31:53.621411+00:00,0.0,0.3508771929824561,True
loja_de_cidadao_de_coimbra,Passaporte - Pedido,59,44,37,2026-07-26 23:34:46.048292+00:00,2026-07-31 09:31:53.621411+00:00,0.15909090909090906,0.3508771929824561,True
loja_de_cidadao_de_viseu,Triagem,59,44,37,2026-07-26 23:34:46.048292+00:00,2026-07-31 09:31:53.621411+00:00,0.15909090909090906,0.3508771929824561,True
loja_de_cidadao_de_viseu,Registo veículos - Pedido,59,44,37,2026-07-26 23:34:46.048292+00:00,2026-07-31 09:31:53.621411+00:00,0.15909090909090906,0.3508771929824561,True
loja_de_cidadao_de_viseu,Passaporte - Pedido,59,44,37,2026-07-26 23:34:46.048292+00:00,2026-07-31 09:31:53.621411+00:00,0.15909090909090906,0.3508771929824561,True
loja_de_cidadao_de_faro,CMD Chave Móvel Digital/ CMD - Digital Mobile Key,59,44,37,2026-07-26 23:34:46.048292+00:00,2026-07-31 09:31:53.621411+00:00,0.15909090909090906,0.3508771929824561,True
loja_de_cidadao_do_saldanha,Atendimento Urbanismo,59,42,37,2026-07-26 23:34:46.048292+00:00,2026-07-31 09:31:53.621411+00:00,0.11904761904761907,0.3508771929824561,True
loja_de_cidadao_de_viseu,Certificados de Aforro e Poupança/ Savings Certificates,59,37,37,2026-07-26 23:34:46.048292+00:00,2026-07-31 09:31:53.621411+00:00,0.0,0.3508771929824561,True
loja_de_cidadao_de_viseu,Cartão de Cidadão - Outros,59,44,37,2026-07-26 23:34:46.048292+00:00,2026-07-31 09:31:53.621411+00:00,0.15909090909090906,0.3508771929824561,True
loja_de_cidadao_de_coimbra,SMTUC,59,44,37,2026-07-26 23:34:46.048292+00:00,2026-07-31 09:31:53.621411+00:00,0.15909090909090906,0.3508771929824561,True
loja_de_cidadao_de_aveiro,CMD Chave Móvel Digital/ CMD - Digital Mobile Key,59,44,36,2026-07-26 23:34:46.048292+00:00,2026-07-31 09:31:53.621411+00:00,0.18181818181818177,0.35714285714285715,True
loja_de_cidadao_de_coimbra,Passaporte - Levantamento / Inf.,59,44,36,2026-07-26 23:34:46.048292+00:00,2026-07-31 09:31:53.621411+00:00,0.18181818181818177,0.35714285714285715,True
loja_de_cidadao_de_viseu,Registo Civil - Certidões / Inf.,59,44,36,2026-07-26 23:34:46.048292+00:00,2026-07-31 09:31:53.621411+00:00,0.18181818181818177,0.35714285714285715,True
loja_de_cidadao_de_setubal,Registo Predial - Certidões / Inf. ,59,44,36,2026-07-26 23:34:46.048292+00:00,2026-07-31 09:31:53.621411+00:00,0.18181818181818177,0.35714285714285715,False
loja_de_cidadao_de_braga,Imobiliário,59,44,36,2026-07-26 23:34:46.048292+00:00,2026-07-31 09:31:53.621411+00:00,0.18181818181818177,0.35714285714285715,True
loja_de_cidadao_de_marvila,Candidaturas Habitação,59,44,36,2026-07-26 23:34:46.048292+00:00,2026-07-31 09:31:53.621411+00:00,0.18181818181818177,0.35714285714285715,True
loja_de_cidadao_de_braga,Triagem,59,44,36,2026-07-26 23:34:46.048292+00:00,2026-07-31 09:31:53.621411+00:00,0.18181818181818177,0.35714285714285715,True
loja_de_cidadao_de_setubal,Galp - Eletricidade e Gás Natural,59,44,36,2026-07-26 23:34:46.048292+00:00,2026-07-31 09:31:53.621411+00:00,0.18181818181818177,0.35714285714285715,True
loja_de_cidadao_de_braga,Registo veículos - Pedido,59,44,36,2026-07-26 23:34:46.048292+00:00,2026-07-31 09:31:53.621411+00:00,0.18181818181818177,0.35714285714285715,True
loja_de_cidadao_de_torres_novas,Município de Torres Novas / Torres Novas Municipality,59,37,36,2026-07-26 23:34:46.048292+00:00,2026-07-31 09:31:53.621411+00:00,0.027027027027026973,0.35714285714285715,True
loja_de_cidadao_do_porto,Atendimento geral; Declarações; Atualizações,59,44,36,2026-07-26 23:34:46.048292+00:00,2026-07-31 09:31:53.621411+00:00,0.18181818181818177,0.35714285714285715,False
loja_de_cidadao_do_seixal,Pagamentos / Leituras de Água,59,44,36,2026-07-26 23:34:46.048292+00:00,2026-07-31 09:31:53.621411+00:00,0.18181818181818177,0.35714285714285715,True
loja_de_cidadao_das_laranjeiras,Eletricidade,59,44,36,2026-07-26 23:34:46.048292+00:00,2026-07-31 09:31:53.621411+00:00,0.18181818181818177,0.35714285714285715,True
loja_de_cidadao_de_santarem,Galp - Eletricidade e Gás Natural,59,35,35,2026-07-26 23:34:46.048292+00:00,2026-07-31 09:31:53.621411+00:00,0.0,0.36363636363636365,True
loja_de_cidadao_de_cascais,Galp - Gás Propano,59,35,35,2026-07-26 23:34:46.048292+00:00,2026-07-31 09:31:53.621411+00:00,0.0,0.36363636363636365,True
loja_de_cidadao_do_barreiro,Assuntos Gerais - Atendimento Geral,59,44,35,2026-07-26 23:34:46.048292+00:00,2026-07-31 09:31:53.621411+00:00,0.20454545454545459,0.36363636363636365,False
loja_de_cidadao_de_coimbra,Certificados de Aforro e Poupança/ Savings Certificates,59,37,35,2026-07-26 23:34:46.048292+00:00,2026-07-31 09:31:53.621411+00:00,0.05405405405405406,0.36363636363636365,True
loja_de_cidadao_do_seixal,Galp - Eletricidade e Gás Natural,59,35,35,2026-07-26 23:34:46.048292+00:00,2026-07-31 09:31:53.621411+00:00,0.0,0.36363636363636365,True
loja_de_cidadao_do_seixal,Galp - Gás Propano,59,35,35,2026-07-26 23:34:46.048292+00:00,2026-07-31 09:31:53.621411+00:00,0.0,0.36363636363636365,True
loja_de_cidadao_de_faro,Atendimento Cidadãos/ Citizen Services,59,44,35,2026-07-26 23:34:46.048292+00:00,2026-07-31 09:31:53.621411+00:00,0.20454545454545459,0.36363636363636365,True
loja_de_cidadao_de_coimbra,Cartão de Cidadão - Levantamento,59,44,35,2026-07-26 23:34:46.048292+00:00,2026-07-31 09:31:53.621411+00:00,0.20454545454545459,0.36363636363636365,True
loja_de_cidadao_de_santarem,Galp - Gás Propano,59,35,35,2026-07-26 23:34:46.048292+00:00,2026-07-31 09:31:53.621411+00:00,0.0,0.36363636363636365,True
loja_de_cidadao_de_odivelas,Eletricidade e Gás Natural,59,44,35,2026-07-26 23:34:46.048292+00:00,2026-07-31 09:31:53.621411+00:00,0.20454545454545459,0.36363636363636365,True
loja_de_cidadao_de_faro,Atendimento Geral ,59,44,35,2026-07-26 23:34:46.048292+00:00,2026-07-31 09:31:53.621411+00:00,0.20454545454545459,0.36363636363636365,False
loja_de_cidadao_de_cascais,MOBICASCAIS - Carregamento de Passes,59,35,35,2026-07-26 23:34:46.048292+00:00,2026-07-31 09:31:53.621411+00:00,0.0,0.36363636363636365,True
loja_de_cidadao_de_cascais,ID cidadão estrangeiro/ Foreign Citizen ID,59,35,35,2026-07-26 23:34:46.048292+00:00,2026-07-31 09:31:53.621411+00:00,0.0,0.36363636363636365,True
loja_de_cidadao_de_coimbra,Registo veículos - Certidões / Inf.,59,44,35,2026-07-26 23:34:46.048292+00:00,2026-07-31 09:31:53.621411+00:00,0.20454545454545459,0.36363636363636365,True
loja_de_cidadao_de_viseu,Registo Predial - Certidões / Inf. ,59,44,35,2026-07-26 23:34:46.048292+00:00,2026-07-31 09:31:53.621411+00:00,0.20454545454545459,0.36363636363636365,False
loja_de_cidadao_de_aveiro,Certificados de Aforro e Poupança/ Savings Certificates,59,35,35,2026-07-26 23:34:46.048292+00:00,2026-07-31 09:31:53.621411+00:00,0.0,0.36363636363636365,True
loja_de_cidadao_das_laranjeiras,ID cidadão estrangeiro/ Foreign Citizen ID,59,44,35,2026-07-26 23:34:46.048292+00:00,2026-07-31 09:31:53.621411+00:00,0.20454545454545459,0.36363636363636365,True
loja_de_cidadao_do_saldanha,Levantamento de Documentos,59,42,35,2026-07-26 23:34:46.048292+00:00,2026-07-31 09:31:53.621411+00:00,0.16666666666666663,0.36363636363636365,True
loja_de_cidadao_do_porto,Certificados de Aforro e Poupança/ Savings Certificates,59,37,35,2026-07-26 23:34:46.048292+00:00,2026-07-31 09:31:53.621411+00:00,0.05405405405405406,0.36363636363636365,True
loja_de_cidadao_de_aveiro,Cartas de Condução/ Driving License,59,44,35,2026-07-26 23:34:46.048292+00:00,2026-07-31 09:31:53.621411+00:00,0.20454545454545459,0.36363636363636365,True
loja_de_cidadao_de_santarem,Carta de Condução/ Driving License,59,35,35,2026-07-26 23:34:46.048292+00:00,2026-07-31 09:31:53.621411+00:00,0.0,0.36363636363636365,True
loja_de_cidadao_de_santarem,Mercado Regulado,59,35,35,2026-07-26 23:34:46.048292+00:00,2026-07-31 09:31:53.621411+00:00,0.0,0.36363636363636365,True
loja_de_cidadao_do_porto,Carta de Condução/ Driving License,59,44,35,2026-07-26 23:34:46.048292+00:00,2026-07-31 09:31:53.621411+00:00,0.20454545454545459,0.36363636363636365,True
loja_de_cidadao_de_braga,Certificados de Aforro e Poupança/ Savings Certificates,59,35,35,2026-07-26 23:34:46.048292+00:00,2026-07-31 09:31:53.621411+00:00,0.0,0.36363636363636365,True
loja_de_cidadao_do_seixal,Outros Assuntos,59,44,35,2026-07-26 23:34:46.048292+00:00,2026-07-31 09:31:53.621411+00:00,0.20454545454545459,0.36363636363636365,True
loja_de_cidadao_de_santarem,Distribuição,59,35,35,2026-07-26 23:34:46.048292+00:00,2026-07-31 09:31:53.621411+00:00,0.0,0.36363636363636365,True
loja_de_cidadao_de_aveiro,Galp - Eletricidade e Gás Natural,59,44,34,2026-07-26 23:34:46.048292+00:00,2026-07-31 09:31:53.621411+00:00,0.2272727272727273,0.37037037037037035,True
loja_de_cidadao_do_saldanha,Pagamentos,59,41,34,2026-07-26 23:34:46.048292+00:00,2026-07-31 09:31:53.621411+00:00,0.1707317073170732,0.37037037037037035,True
loja_de_cidadao_de_setubal,Atendimento Geral/ General Attendance,59,44,34,2026-07-26 23:34:46.048292+00:00,2026-07-31 09:31:53.621411+00:00,0.2272727272727273,0.37037037037037035,False
loja_de_cidadao_de_faro,Atendimento com Marcação,59,34,34,2026-07-26 23:34:46.048292+00:00,2026-07-31 09:31:53.621411+00:00,0.0,0.37037037037037035,True
loja_de_cidadao_do_porto,Atendimento Geral Empresa,59,44,34,2026-07-26 23:34:46.048292+00:00,2026-07-31 09:31:53.621411+00:00,0.2272727272727273,0.37037037037037035,False
loja_de_cidadao_do_saldanha,Candidaturas Habitação,59,42,34,2026-07-26 23:34:46.048292+00:00,2026-07-31 09:31:53.621411+00:00,0.19047619047619047,0.37037037037037035,True
loja_de_cidadao_de_cascais,Pagamentos / Levantamento de documentos,58,35,34,2026-07-26 23:34:46.048292+00:00,2026-07-31 09:31:53.621411+00:00,0.02857142857142858,0.37037037037037035,True
loja_de_cidadao_de_marvila,Cartão de Cidadão - Levantamento,59,44,34,2026-07-26 23:34:46.048292+00:00,2026-07-31 09:31:53.621411+00:00,0.2272727272727273,0.37037037037037035,True
loja_de_cidadao_de_marvila,Certificado da União Europeia,59,44,34,2026-07-26 23:34:46.048292+00:00,2026-07-31 09:31:53.621411+00:00,0.2272727272727273,0.37037037037037035,True
loja_de_cidadao_de_setubal,ID cidadão estrangeiro/ Foreign Citizen ID,59,44,34,2026-07-26 23:34:46.048292+00:00,2026-07-31 09:31:53.621411+00:00,0.2272727272727273,0.37037037037037035,True
loja_de_cidadao_de_coimbra,Registo veículos - Pedido,59,44,33,2026-07-26 23:34:46.048292+00:00,2026-07-31 09:31:53.621411+00:00,0.25,0.3773584905660377,True
loja_de_cidadao_de_coimbra,Registo Civil - Certidões / Inf.,59,44,33,2026-07-26 23:34:46.048292+00:00,2026-07-31 09:31:53.621411+00:00,0.25,0.3773584905660377,True
loja_de_cidadao_de_agueda,Carta de Condução/ Driving License,59,33,33,2026-07-26 23:34:46.048292+00:00,2026-07-31 09:31:53.621411+00:00,0.0,0.3773584905660377,True
loja_de_cidadao_de_setubal,Registo Comercial - Certidões / Inf.,59,44,33,2026-07-26 23:34:46.048292+00:00,2026-07-31 09:31:53.621411+00:00,0.25,0.3773584905660377,True
loja_de_cidadao_de_torres_novas,Espaço Cidadão/ Citizen Spot,59,37,33,2026-07-26 23:34:46.048292+00:00,2026-07-31 09:31:53.621411+00:00,0.10810810810810811,0.3773584905660377,True
loja_de_cidadao_de_cascais,Atendimento Geral,59,35,33,2026-07-26 23:34:46.048292+00:00,2026-07-31 09:31:53.621411+00:00,0.05714285714285716,0.3773584905660377,True
loja_de_cidadao_do_porto,Gás Natural,59,44,33,2026-07-26 23:34:46.048292+00:00,2026-07-31 09:31:53.621411+00:00,0.25,0.3773584905660377,True
loja_de_cidadao_de_braga,Registo Civil - Certidões / Inf.,59,44,33,2026-07-26 23:34:46.048292+00:00,2026-07-31 09:31:53.621411+00:00,0.25,0.3773584905660377,True
loja_de_cidadao_de_braga,Passaporte - Levantamento / Inf.,59,44,33,2026-07-26 23:34:46.048292+00:00,2026-07-31 09:31:53.621411+00:00,0.25,0.3773584905660377,True
loja_de_cidadao_de_braga,Pagamentos,59,44,33,2026-07-26 23:34:46.048292+00:00,2026-07-31 09:31:53.621411+00:00,0.25,0.3773584905660377,True
loja_de_cidadao_de_agueda,Atendimento Geral/ General Attendance,59,33,33,2026-07-26 23:34:46.048292+00:00,2026-07-31 09:31:53.621411+00:00,0.0,0.3773584905660377,False
loja_de_cidadao_de_marvila,Passaporte - Levantamento / Inf.,59,44,33,2026-07-26 23:34:46.048292+00:00,2026-07-31 09:31:53.621411+00:00,0.25,0.3773584905660377,True
loja_de_cidadao_de_santarem,Atendimento Geral Empresa,59,35,33,2026-07-26 23:34:46.048292+00:00,2026-07-31 09:31:53.621411+00:00,0.05714285714285716,0.3773584905660377,False
loja_de_cidadao_de_alvaiazere,Tesouraria/ Treasury,59,33,33,2026-07-26 23:34:46.048292+00:00,2026-07-31 09:31:53.621411+00:00,0.0,0.3773584905660377,True
loja_de_cidadao_de_marvila,Levantamento de Documentos,59,44,32,2026-07-26 23:34:46.048292+00:00,2026-07-31 09:31:53.621411+00:00,0.2727272727272727,0.3846153846153846,True
loja_de_cidadao_de_setubal,Registo veículos - Certidões / Inf.,59,44,32,2026-07-26 23:34:46.048292+00:00,2026-07-31 09:31:53.621411+00:00,0.2727272727272727,0.3846153846153846,True
loja_de_cidadao_do_saldanha,Habilitação / Partilha de Herança / Partilha por divórcio,59,40,32,2026-07-26 23:34:46.048292+00:00,2026-07-31 09:31:53.621411+00:00,0.19999999999999996,0.3846153846153846,True
loja_de_cidadao_de_viseu,Registo veículos - Certidões / Inf.,59,44,32,2026-07-26 23:34:46.048292+00:00,2026-07-31 09:31:53.621411+00:00,0.2727272727272727,0.3846153846153846,True
loja_de_cidadao_de_faro,Triagem,59,44,32,2026-07-26 23:34:46.048292+00:00,2026-07-31 09:31:53.621411+00:00,0.2727272727272727,0.3846153846153846,True
loja_de_cidadao_de_braga,Empresa na Hora,59,44,32,2026-07-26 23:34:46.048292+00:00,2026-07-31 09:31:53.621411+00:00,0.2727272727272727,0.3846153846153846,True
loja_de_cidadao_de_mafra,Cartão de Cidadão Renovação maiores de 25 anos/ Citizen Card – Renewal for +25 years old,59,31,31,2026-07-26 23:34:46.048292+00:00,2026-07-31 09:31:53.621411+00:00,0.0,0.3921568627450981,True
loja_de_cidadao_de_vila_franca_de_xira,Cartão de Cidadão Renovação maiores de 25 anos/ Citizen Card – Renewal for +25 years old,59,31,31,2026-07-26 23:34:46.048292+00:00,2026-07-31 09:31:53.621411+00:00,0.0,0.3921568627450981,True
loja_de_cidadao_de_mafra,Contratos,59,31,31,2026-07-26 23:34:46.048292+00:00,2026-07-31 09:31:53.621411+00:00,0.0,0.3921568627450981,True
loja_de_cidadao_do_cacem,ATENDIMENTO GERAL,59,31,31,2026-07-26 23:34:46.048292+00:00,2026-07-31 09:31:53.621411+00:00,0.0,0.3921568627450981,False
loja_de_cidadao_de_mafra,Câmara Municipal de Mafra / Mafra Municipality,59,31,31,2026-07-26 23:34:46.048292+00:00,2026-07-31 09:31:53.621411+00:00,0.0,0.3921568627450981,True
loja_de_cidadao_de_vila_franca_de_xira,SMAS Vila Franca Xira - Atendimento Geral,59,31,31,2026-07-26 23:34:46.048292+00:00,2026-07-31 09:31:53.621411+00:00,0.0,0.3921568627450981,False
loja_de_cidadao_de_murca,Registo Civil - Nascimento,59,31,31,2026-07-26 23:34:46.048292+00:00,2026-07-31 09:31:53.621411+00:00,0.0,0.3921568627450981,True
loja_de_cidadao_de_mafra,Atendimento geral,59,31,31,2026-07-26 23:34:46.048292+00:00,2026-07-31 09:31:53.621411+00:00,0.0,0.3921568627450981,False
loja_de_cidadao_de_mafra,Outros Assuntos,59,31,31,2026-07-26 23:34:46.048292+00:00,2026-07-31 09:31:53.621411+00:00,0.0,0.3921568627450981,True
loja_de_cidadao_de_valpacos,Atendimento Geral,59,31,31,2026-07-26 23:34:46.048292+00:00,2026-07-31 09:31:53.621411+00:00,0.0,0.3921568627450981,True
loja_de_cidadao_de_cascais,BREXIT,59,35,31,2026-07-26 23:34:46.048292+00:00,2026-07-31 09:31:53.621411+00:00,0.11428571428571432,0.3921568627450981,True
loja_de_cidadao_do_cacem,DEFESA DO CONSUMIDOR,59,31,31,2026-07-26 23:34:46.048292+00:00,2026-07-31 09:31:53.621411+00:00,0.0,0.3921568627450981,True
loja_de_cidadao_de_murca,Casa Pronta,59,31,31,2026-07-26 23:34:46.048292+00:00,2026-07-31 09:31:53.621411+00:00,0.0,0.3921568627450981,True
loja_de_cidadao_de_mafra,Recrutamento,59,31,31,2026-07-26 23:34:46.048292+00:00,2026-07-31 09:31:53.621411+00:00,0.0,0.3921568627450981,True
loja_de_cidadao_de_murca,Certificados de Aforro e Poupança/ Savings Certificates,59,31,31,2026-07-26 23:34:46.048292+00:00,2026-07-31 09:31:53.621411+00:00,0.0,0.3921568627450981,True
loja_de_cidadao_de_murca,Empresa na Hora / Marca / Associação / Cooperativa / Sucursal na Hora,59,31,31,2026-07-26 23:34:46.048292+00:00,2026-07-31 09:31:53.621411+00:00,0.0,0.3921568627450981,True
loja_de_cidadao_de_murca,Habilitação / Partilha de Herança / Partilha por divórcio,59,31,31,2026-07-26 23:34:46.048292+00:00,2026-07-31 09:31:53.621411+00:00,0.0,0.3921568627450981,True
loja_de_cidadao_de_murca,Municipio de Murça/ Murça Municipality,59,31,31,2026-07-26 23:34:46.048292+00:00,2026-07-31 09:31:53.621411+00:00,0.0,0.3921568627450981,True
loja_de_cidadao_de_murca,Passaporte - Levantamento / Inf.,59,31,31,2026-07-26 23:34:46.048292+00:00,2026-07-31 09:31:53.621411+00:00,0.0,0.3921568627450981,True
loja_de_cidadao_de_murca,Pessoas coletivas e entidades equiparadas,59,31,31,2026-07-26 23:34:46.048292+00:00,2026-07-31 09:31:53.621411+00:00,0.0,0.3921568627450981,True
loja_de_cidadao_do_porto,Registo Predial - Certidões / Inf. ,59,44,31,2026-07-26 23:34:46.048292+00:00,2026-07-31 09:31:53.621411+00:00,0.2954545454545454,0.3921568627450981,False
loja_de_cidadao_de_murca,Registo Comercial - Pedido,59,31,31,2026-07-26 23:34:46.048292+00:00,2026-07-31 09:31:53.621411+00:00,0.0,0.3921568627450981,True
loja_de_cidadao_de_murca,Registo Comercial - Certidões / Inf.,59,31,31,2026-07-26 23:34:46.048292+00:00,2026-07-31 09:31:53.621411+00:00,0.0,0.3921568627450981,True
loja_de_cidadao_de_mafra,Venda de Produtos,59,31,31,2026-07-26 23:34:46.048292+00:00,2026-07-31 09:31:53.621411+00:00,0.0,0.3921568627450981,True
loja_de_cidadao_de_santarem,Pagamentos,59,35,31,2026-07-26 23:34:46.048292+00:00,2026-07-31 09:31:53.621411+00:00,0.11428571428571432,0.3921568627450981,True
loja_de_cidadao_de_santarem,Venda de Produtos,59,31,31,2026-07-26 23:34:46.048292+00:00,2026-07-31 09:31:53.621411+00:00,0.0,0.3921568627450981,True
loja_de_cidadao_de_ribeira_de_pena,Tesouraria,59,31,31,2026-07-26 23:34:46.048292+00:00,2026-07-31 09:31:53.621411+00:00,0.0,0.3921568627450981,True
loja_de_cidadao_da_batalha,Cultura e Desporto ,59,31,31,2026-07-26 23:34:46.048292+00:00,2026-07-31 09:31:53.621411+00:00,0.0,0.3921568627450981,False
loja_de_cidadao_de_ribeira_de_pena,Licenciamento,59,31,31,2026-07-26 23:34:46.048292+00:00,2026-07-31 09:31:53.621411+00:00,0.0,0.3921568627450981,False
loja_de_cidadao_da_batalha,Gabinete de Apoio ao Emigrante,59,31,31,2026-07-26 23:34:46.048292+00:00,2026-07-31 09:31:53.621411+00:00,0.0,0.3921568627450981,True
loja_de_cidadao_da_batalha,Obras Municipais,59,31,31,2026-07-26 23:34:46.048292+00:00,2026-07-31 09:31:53.621411+00:00,0.0,0.3921568627450981,True
loja_de_cidadao_de_coimbra,Cartão de Cidadão - Pedido/Renovação,58,43,31,2026-07-26 23:34:46.048292+00:00,2026-07-31 09:31:53.621411+00:00,0.2790697674418605,0.3921568627450981,True
loja_de_cidadao_de_coimbra,Posto de serviços rápidos,59,44,31,2026-07-26 23:34:46.048292+00:00,2026-07-31 09:31:53.621411+00:00,0.2954545454545454,0.3921568627450981,True
loja_de_cidadao_de_mafra,Atendimento Geral,59,31,31,2026-07-26 23:34:46.048292+00:00,2026-07-31 09:31:53.621411+00:00,0.0,0.3921568627450981,True
loja_de_cidadao_de_murca,Registo Predial - Pedido,59,31,31,2026-07-26 23:34:46.048292+00:00,2026-07-31 09:31:53.621411+00:00,0.0,0.3921568627450981,True
loja_de_cidadao_de_murca,Registo Civil - Casamento / Divórcio/Separação / Outros processos especiais,59,31,31,2026-07-26 23:34:46.048292+00:00,2026-07-31 09:31:53.621411+00:00,0.0,0.3921568627450981,True
loja_de_cidadao_das_laranjeiras,Levantamento de Certificados Emitidos,59,30,30,2026-07-26 23:34:46.048292+00:00,2026-07-31 09:31:53.621411+00:00,0.0,0.4,True
loja_de_cidadao_de_marvila,Atendimento Urbanismo,59,44,30,2026-07-26 23:34:46.048292+00:00,2026-07-31 09:31:53.621411+00:00,0.31818181818181823,0.4,True
loja_de_cidadao_de_odivelas,Registo Civil - Óbito/Espaço Óbito,59,44,30,2026-07-26 23:34:46.048292+00:00,2026-07-31 09:31:53.621411+00:00,0.31818181818181823,0.4,True
loja_de_cidadao_de_cascais,Cascais Envolvente,59,35,30,2026-07-26 23:34:46.048292+00:00,2026-07-31 09:31:53.621411+00:00,0.1428571428571429,0.4,True
loja_de_cidadao_de_viseu,Passaporte - Levantamento / Inf.,59,44,30,2026-07-26 23:34:46.048292+00:00,2026-07-31 09:31:53.621411+00:00,0.31818181818181823,0.4,True
loja_de_cidadao_de_santarem,Atendimento Geral,59,35,30,2026-07-26 23:34:46.048292+00:00,2026-07-31 09:31:53.621411+00:00,0.1428571428571429,0.4,True
loja_de_cidadao_do_saldanha,Multas,59,42,30,2026-07-26 23:34:46.048292+00:00,2026-07-31 09:31:53.621411+00:00,0.2857142857142857,0.4,True
loja_de_cidadao_das_laranjeiras,Gira,59,44,30,2026-07-26 23:34:46.048292+00:00,2026-07-31 09:31:53.621411+00:00,0.31818181818181823,0.4,True
loja_de_cidadao_de_marvila,Empresa,59,30,30,2026-07-26 23:34:46.048292+00:00,2026-07-31 09:31:53.621411+00:00,0.0,0.4,True
loja_de_cidadao_de_murca,Registo Predial - Certidões / Inf. ,59,31,30,2026-07-26 23:34:46.048292+00:00,2026-07-31 09:31:53.621411+00:00,0.032258064516129004,0.4,False
loja_de_cidadao_do_cacem,Biorresíduos,59,31,30,2026-07-26 23:34:46.048292+00:00,2026-07-31 09:31:53.621411+00:00,0.032258064516129004,0.4,True
loja_de_cidadao_de_marvila,Cartão de Cidadão - Outros,59,44,29,2026-07-26 23:34:46.048292+00:00,2026-07-31 09:31:53.621411+00:00,0.34090909090909094,0.4081632653061224,True
loja_de_cidadao_de_viseu,Imobiliário,59,44,29,2026-07-26 23:34:46.048292+00:00,2026-07-31 09:31:53.621411+00:00,0.34090909090909094,0.4081632653061224,True
loja_de_cidadao_de_murca,Cartão de Cidadão - Pedido/Renovação,59,31,29,2026-07-26 23:34:46.048292+00:00,2026-07-31 09:31:53.621411+00:00,0.06451612903225812,0.4081632653061224,True
loja_de_cidadao_de_santarem,Outros Assuntos,59,35,29,2026-07-26 23:34:46.048292+00:00,2026-07-31 09:31:53.621411+00:00,0.17142857142857137,0.4081632653061224,True
loja_de_cidadao_do_barreiro,Urbanismo - Atendimento Geral,59,44,29,2026-07-26 23:34:46.048292+00:00,2026-07-31 09:31:53.621411+00:00,0.34090909090909094,0.4081632653061224,False
loja_de_cidadao_do_barreiro,Contraordenações,59,44,29,2026-07-26 23:34:46.048292+00:00,2026-07-31 09:31:53.621411+00:00,0.34090909090909094,0.4081632653061224,True
loja_de_cidadao_do_saldanha,Atendimento,59,42,29,2026-07-26 23:34:46.048292+00:00,2026-07-31 09:31:53.621411+00:00,0.30952380952380953,0.4081632653061224,True
loja_de_cidadao_de_marvila,Passaporte - Pedido,59,44,29,2026-07-26 23:34:46.048292+00:00,2026-07-31 09:31:53.621411+00:00,0.34090909090909094,0.4081632653061224,True
loja_de_cidadao_da_batalha,Educação,59,31,28,2026-07-26 23:34:46.048292+00:00,2026-07-31 09:31:53.621411+00:00,0.09677419354838712,0.41666666666666663,True
loja_de_cidadao_de_santarem,TAXAS E LICENÇAS - Atendimento Geral,59,35,28,2026-07-26 23:34:46.048292+00:00,2026-07-31 09:31:53.621411+00:00,0.19999999999999996,0.41666666666666663,False
loja_de_cidadao_de_marvila,Cartão de Cidadão - Pedido/Renovação,59,44,28,2026-07-26 23:34:46.048292+00:00,2026-07-31 09:31:53.621411+00:00,0.36363636363636365,0.41666666666666663,True
loja_de_cidadao_do_seixal,Aplicações Financeiras,59,28,28,2026-07-26 23:34:46.048292+00:00,2026-07-31 09:31:53.621411+00:00,0.0,0.41666666666666663,True
loja_de_cidadao_do_seixal,Contratos de água,59,41,28,2026-07-26 23:34:46.048292+00:00,2026-07-31 09:31:53.621411+00:00,0.31707317073170727,0.41666666666666663,True
loja_de_cidadao_de_braga,Outros,59,44,28,2026-07-26 23:34:46.048292+00:00,2026-07-31 09:31:53.621411+00:00,0.36363636363636365,0.41666666666666663,True
loja_de_cidadao_de_faro,Atendimento Empresários/ Business Services,59,44,28,2026-07-26 23:34:46.048292+00:00,2026-07-31 09:31:53.621411+00:00,0.36363636363636365,0.41666666666666663,True
loja_de_cidadao_do_seixal,Envios Urgentes - CTT Expresso,59,28,28,2026-07-26 23:34:46.048292+00:00,2026-07-31 09:31:53.621411+00:00,0.0,0.41666666666666663,True
loja_de_cidadao_de_queluz,Convocatórias,59,28,28,2026-07-26 23:34:46.048292+00:00,2026-07-31 09:31:53.621411+00:00,0.0,0.41666666666666663,True
loja_de_cidadao_de_queluz,Cartão de Cidadão Renovação maiores de 25 anos/ Citizen Card – Renewal for +25 years old,59,28,28,2026-07-26 23:34:46.048292+00:00,2026-07-31 09:31:53.621411+00:00,0.0,0.41666666666666663,True
loja_de_cidadao_de_vila_franca_de_xira,CM Vila Franca de Xira - Tesouraria,59,28,28,2026-07-26 23:34:46.048292+00:00,2026-07-31 09:31:53.621411+00:00,0.0,0.41666666666666663,True
loja_de_cidadao_das_laranjeiras,Outros,59,44,28,2026-07-26 23:34:46.048292+00:00,2026-07-31 09:31:53.621411+00:00,0.36363636363636365,0.41666666666666663,True
loja_de_cidadao_do_porto,Registo Civil - Certidões / Inf.,59,44,28,2026-07-26 23:34:46.048292+00:00,2026-07-31 09:31:53.621411+00:00,0.36363636363636365,0.41666666666666663,True
loja_de_cidadao_de_vila_franca_de_xira,SMAS Vila Franca Xira - Tesouraria,59,28,28,2026-07-26 23:34:46.048292+00:00,2026-07-31 09:31:53.621411+00:00,0.0,0.41666666666666663,True
loja_de_cidadao_de_cascais,Galp - Eletricidade e Gás Natural,59,35,28,2026-07-26 23:34:46.048292+00:00,2026-07-31 09:31:53.621411+00:00,0.19999999999999996,0.41666666666666663,True
loja_de_cidadao_do_cacem,Convocatórias,59,31,28,2026-07-26 23:34:46.048292+00:00,2026-07-31 09:31:53.621411+00:00,0.09677419354838712,0.41666666666666663,True
loja_de_cidadao_de_marvila,Galp - Eletricidade e Gás Natural,59,39,28,2026-07-26 23:34:46.048292+00:00,2026-07-31 09:31:53.621411+00:00,0.28205128205128205,0.41666666666666663,True
loja_de_cidadao_de_aveiro,Registo Comercial - Certidões / Inf.,59,44,28,2026-07-26 23:34:46.048292+00:00,2026-07-31 09:31:53.621411+00:00,0.36363636363636365,0.41666666666666663,True
loja_de_cidadao_de_arruda_dos_vinhos,Pagamento Taxas,59,28,28,2026-07-26 23:34:46.048292+00:00,2026-07-31 09:31:53.621411+00:00,0.0,0.41666666666666663,False
loja_de_cidadao_de_arruda_dos_vinhos,Pagamentos,59,28,28,2026-07-26 23:34:46.048292+00:00,2026-07-31 09:31:53.621411+00:00,0.0,0.41666666666666663,True
loja_de_cidadao_do_cacem,Gabinete de Inserção Profissional,59,28,28,2026-07-26 23:34:46.048292+00:00,2026-07-31 09:31:53.621411+00:00,0.0,0.41666666666666663,True
loja_de_cidadao_de_coimbra,Registo Predial - Certidões / Inf. ,59,44,27,2026-07-26 23:34:46.048292+00:00,2026-07-31 09:31:53.621411+00:00,0.38636363636363635,0.425531914893617,False
loja_de_cidadao_de_murca, Certificados /Traduções / Procurações/ Reconhecimentos / Fotocópias/ Instrumentos/ Outros,59,31,27,2026-07-26 23:34:46.048292+00:00,2026-07-31 09:31:53.621411+00:00,0.12903225806451613,0.425531914893617,False
loja_de_cidadao_de_oliveira_de_frades,Atendimento Geral/ General Attendance,59,31,27,2026-07-26 23:34:46.048292+00:00,2026-07-31 09:31:53.621411+00:00,0.12903225806451613,0.425531914893617,False
loja_de_cidadao_das_laranjeiras,Multas,59,44,27,2026-07-26 23:34:46.048292+00:00,2026-07-31 09:31:53.621411+00:00,0.38636363636363635,0.425531914893617,True
loja_de_cidadao_de_alijo,Contencioso,59,27,27,2026-07-26 23:34:46.048292+00:00,2026-07-31 09:31:53.621411+00:00,0.0,0.425531914893617,True
loja_de_cidadao_de_vila_franca_de_xira,Junta de Freguesia de Alverca,59,27,27,2026-07-26 23:34:46.048292+00:00,2026-07-31 09:31:53.621411+00:00,0.0,0.425531914893617,True
loja_de_cidadao_do_seixal,Casa Pronta,59,27,27,2026-07-26 23:34:46.048292+00:00,2026-07-31 09:31:53.621411+00:00,0.0,0.425531914893617,True
loja_de_cidadao_de_odivelas,Triagem CLAIM/GAE,59,44,27,2026-07-26 23:34:46.048292+00:00,2026-07-31 09:31:53.621411+00:00,0.38636363636363635,0.425531914893617,True
loja_de_cidadao_de_murca,Cartão de Cidadão - Outros,59,31,27,2026-07-26 23:34:46.048292+00:00,2026-07-31 09:31:53.621411+00:00,0.12903225806451613,0.425531914893617,True
loja_de_cidadao_de_santarem,Troca Título Condução Estrangeiro,59,27,27,2026-07-26 23:34:46.048292+00:00,2026-07-31 09:31:53.621411+00:00,0.0,0.425531914893617,True
loja_de_cidadao_das_laranjeiras,Dísticos,59,44,27,2026-07-26 23:34:46.048292+00:00,2026-07-31 09:31:53.621411+00:00,0.38636363636363635,0.425531914893617,True
loja_de_cidadao_de_viseu,Construção,59,44,27,2026-07-26 23:34:46.048292+00:00,2026-07-31 09:31:53.621411+00:00,0.38636363636363635,0.425531914893617,True
loja_de_cidadao_de_alijo,Execuções Fiscais,59,27,27,2026-07-26 23:34:46.048292+00:00,2026-07-31 09:31:53.621411+00:00,0.0,0.425531914893617,True
loja_de_cidadao_de_alijo,Rendimento,59,27,27,2026-07-26 23:34:46.048292+00:00,2026-07-31 09:31:53.621411+00:00,0.0,0.425531914893617,True
loja_de_cidadao_de_alijo,Património,59,27,27,2026-07-26 23:34:46.048292+00:00,2026-07-31 09:31:53.621411+00:00,0.0,0.425531914893617,True
loja_de_cidadao_de_pombal,Fórum Munícipe / Citizen Forum,59,27,27,2026-07-26 23:34:46.048292+00:00,2026-07-31 09:31:53.621411+00:00,0.0,0.425531914893617,True
loja_de_cidadao_do_cacem,Urbanismo/ Urban Planning,59,28,27,2026-07-26 23:34:46.048292+00:00,2026-07-31 09:31:53.621411+00:00,0.0357142857142857,0.425531914893617,True
loja_de_cidadao_de_setubal,Registo Civil - Certidões / Inf.,59,44,27,2026-07-26 23:34:46.048292+00:00,2026-07-31 09:31:53.621411+00:00,0.38636363636363635,0.425531914893617,True
loja_de_cidadao_de_viseu,Atendimento Geral ,59,44,27,2026-07-26 23:34:46.048292+00:00,2026-07-31 09:31:53.621411+00:00,0.38636363636363635,0.425531914893617,False
loja_de_cidadao_de_alijo,Pagamentos,59,27,27,2026-07-26 23:34:46.048292+00:00,2026-07-31 09:31:53.621411+00:00,0.0,0.425531914893617,True
loja_de_cidadao_de_alijo,Carta de Condução/ Driving License,59,27,27,2026-07-26 23:34:46.048292+00:00,2026-07-31 09:31:53.621411+00:00,0.0,0.425531914893617,True
loja_de_cidadao_de_leiria,Atendimento Geral,59,31,26,2026-07-26 23:34:46.048292+00:00,2026-07-31 09:31:53.621411+00:00,0.16129032258064513,0.4347826086956522,True
loja_de_cidadao_de_queluz,Urbanismo/ Urban Planning,59,28,26,2026-07-26 23:34:46.048292+00:00,2026-07-31 09:31:53.621411+00:00,0.0714285714285714,0.4347826086956522,True
loja_de_cidadao_do_saldanha,Dísticos,59,42,26,2026-07-26 23:34:46.048292+00:00,2026-07-31 09:31:53.621411+00:00,0.38095238095238093,0.4347826086956522,True
loja_de_cidadao_do_porto,Registo Comercial - Certidões / Inf.,59,44,26,2026-07-26 23:34:46.048292+00:00,2026-07-31 09:31:53.621411+00:00,0.40909090909090906,0.4347826086956522,True
loja_de_cidadao_de_murca,Passaporte - Pedido,59,31,26,2026-07-26 23:34:46.048292+00:00,2026-07-31 09:31:53.621411+00:00,0.16129032258064513,0.4347826086956522,True
loja_de_cidadao_do_cacem,Tesouraria/ Treasury,59,28,26,2026-07-26 23:34:46.048292+00:00,2026-07-31 09:31:53.621411+00:00,0.0714285714285714,0.4347826086956522,True
loja_de_cidadao_de_aveiro,Outros,59,44,26,2026-07-26 23:34:46.048292+00:00,2026-07-31 09:31:53.621411+00:00,0.40909090909090906,0.4347826086956522,True
loja_de_cidadao_de_aveiro,Levantamento de Carta de Condução,59,44,26,2026-07-26 23:34:46.048292+00:00,2026-07-31 09:31:53.621411+00:00,0.40909090909090906,0.4347826086956522,True
loja_de_cidadao_de_murca,Cartão de Cidadão - Levantamento,59,31,26,2026-07-26 23:34:46.048292+00:00,2026-07-31 09:31:53.621411+00:00,0.16129032258064513,0.4347826086956522,True
loja_de_cidadao_do_saldanha,Gira,59,42,26,2026-07-26 23:34:46.048292+00:00,2026-07-31 09:31:53.621411+00:00,0.38095238095238093,0.4347826086956522,True
loja_de_cidadao_de_murca,Registo veículos - Pedido,59,31,26,2026-07-26 23:34:46.048292+00:00,2026-07-31 09:31:53.621411+00:00,0.16129032258064513,0.4347826086956522,True
loja_de_cidadao_do_saldanha,Cartão Estacionamento (Pessoa com Deficiência),59,41,26,2026-07-26 23:34:46.048292+00:00,2026-07-31 09:31:53.621411+00:00,0.36585365853658536,0.4347826086956522,True
loja_de_cidadao_do_barreiro,Cartão de Cidadão - Outros,59,27,26,2026-07-26 23:34:46.048292+00:00,2026-07-31 09:31:53.621411+00:00,0.03703703703703709,0.4347826086956522,True
loja_de_cidadao_do_cacem,Diversos,59,31,26,2026-07-26 23:34:46.048292+00:00,2026-07-31 09:31:53.621411+00:00,0.16129032258064513,0.4347826086956522,True
loja_de_cidadao_de_alijo,Cartão de Cidadão Renovação maiores de 25 anos/ Citizen Card – Renewal for +25 years old,59,27,26,2026-07-26 23:34:46.048292+00:00,2026-07-31 09:31:53.621411+00:00,0.03703703703703709,0.4347826086956522,True
loja_de_cidadao_de_macao,Passaporte - Pedido,59,25,25,2026-07-26 23:34:46.048292+00:00,2026-07-31 09:31:53.621411+00:00,0.0,0.4444444444444444,True
loja_de_cidadao_de_montalegre,Atendimento Geral/ General Attendance,59,25,25,2026-07-26 23:34:46.048292+00:00,2026-07-31 09:31:53.621411+00:00,0.0,0.4444444444444444,False
loja_de_cidadao_de_felgueiras,Acção Social,59,25,25,2026-07-26 23:34:46.048292+00:00,2026-07-31 09:31:53.621411+00:00,0.0,0.4444444444444444,True
loja_de_cidadao_de_penalva_do_castelo,Nacionalidade - Profissionais,59,25,25,2026-07-26 23:34:46.048292+00:00,2026-07-31 09:31:53.621411+00:00,0.0,0.4444444444444444,True
loja_de_cidadao_de_montalegre, Certificados /Traduções / Procurações/ Reconhecimentos / Fotocópias/ Instrumentos/ Outros,59,25,25,2026-07-26 23:34:46.048292+00:00,2026-07-31 09:31:53.621411+00:00,0.0,0.4444444444444444,False
loja_de_cidadao_de_mafra,Levantamento de NISS,59,25,25,2026-07-26 23:34:46.048292+00:00,2026-07-31 09:31:53.621411+00:00,0.0,0.4444444444444444,True
loja_de_cidadao_de_sao_joao_da_madeira,Casa Pronta,59,25,25,2026-07-26 23:34:46.048292+00:00,2026-07-31 09:31:53.621411+00:00,0.0,0.4444444444444444,True
loja_de_cidadao_de_ponte_da_barca,Certificados de Aforro e Poupança/ Savings Certificates,59,25,25,2026-07-26 23:34:46.048292+00:00,2026-07-31 09:31:53.621411+00:00,0.0,0.4444444444444444,True
loja_de_cidadao_de_penalva_do_castelo,Casa Pronta,59,25,25,2026-07-26 23:34:46.048292+00:00,2026-07-31 09:31:53.621411+00:00,0.0,0.4444444444444444,True
loja_de_cidadao_de_penalva_do_castelo,Habilitação / Partilha de Herança / Partilha por divórcio,59,25,25,2026-07-26 23:34:46.048292+00:00,2026-07-31 09:31:53.621411+00:00,0.0,0.4444444444444444,True
loja_de_cidadao_de_felgueiras,Atendimento de entidades,59,25,25,2026-07-26 23:34:46.048292+00:00,2026-07-31 09:31:53.621411+00:00,0.0,0.4444444444444444,True
loja_de_cidadao_do_sardoal,Atendimento Geral/ General Attendance,59,27,25,2026-07-26 23:34:46.048292+00:00,2026-07-31 09:31:53.621411+00:00,0.07407407407407407,0.4444444444444444,False
loja_de_cidadao_do_vimioso,Casa Pronta,59,25,25,2026-07-26 23:34:46.048292+00:00,2026-07-31 09:31:53.621411+00:00,0.0,0.4444444444444444,True
loja_de_cidadao_de_sao_joao_da_madeira,Galp - Gás Propano,59,25,25,2026-07-26 23:34:46.048292+00:00,2026-07-31 09:31:53.621411+00:00,0.0,0.4444444444444444,True
loja_de_cidadao_de_sao_joao_da_madeira,Registo Civil - Óbito/Espaço Óbito,59,25,25,2026-07-26 23:34:46.048292+00:00,2026-07-31 09:31:53.621411+00:00,0.0,0.4444444444444444,True
loja_de_cidadao_da_batalha,Registo Comercial - Pedido,59,25,25,2026-07-26 23:34:46.048292+00:00,2026-07-31 09:31:53.621411+00:00,0.0,0.4444444444444444,True
loja_de_cidadao_de_meda,Registo Comercial - Pedido,59,25,25,2026-07-26 23:34:46.048292+00:00,2026-07-31 09:31:53.621411+00:00,0.0,0.4444444444444444,True
loja_de_cidadao_de_meda,Nacionalidade - Profissionais,59,25,25,2026-07-26 23:34:46.048292+00:00,2026-07-31 09:31:53.621411+00:00,0.0,0.4444444444444444,True
loja_de_cidadao_da_batalha,Registo Comercial - Certidões / Inf.,59,25,25,2026-07-26 23:34:46.048292+00:00,2026-07-31 09:31:53.621411+00:00,0.0,0.4444444444444444,True
loja_de_cidadao_de_meda,Passaporte - Levantamento / Inf.,59,25,25,2026-07-26 23:34:46.048292+00:00,2026-07-31 09:31:53.621411+00:00,0.0,0.4444444444444444,True
loja_de_cidadao_de_meda,Pessoas coletivas e entidades equiparadas,59,25,25,2026-07-26 23:34:46.048292+00:00,2026-07-31 09:31:53.621411+00:00,0.0,0.4444444444444444,True
loja_de_cidadao_de_felgueiras,Município de Felgueiras / Felgueiras Municipality,59,25,25,2026-07-26 23:34:46.048292+00:00,2026-07-31 09:31:53.621411+00:00,0.0,0.4444444444444444,True
loja_de_cidadao_de_ponte_da_barca,Empresa na Hora / Marca / Associação / Cooperativa / Sucursal na Hora,59,25,25,2026-07-26 23:34:46.048292+00:00,2026-07-31 09:31:53.621411+00:00,0.0,0.4444444444444444,True
loja_de_cidadao_de_felgueiras,Levantamento de NISS,59,25,25,2026-07-26 23:34:46.048292+00:00,2026-07-31 09:31:53.621411+00:00,0.0,0.4444444444444444,True
loja_de_cidadao_de_santo_tirso,Atendimento Geral/ General Attendance,59,25,25,2026-07-26 23:34:46.048292+00:00,2026-07-31 09:31:53.621411+00:00,0.0,0.4444444444444444,False
loja_de_cidadao_de_santo_tirso,Cartão de Cidadão - Outros,59,25,25,2026-07-26 23:34:46.048292+00:00,2026-07-31 09:31:53.621411+00:00,0.0,0.4444444444444444,True
loja_de_cidadao_de_meda,Registo Comercial - Certidões / Inf.,59,25,25,2026-07-26 23:34:46.048292+00:00,2026-07-31 09:31:53.621411+00:00,0.0,0.4444444444444444,True
loja_de_cidadao_de_santo_tirso,Casa Pronta,59,25,25,2026-07-26 23:34:46.048292+00:00,2026-07-31 09:31:53.621411+00:00,0.0,0.4444444444444444,True
loja_de_cidadao_de_santo_tirso,Certificados de Aforro e Poupança/ Savings Certificates,59,25,25,2026-07-26 23:34:46.048292+00:00,2026-07-31 09:31:53.621411+00:00,0.0,0.4444444444444444,True
loja_de_cidadao_de_santo_tirso,Empresa na Hora / Marca / Associação / Cooperativa / Sucursal na Hora,59,25,25,2026-07-26 23:34:46.048292+00:00,2026-07-31 09:31:53.621411+00:00,0.0,0.4444444444444444,True
loja_de_cidadao_de_santo_tirso,Habilitação / Partilha de Herança / Partilha por divórcio,59,25,25,2026-07-26 23:34:46.048292+00:00,2026-07-31 09:31:53.621411+00:00,0.0,0.4444444444444444,True
loja_de_cidadao_de_santo_tirso,Passaporte - Levantamento / Inf.,59,25,25,2026-07-26 23:34:46.048292+00:00,2026-07-31 09:31:53.621411+00:00,0.0,0.4444444444444444,True
loja_de_cidadao_de_santo_tirso,Passaporte - Pedido,59,25,25,2026-07-26 23:34:46.048292+00:00,2026-07-31 09:31:53.621411+00:00,0.0,0.4444444444444444,True
loja_de_cidadao_de_ponte_da_barca,Casa Pronta,59,25,25,2026-07-26 23:34:46.048292+00:00,2026-07-31 09:31:53.621411+00:00,0.0,0.4444444444444444,True
loja_de_cidadao_do_cacem,Registo veículos - Pedido,59,25,25,2026-07-26 23:34:46.048292+00:00,2026-07-31 09:31:53.621411+00:00,0.0,0.4444444444444444,True
loja_de_cidadao_de_montalegre,Cartão de Cidadão Renovação maiores de 25 anos/ Citizen Card – Renewal for +25 years old,59,25,25,2026-07-26 23:34:46.048292+00:00,2026-07-31 09:31:53.621411+00:00,0.0,0.4444444444444444,True
loja_de_cidadao_de_montalegre,Casa Pronta,59,25,25,2026-07-26 23:34:46.048292+00:00,2026-07-31 09:31:53.621411+00:00,0.0,0.4444444444444444,True
loja_de_cidadao_de_serpa,Certificados de Aforro e Poupança/ Savings Certificates,59,25,25,2026-07-26 23:34:46.048292+00:00,2026-07-31 09:31:53.621411+00:00,0.0,0.4444444444444444,True
loja_de_cidadao_de_serpa,Levantamento de NISS,59,25,25,2026-07-26 23:34:46.048292+00:00,2026-07-31 09:31:53.621411+00:00,0.0,0.4444444444444444,True
loja_de_cidadao_de_amares,Habilitação / Partilha de Herança / Partilha por divórcio,59,25,25,2026-07-26 23:34:46.048292+00:00,2026-07-31 09:31:53.621411+00:00,0.0,0.4444444444444444,True
loja_de_cidadao_de_penafiel,Gás Natural,59,25,25,2026-07-26 23:34:46.048292+00:00,2026-07-31 09:31:53.621411+00:00,0.0,0.4444444444444444,True
loja_de_cidadao_de_montalegre,Nacionalidade - Profissionais,59,25,25,2026-07-26 23:34:46.048292+00:00,2026-07-31 09:31:53.621411+00:00,0.0,0.4444444444444444,True
loja_de_cidadao_de_penafiel,Empresa na Hora / Marca / Associação / Cooperativa / Sucursal na Hora,59,25,25,2026-07-26 23:34:46.048292+00:00,2026-07-31 09:31:53.621411+00:00,0.0,0.4444444444444444,True
loja_de_cidadao_de_amares,Certificados de Aforro e Poupança/ Savings Certificates,59,25,25,2026-07-26 23:34:46.048292+00:00,2026-07-31 09:31:53.621411+00:00,0.0,0.4444444444444444,True
loja_de_cidadao_de_amares,Casa Pronta,59,25,25,2026-07-26 23:34:46.048292+00:00,2026-07-31 09:31:53.621411+00:00,0.0,0.4444444444444444,True
loja_de_cidadao_de_vila_velha_de_rodao, Certificados /Traduções / Procurações/ Reconhecimentos / Fotocópias/ Instrumentos/ Outros,59,25,25,2026-07-26 23:34:46.048292+00:00,2026-07-31 09:31:53.621411+00:00,0.0,0.4444444444444444,False
loja_de_cidadao_da_batalha,Habilitação / Partilha de Herança / Partilha por divórcio,59,25,25,2026-07-26 23:34:46.048292+00:00,2026-07-31 09:31:53.621411+00:00,0.0,0.4444444444444444,True
loja_de_cidadao_de_marvila,Cartão Estacionamento (Pessoa com Deficiência),59,44,25,2026-07-26 23:34:46.048292+00:00,2026-07-31 09:31:53.621411+00:00,0.43181818181818177,0.4444444444444444,True
loja_de_cidadao_do_cacem,Cartão de Cidadão - Outros,59,25,25,2026-07-26 23:34:46.048292+00:00,2026-07-31 09:31:53.621411+00:00,0.0,0.4444444444444444,True
loja_de_cidadao_do_cacem,Casa Pronta,59,25,25,2026-07-26 23:34:46.048292+00:00,2026-07-31 09:31:53.621411+00:00,0.0,0.4444444444444444,True
loja_de_cidadao_do_cacem,Cobranças,59,31,25,2026-07-26 23:34:46.048292+00:00,2026-07-31 09:31:53.621411+00:00,0.19354838709677424,0.4444444444444444,True
loja_de_cidadao_de_montalegre,Registo Civil - Casamento / Divórcio/Separação / Outros processos especiais,59,25,25,2026-07-26 23:34:46.048292+00:00,2026-07-31 09:31:53.621411+00:00,0.0,0.4444444444444444,True
loja_de_cidadao_de_montalegre,Habilitação / Partilha de Herança / Partilha por divórcio,59,25,25,2026-07-26 23:34:46.048292+00:00,2026-07-31 09:31:53.621411+00:00,0.0,0.4444444444444444,True
loja_de_cidadao_de_pinhal_novo,Urbanismo,59,25,25,2026-07-26 23:34:46.048292+00:00,2026-07-31 09:31:53.621411+00:00,0.0,0.4444444444444444,True
loja_de_cidadao_da_guarda,Certificados de Aforro e Poupança/ Savings Certificates,59,25,25,2026-07-26 23:34:46.048292+00:00,2026-07-31 09:31:53.621411+00:00,0.0,0.4444444444444444,True
loja_de_cidadao_de_mafra,Posto de serviços rápidos,59,25,25,2026-07-26 23:34:46.048292+00:00,2026-07-31 09:31:53.621411+00:00,0.0,0.4444444444444444,True
loja_de_cidadao_de_satao,Empresa na Hora / Marca / Associação / Cooperativa / Sucursal na Hora,59,25,25,2026-07-26 23:34:46.048292+00:00,2026-07-31 09:31:53.621411+00:00,0.0,0.4444444444444444,True
loja_de_cidadao_de_alvaiazere,Empresa na Hora / Marca / Associação / Cooperativa / Sucursal na Hora,59,25,25,2026-07-26 23:34:46.048292+00:00,2026-07-31 09:31:53.621411+00:00,0.0,0.4444444444444444,True
loja_de_cidadao_de_satao,Habilitação / Partilha de Herança / Partilha por divórcio,59,25,25,2026-07-26 23:34:46.048292+00:00,2026-07-31 09:31:53.621411+00:00,0.0,0.4444444444444444,True
loja_de_cidadao_da_anadia,Nacionalidade - Cidadão / Particulares,59,25,25,2026-07-26 23:34:46.048292+00:00,2026-07-31 09:31:53.621411+00:00,0.0,0.4444444444444444,True
loja_de_cidadao_de_montalegre,Empresa na Hora / Marca / Associação / Cooperativa / Sucursal na Hora,59,25,25,2026-07-26 23:34:46.048292+00:00,2026-07-31 09:31:53.621411+00:00,0.0,0.4444444444444444,True
loja_de_cidadao_de_satao,Nacionalidade - Profissionais,59,25,25,2026-07-26 23:34:46.048292+00:00,2026-07-31 09:31:53.621411+00:00,0.0,0.4444444444444444,True
loja_de_cidadao_de_alvaiazere,Registo veículos - Pedido,59,25,25,2026-07-26 23:34:46.048292+00:00,2026-07-31 09:31:53.621411+00:00,0.0,0.4444444444444444,True
loja_de_cidadao_de_penafiel,Outros,59,25,25,2026-07-26 23:34:46.048292+00:00,2026-07-31 09:31:53.621411+00:00,0.0,0.4444444444444444,True
loja_de_cidadao_de_amares,Nacionalidade - Profissionais,59,25,25,2026-07-26 23:34:46.048292+00:00,2026-07-31 09:31:53.621411+00:00,0.0,0.4444444444444444,True
loja_de_cidadao_de_alvaiazere,Casa Pronta,59,25,25,2026-07-26 23:34:46.048292+00:00,2026-07-31 09:31:53.621411+00:00,0.0,0.4444444444444444,True
loja_de_cidadao_de_amares,Nacionalidade - Cidadão / Particulares,59,25,25,2026-07-26 23:34:46.048292+00:00,2026-07-31 09:31:53.621411+00:00,0.0,0.4444444444444444,True
loja_de_cidadao_de_alijo,Tesouraria,59,25,25,2026-07-26 23:34:46.048292+00:00,2026-07-31 09:31:53.621411+00:00,0.0,0.4444444444444444,True
loja_de_cidadao_de_satao,Registo Comercial - Certidões / Inf.,59,25,25,2026-07-26 23:34:46.048292+00:00,2026-07-31 09:31:53.621411+00:00,0.0,0.4444444444444444,True
loja_de_cidadao_de_satao,Registo Comercial - Pedido,59,25,25,2026-07-26 23:34:46.048292+00:00,2026-07-31 09:31:53.621411+00:00,0.0,0.4444444444444444,True
loja_de_cidadao_de_penalva_do_castelo,Registo Comercial - Pedido,59,25,25,2026-07-26 23:34:46.048292+00:00,2026-07-31 09:31:53.621411+00:00,0.0,0.4444444444444444,True
loja_de_cidadao_de_mafra,Entrega de Documentos,59,25,25,2026-07-26 23:34:46.048292+00:00,2026-07-31 09:31:53.621411+00:00,0.0,0.4444444444444444,True
loja_de_cidadao_do_cacem,Registo Predial - Certidões / Inf. ,59,25,25,2026-07-26 23:34:46.048292+00:00,2026-07-31 09:31:53.621411+00:00,0.0,0.4444444444444444,False
loja_de_cidadao_de_resende,Registo Comercial - Pedido,59,25,25,2026-07-26 23:34:46.048292+00:00,2026-07-31 09:31:53.621411+00:00,0.0,0.4444444444444444,True
loja_de_cidadao_da_batalha,Empresa na Hora / Marca / Associação / Cooperativa / Sucursal na Hora,59,25,25,2026-07-26 23:34:46.048292+00:00,2026-07-31 09:31:53.621411+00:00,0.0,0.4444444444444444,True
loja_de_cidadao_do_vimioso,Registo Comercial - Certidões / Inf.,59,25,25,2026-07-26 23:34:46.048292+00:00,2026-07-31 09:31:53.621411+00:00,0.0,0.4444444444444444,True
loja_de_cidadao_de_macao,Registo Comercial - Pedido,59,25,25,2026-07-26 23:34:46.048292+00:00,2026-07-31 09:31:53.621411+00:00,0.0,0.4444444444444444,True
loja_de_cidadao_de_arruda_dos_vinhos,Atendimento Geral,59,28,25,2026-07-26 23:34:46.048292+00:00,2026-07-31 09:31:53.621411+00:00,0.1071428571428571,0.4444444444444444,True
loja_de_cidadao_de_resende,Certificados de Aforro e Poupança/ Savings Certificates,59,25,25,2026-07-26 23:34:46.048292+00:00,2026-07-31 09:31:53.621411+00:00,0.0,0.4444444444444444,True
loja_de_cidadao_de_resende,Empresa na Hora / Marca / Associação / Cooperativa / Sucursal na Hora,59,25,25,2026-07-26 23:34:46.048292+00:00,2026-07-31 09:31:53.621411+00:00,0.0,0.4444444444444444,True
loja_de_cidadao_de_ribeira_de_pena, Certificados /Traduções / Procurações/ Reconhecimentos / Fotocópias/ Instrumentos/ Outros,59,25,25,2026-07-26 23:34:46.048292+00:00,2026-07-31 09:31:53.621411+00:00,0.0,0.4444444444444444,False
loja_de_cidadao_de_queluz,Entrega de Documentos,59,25,25,2026-07-26 23:34:46.048292+00:00,2026-07-31 09:31:53.621411+00:00,0.0,0.4444444444444444,True
loja_de_cidadao_de_macao,Registo Predial - Certidões / Inf. ,59,25,25,2026-07-26 23:34:46.048292+00:00,2026-07-31 09:31:53.621411+00:00,0.0,0.4444444444444444,False
loja_de_cidadao_de_macao,Registo Predial - Pedido,59,25,25,2026-07-26 23:34:46.048292+00:00,2026-07-31 09:31:53.621411+00:00,0.0,0.4444444444444444,True
loja_de_cidadao_de_meda, Certificados /Traduções / Procurações/ Reconhecimentos / Fotocópias/ Instrumentos/ Outros,59,25,25,2026-07-26 23:34:46.048292+00:00,2026-07-31 09:31:53.621411+00:00,0.0,0.4444444444444444,False
loja_de_cidadao_do_vimioso,Registo Civil - Óbito/Espaço Óbito,59,25,25,2026-07-26 23:34:46.048292+00:00,2026-07-31 09:31:53.621411+00:00,0.0,0.4444444444444444,True
loja_de_cidadao_de_ribeira_de_pena,Registo Civil - Nascimento,59,25,25,2026-07-26 23:34:46.048292+00:00,2026-07-31 09:31:53.621411+00:00,0.0,0.4444444444444444,True
loja_de_cidadao_do_cacem,Levantamento de NISS,59,25,25,2026-07-26 23:34:46.048292+00:00,2026-07-31 09:31:53.621411+00:00,0.0,0.4444444444444444,True
loja_de_cidadao_de_queluz,Levantamentos/ Withdrawls,59,28,25,2026-07-26 23:34:46.048292+00:00,2026-07-31 09:31:53.621411+00:00,0.1071428571428571,0.4444444444444444,True
loja_de_cidadao_de_alvaiazere,Registo Civil - Casamento / Divórcio/Separação / Outros processos especiais,59,25,25,2026-07-26 23:34:46.048292+00:00,2026-07-31 09:31:53.621411+00:00,0.0,0.4444444444444444,True
loja_de_cidadao_de_macao,Registo veículos - Pedido,59,25,25,2026-07-26 23:34:46.048292+00:00,2026-07-31 09:31:53.621411+00:00,0.0,0.4444444444444444,True
loja_de_cidadao_de_macao,Casa Pronta,59,25,25,2026-07-26 23:34:46.048292+00:00,2026-07-31 09:31:53.621411+00:00,0.0,0.4444444444444444,True
loja_de_cidadao_da_batalha,Passaporte - Levantamento / Inf.,59,25,25,2026-07-26 23:34:46.048292+00:00,2026-07-31 09:31:53.621411+00:00,0.0,0.4444444444444444,True
loja_de_cidadao_de_macao,Nacionalidade - Profissionais,59,25,25,2026-07-26 23:34:46.048292+00:00,2026-07-31 09:31:53.621411+00:00,0.0,0.4444444444444444,True
loja_de_cidadao_de_macao,Nacionalidade - Cidadão / Particulares,59,25,25,2026-07-26 23:34:46.048292+00:00,2026-07-31 09:31:53.621411+00:00,0.0,0.4444444444444444,True
loja_de_cidadao_de_macao,Habilitação / Partilha de Herança / Partilha por divórcio,59,25,25,2026-07-26 23:34:46.048292+00:00,2026-07-31 09:31:53.621411+00:00,0.0,0.4444444444444444,True
loja_de_cidadao_de_alvaiazere,Registo Comercial - Certidões / Inf.,59,25,25,2026-07-26 23:34:46.048292+00:00,2026-07-31 09:31:53.621411+00:00,0.0,0.4444444444444444,True
loja_de_cidadao_do_vimioso,Registo Comercial - Pedido,59,25,25,2026-07-26 23:34:46.048292+00:00,2026-07-31 09:31:53.621411+00:00,0.0,0.4444444444444444,True
loja_de_cidadao_de_macao,Cartão de Cidadão - Pedido/Renovação,59,25,25,2026-07-26 23:34:46.048292+00:00,2026-07-31 09:31:53.621411+00:00,0.0,0.4444444444444444,True
loja_de_cidadao_de_pinhal_novo,Certificados de Aforro e Poupança/ Savings Certificates,59,25,25,2026-07-26 23:34:46.048292+00:00,2026-07-31 09:31:53.621411+00:00,0.0,0.4444444444444444,True
loja_de_cidadao_de_macao,Registo Civil - Óbito/Espaço Óbito,59,25,25,2026-07-26 23:34:46.048292+00:00,2026-07-31 09:31:53.621411+00:00,0.0,0.4444444444444444,True
loja_de_cidadao_de_macao,Cartão de Cidadão - Levantamento,59,25,25,2026-07-26 23:34:46.048292+00:00,2026-07-31 09:31:53.621411+00:00,0.0,0.4444444444444444,True
loja_de_cidadao_de_alvaiazere,Registo Civil - Nascimento,59,25,25,2026-07-26 23:34:46.048292+00:00,2026-07-31 09:31:53.621411+00:00,0.0,0.4444444444444444,True
loja_de_cidadao_do_cacem,Habilitação / Partilha de Herança / Partilha por divórcio,59,25,25,2026-07-26 23:34:46.048292+00:00,2026-07-31 09:31:53.621411+00:00,0.0,0.4444444444444444,True
loja_de_cidadao_de_macao,Registo Comercial - Certidões / Inf.,59,25,25,2026-07-26 23:34:46.048292+00:00,2026-07-31 09:31:53.621411+00:00,0.0,0.4444444444444444,True
loja_de_cidadao_de_macao,Atendimento Geral,59,25,25,2026-07-26 23:34:46.048292+00:00,2026-07-31 09:31:53.621411+00:00,0.0,0.4444444444444444,True
loja_de_cidadao_da_anadia,Habilitação / Partilha de Herança / Partilha por divórcio,59,25,25,2026-07-26 23:34:46.048292+00:00,2026-07-31 09:31:53.621411+00:00,0.0,0.4444444444444444,True
loja_de_cidadao_de_rio_maior,Apoio ao Consumidor - DECO,59,25,25,2026-07-26 23:34:46.048292+00:00,2026-07-31 09:31:53.621411+00:00,0.0,0.4444444444444444,True
loja_de_cidadao_de_macao,Passaporte - Levantamento / Inf.,59,25,25,2026-07-26 23:34:46.048292+00:00,2026-07-31 09:31:53.621411+00:00,0.0,0.4444444444444444,True
loja_de_cidadao_da_anadia,Casa Pronta,59,25,25,2026-07-26 23:34:46.048292+00:00,2026-07-31 09:31:53.621411+00:00,0.0,0.4444444444444444,True
loja_de_cidadao_de_rio_maior,Tesouraria,59,25,25,2026-07-26 23:34:46.048292+00:00,2026-07-31 09:31:53.621411+00:00,0.0,0.4444444444444444,True
loja_de_cidadao_de_meda,Casa Pronta,59,25,25,2026-07-26 23:34:46.048292+00:00,2026-07-31 09:31:53.621411+00:00,0.0,0.4444444444444444,True
loja_de_cidadao_da_anadia,Empresa na Hora / Marca / Associação / Cooperativa / Sucursal na Hora,59,25,25,2026-07-26 23:34:46.048292+00:00,2026-07-31 09:31:53.621411+00:00,0.0,0.4444444444444444,True
loja_de_cidadao_de_meda,Habilitação / Partilha de Herança / Partilha por divórcio,59,25,25,2026-07-26 23:34:46.048292+00:00,2026-07-31 09:31:53.621411+00:00,0.0,0.4444444444444444,True
loja_de_cidadao_de_arruda_dos_vinhos,Levantamento de NISS,59,25,25,2026-07-26 23:34:46.048292+00:00,2026-07-31 09:31:53.621411+00:00,0.0,0.4444444444444444,True
loja_de_cidadao_de_ponte_da_barca,Registo Comercial - Pedido,59,25,25,2026-07-26 23:34:46.048292+00:00,2026-07-31 09:31:53.621411+00:00,0.0,0.4444444444444444,True
loja_de_cidadao_de_arruda_dos_vinhos,Posto de serviços rápidos,59,25,25,2026-07-26 23:34:46.048292+00:00,2026-07-31 09:31:53.621411+00:00,0.0,0.4444444444444444,True
loja_de_cidadao_de_gondomar,Casa Pronta,59,25,25,2026-07-26 23:34:46.048292+00:00,2026-07-31 09:31:53.621411+00:00,0.0,0.4444444444444444,True
loja_de_cidadao_do_cacem,Passaporte - Pedido,59,25,25,2026-07-26 23:34:46.048292+00:00,2026-07-31 09:31:53.621411+00:00,0.0,0.4444444444444444,True
loja_de_cidadao_de_alvaiazere,Registo Predial - Pedido,59,25,25,2026-07-26 23:34:46.048292+00:00,2026-07-31 09:31:53.621411+00:00,0.0,0.4444444444444444,True
loja_de_cidadao_de_alvaiazere,Nacionalidade - Profissionais,59,25,25,2026-07-26 23:34:46.048292+00:00,2026-07-31 09:31:53.621411+00:00,0.0,0.4444444444444444,True
loja_de_cidadao_de_alvaiazere,Nacionalidade - Cidadão / Particulares,59,25,25,2026-07-26 23:34:46.048292+00:00,2026-07-31 09:31:53.621411+00:00,0.0,0.4444444444444444,True
loja_de_cidadao_de_alvaiazere,Habilitação / Partilha de Herança / Partilha por divórcio,59,25,25,2026-07-26 23:34:46.048292+00:00,2026-07-31 09:31:53.621411+00:00,0.0,0.4444444444444444,True
loja_de_cidadao_do_cacem,Posto de serviços rápidos,59,25,25,2026-07-26 23:34:46.048292+00:00,2026-07-31 09:31:53.621411+00:00,0.0,0.4444444444444444,True
loja_de_cidadao_de_gondomar,Cartão de Cidadão - Outros,59,25,25,2026-07-26 23:34:46.048292+00:00,2026-07-31 09:31:53.621411+00:00,0.0,0.4444444444444444,True
loja_de_cidadao_de_gondomar,Empresa na Hora / Marca / Associação / Cooperativa / Sucursal na Hora,59,25,25,2026-07-26 23:34:46.048292+00:00,2026-07-31 09:31:53.621411+00:00,0.0,0.4444444444444444,True
loja_de_cidadao_de_rio_maior,Atendimento Geral,59,25,25,2026-07-26 23:34:46.048292+00:00,2026-07-31 09:31:53.621411+00:00,0.0,0.4444444444444444,True
loja_de_cidadao_da_batalha,Casa Pronta,59,25,25,2026-07-26 23:34:46.048292+00:00,2026-07-31 09:31:53.621411+00:00,0.0,0.4444444444444444,True
loja_de_cidadao_de_rio_maior,Carta de Condução/ Driving License,59,25,25,2026-07-26 23:34:46.048292+00:00,2026-07-31 09:31:53.621411+00:00,0.0,0.4444444444444444,True
loja_de_cidadao_de_rio_maior,Casa Pronta,59,25,25,2026-07-26 23:34:46.048292+00:00,2026-07-31 09:31:53.621411+00:00,0.0,0.4444444444444444,True
loja_de_cidadao_de_leiria,COVID,59,25,25,2026-07-26 23:34:46.048292+00:00,2026-07-31 09:31:53.621411+00:00,0.0,0.4444444444444444,True
loja_de_cidadao_de_alvaiazere,Registo Comercial - Pedido,59,25,25,2026-07-26 23:34:46.048292+00:00,2026-07-31 09:31:53.621411+00:00,0.0,0.4444444444444444,True
loja_de_cidadao_de_rio_maior,Empresa na Hora / Marca / Associação / Cooperativa / Sucursal na Hora,59,25,25,2026-07-26 23:34:46.048292+00:00,2026-07-31 09:31:53.621411+00:00,0.0,0.4444444444444444,True
loja_de_cidadao_de_meda,Cartão de Cidadão - Levantamento,59,25,25,2026-07-26 23:34:46.048292+00:00,2026-07-31 09:31:53.621411+00:00,0.0,0.4444444444444444,True
loja_de_cidadao_de_rio_maior,Licenciamento de Festas,59,25,25,2026-07-26 23:34:46.048292+00:00,2026-07-31 09:31:53.621411+00:00,0.0,0.4444444444444444,True
loja_de_cidadao_de_penafiel,Certificados de Aforro e Poupança/ Savings Certificates,59,25,25,2026-07-26 23:34:46.048292+00:00,2026-07-31 09:31:53.621411+00:00,0.0,0.4444444444444444,True
loja_de_cidadao_de_rio_maior,Medidas de Apoio,59,25,25,2026-07-26 23:34:46.048292+00:00,2026-07-31 09:31:53.621411+00:00,0.0,0.4444444444444444,True
loja_de_cidadao_de_gondomar,Registo Civil - Óbito/Espaço Óbito,59,25,25,2026-07-26 23:34:46.048292+00:00,2026-07-31 09:31:53.621411+00:00,0.0,0.4444444444444444,True
loja_de_cidadao_de_gondomar,Registo Civil - Nascimento,59,25,25,2026-07-26 23:34:46.048292+00:00,2026-07-31 09:31:53.621411+00:00,0.0,0.4444444444444444,True
loja_de_cidadao_de_gondomar,Registo Civil - Certidões / Inf.,59,25,25,2026-07-26 23:34:46.048292+00:00,2026-07-31 09:31:53.621411+00:00,0.0,0.4444444444444444,True
loja_de_cidadao_de_gondomar,Registo Civil - Casamento / Divórcio/Separação / Outros processos especiais,59,25,25,2026-07-26 23:34:46.048292+00:00,2026-07-31 09:31:53.621411+00:00,0.0,0.4444444444444444,True
loja_de_cidadao_de_gondomar,Habilitação / Partilha de Herança / Partilha por divórcio,59,25,25,2026-07-26 23:34:46.048292+00:00,2026-07-31 09:31:53.621411+00:00,0.0,0.4444444444444444,True
loja_de_cidadao_de_gondomar,Gestão de Dívida,59,25,25,2026-07-26 23:34:46.048292+00:00,2026-07-31 09:31:53.621411+00:00,0.0,0.4444444444444444,True
loja_de_cidadao_de_borba,Registo Comercial - Pedido,59,25,25,2026-07-26 23:34:46.048292+00:00,2026-07-31 09:31:53.621411+00:00,0.0,0.4444444444444444,True
loja_de_cidadao_de_tavira,Habilitação / Partilha de Herança / Partilha por divórcio,59,25,25,2026-07-26 23:34:46.048292+00:00,2026-07-31 09:31:53.621411+00:00,0.0,0.4444444444444444,True
loja_de_cidadao_de_carregal_do_sal,Registo veículos - Pedido,59,25,25,2026-07-26 23:34:46.048292+00:00,2026-07-31 09:31:53.621411+00:00,0.0,0.4444444444444444,True
loja_de_cidadao_de_belmonte,Habilitação / Partilha de Herança / Partilha por divórcio,59,25,25,2026-07-26 23:34:46.048292+00:00,2026-07-31 09:31:53.621411+00:00,0.0,0.4444444444444444,True
loja_de_cidadao_de_torres_vedras,Casa Pronta,59,25,25,2026-07-26 23:34:46.048292+00:00,2026-07-31 09:31:53.621411+00:00,0.0,0.4444444444444444,True
loja_de_cidadao_de_torres_vedras,Empresa na Hora / Marca / Associação / Cooperativa / Sucursal na Hora,59,25,25,2026-07-26 23:34:46.048292+00:00,2026-07-31 09:31:53.621411+00:00,0.0,0.4444444444444444,True
loja_de_cidadao_de_belmonte,Nacionalidade - Cidadão / Particulares,59,25,25,2026-07-26 23:34:46.048292+00:00,2026-07-31 09:31:53.621411+00:00,0.0,0.4444444444444444,True
loja_de_cidadao_de_torres_vedras,Habilitação / Partilha de Herança / Partilha por divórcio,59,25,25,2026-07-26 23:34:46.048292+00:00,2026-07-31 09:31:53.621411+00:00,0.0,0.4444444444444444,True
loja_de_cidadao_de_torres_vedras,Nacionalidade - Profissionais,59,25,25,2026-07-26 23:34:46.048292+00:00,2026-07-31 09:31:53.621411+00:00,0.0,0.4444444444444444,True
loja_de_cidadao_de_belmonte,Nacionalidade - Profissionais,59,25,25,2026-07-26 23:34:46.048292+00:00,2026-07-31 09:31:53.621411+00:00,0.0,0.4444444444444444,True
loja_de_cidadao_de_torres_novas,Nacionalidade - Cidadão / Particulares,59,25,25,2026-07-26 23:34:46.048292+00:00,2026-07-31 09:31:53.621411+00:00,0.0,0.4444444444444444,True
loja_de_cidadao_de_torres_vedras,Registo Civil - Nascimento,59,25,25,2026-07-26 23:34:46.048292+00:00,2026-07-31 09:31:53.621411+00:00,0.0,0.4444444444444444,True
loja_de_cidadao_de_torres_vedras,Registo Civil - Óbito/Espaço Óbito,59,25,25,2026-07-26 23:34:46.048292+00:00,2026-07-31 09:31:53.621411+00:00,0.0,0.4444444444444444,True
loja_de_cidadao_das_laranjeiras,Passaporte - Levantamento / Inf.,59,44,25,2026-07-26 23:34:46.048292+00:00,2026-07-31 09:31:53.621411+00:00,0.43181818181818177,0.4444444444444444,True
loja_de_cidadao_de_vila_real, Certificados /Traduções / Procurações/ Reconhecimentos / Fotocópias/ Instrumentos/ Outros,59,25,25,2026-07-26 23:34:46.048292+00:00,2026-07-31 09:31:53.621411+00:00,0.0,0.4444444444444444,False
loja_de_cidadao_de_vila_velha_de_rodao,Nacionalidade - Profissionais,59,25,25,2026-07-26 23:34:46.048292+00:00,2026-07-31 09:31:53.621411+00:00,0.0,0.4444444444444444,True
loja_de_cidadao_de_vila_velha_de_rodao,Nacionalidade - Cidadão / Particulares,59,25,25,2026-07-26 23:34:46.048292+00:00,2026-07-31 09:31:53.621411+00:00,0.0,0.4444444444444444,True
loja_de_cidadao_de_borba,Casa Pronta,59,25,25,2026-07-26 23:34:46.048292+00:00,2026-07-31 09:31:53.621411+00:00,0.0,0.4444444444444444,True
loja_de_cidadao_de_vila_velha_de_rodao,Passaporte - Pedido,59,25,25,2026-07-26 23:34:46.048292+00:00,2026-07-31 09:31:53.621411+00:00,0.0,0.4444444444444444,True
loja_de_cidadao_de_murca,Geral,59,25,25,2026-07-26 23:34:46.048292+00:00,2026-07-31 09:31:53.621411+00:00,0.0,0.4444444444444444,False
loja_de_cidadao_do_porto,Cartão de Cidadão - Outros,59,44,25,2026-07-26 23:34:46.048292+00:00,2026-07-31 09:31:53.621411+00:00,0.43181818181818177,0.4444444444444444,True
loja_de_cidadao_de_murca,Atendimento Geral/ General Attendance,59,31,25,2026-07-26 23:34:46.048292+00:00,2026-07-31 09:31:53.621411+00:00,0.19354838709677424,0.4444444444444444,False
loja_de_cidadao_da_anadia,Registo Comercial - Certidões / Inf.,59,25,25,2026-07-26 23:34:46.048292+00:00,2026-07-31 09:31:53.621411+00:00,0.0,0.4444444444444444,True
loja_de_cidadao_da_anadia,Registo veículos - Certidões / Inf.,59,25,25,2026-07-26 23:34:46.048292+00:00,2026-07-31 09:31:53.621411+00:00,0.0,0.4444444444444444,True
loja_de_cidadao_de_torres_novas,Casa Pronta,59,25,25,2026-07-26 23:34:46.048292+00:00,2026-07-31 09:31:53.621411+00:00,0.0,0.4444444444444444,True
loja_de_cidadao_do_vimioso,Pessoas coletivas e entidades equiparadas,59,25,25,2026-07-26 23:34:46.048292+00:00,2026-07-31 09:31:53.621411+00:00,0.0,0.4444444444444444,True
loja_de_cidadao_de_abrantes,CIAC Infomação ao consumidor/ CIAC - Consumer Information,59,25,25,2026-07-26 23:34:46.048292+00:00,2026-07-31 09:31:53.621411+00:00,0.0,0.4444444444444444,True
loja_de_cidadao_de_cascais,Levantamento de NISS,59,25,25,2026-07-26 23:34:46.048292+00:00,2026-07-31 09:31:53.621411+00:00,0.0,0.4444444444444444,True
loja_de_cidadao_de_vila_velha_de_rodao,Pessoas coletivas e entidades equiparadas,59,25,25,2026-07-26 23:34:46.048292+00:00,2026-07-31 09:31:53.621411+00:00,0.0,0.4444444444444444,True
loja_de_cidadao_de_vila_velha_de_rodao,Registo Civil - Certidões / Inf.,59,25,25,2026-07-26 23:34:46.048292+00:00,2026-07-31 09:31:53.621411+00:00,0.0,0.4444444444444444,True
loja_de_cidadao_de_torres_novas,Empresa na Hora / Marca / Associação / Cooperativa / Sucursal na Hora,59,25,25,2026-07-26 23:34:46.048292+00:00,2026-07-31 09:31:53.621411+00:00,0.0,0.4444444444444444,True
loja_de_cidadao_de_belmonte,Casa Pronta,58,25,25,2026-07-26 23:34:46.048292+00:00,2026-07-31 09:31:53.621411+00:00,0.0,0.4444444444444444,True
loja_de_cidadao_de_vila_velha_de_rodao,Registo Civil - Casamento / Divórcio/Separação / Outros processos especiais,59,25,25,2026-07-26 23:34:46.048292+00:00,2026-07-31 09:31:53.621411+00:00,0.0,0.4444444444444444,True
loja_de_cidadao_de_belmonte,Empresa na Hora / Marca / Associação / Cooperativa / Sucursal na Hora,59,25,25,2026-07-26 23:34:46.048292+00:00,2026-07-31 09:31:53.621411+00:00,0.0,0.4444444444444444,True
loja_de_cidadao_de_borba,Certificados de Aforro e Poupança/ Savings Certificates,59,25,25,2026-07-26 23:34:46.048292+00:00,2026-07-31 09:31:53.621411+00:00,0.0,0.4444444444444444,True
loja_de_cidadao_de_vila_pouca_aguiar,Registo Comercial - Pedido,59,25,25,2026-07-26 23:34:46.048292+00:00,2026-07-31 09:31:53.621411+00:00,0.0,0.4444444444444444,True
loja_de_cidadao_de_murca,Levantamento de NISS,59,25,25,2026-07-26 23:34:46.048292+00:00,2026-07-31 09:31:53.621411+00:00,0.0,0.4444444444444444,True
loja_de_cidadao_de_torres_novas, Certificados /Traduções / Procurações/ Reconhecimentos / Fotocópias/ Instrumentos/ Outros,59,25,25,2026-07-26 23:34:46.048292+00:00,2026-07-31 09:31:53.621411+00:00,0.0,0.4444444444444444,False
loja_de_cidadao_de_vila_nova_de_gaia,Nacionalidade - Cidadão / Particulares,59,25,25,2026-07-26 23:34:46.048292+00:00,2026-07-31 09:31:53.621411+00:00,0.0,0.4444444444444444,True
loja_de_cidadao_de_vila_nova_de_gaia,Casa Pronta,59,25,25,2026-07-26 23:34:46.048292+00:00,2026-07-31 09:31:53.621411+00:00,0.0,0.4444444444444444,True
loja_de_cidadao_de_cantanhede,Empresa na Hora / Marca / Associação / Cooperativa / Sucursal na Hora,59,25,25,2026-07-26 23:34:46.048292+00:00,2026-07-31 09:31:53.621411+00:00,0.0,0.4444444444444444,True
loja_de_cidadao_de_vila_pouca_aguiar,Cartão de Cidadão Renovação maiores de 25 anos/ Citizen Card – Renewal for +25 years old,59,25,25,2026-07-26 23:34:46.048292+00:00,2026-07-31 09:31:53.621411+00:00,0.0,0.4444444444444444,True
loja_de_cidadao_de_cantanhede,Certificados de Aforro e Poupança/ Savings Certificates,59,25,25,2026-07-26 23:34:46.048292+00:00,2026-07-31 09:31:53.621411+00:00,0.0,0.4444444444444444,True
loja_de_cidadao_de_cantanhede,Casa Pronta,59,25,25,2026-07-26 23:34:46.048292+00:00,2026-07-31 09:31:53.621411+00:00,0.0,0.4444444444444444,True
loja_de_cidadao_de_vila_nova_de_gaia,Empresa na Hora / Marca / Associação / Cooperativa / Sucursal na Hora,59,25,25,2026-07-26 23:34:46.048292+00:00,2026-07-31 09:31:53.621411+00:00,0.0,0.4444444444444444,True
loja_de_cidadao_de_vila_nova_de_gaia,Nacionalidade - Profissionais,59,25,25,2026-07-26 23:34:46.048292+00:00,2026-07-31 09:31:53.621411+00:00,0.0,0.4444444444444444,True
loja_de_cidadao_de_vila_pouca_aguiar,Casa Pronta,59,25,25,2026-07-26 23:34:46.048292+00:00,2026-07-31 09:31:53.621411+00:00,0.0,0.4444444444444444,True
loja_de_cidadao_de_cantanhede,Atendimento Geral/ General Attendance,59,25,25,2026-07-26 23:34:46.048292+00:00,2026-07-31 09:31:53.621411+00:00,0.0,0.4444444444444444,False
loja_de_cidadao_de_murca,Registo Civil - Óbito/Espaço Óbito,59,31,25,2026-07-26 23:34:46.048292+00:00,2026-07-31 09:31:53.621411+00:00,0.19354838709677424,0.4444444444444444,True
loja_de_cidadao_de_vila_velha_de_rodao,Cartão de Cidadão - Levantamento,59,25,25,2026-07-26 23:34:46.048292+00:00,2026-07-31 09:31:53.621411+00:00,0.0,0.4444444444444444,True
loja_de_cidadao_de_vila_nova_de_gaia,Pessoas coletivas e entidades equiparadas,59,25,25,2026-07-26 23:34:46.048292+00:00,2026-07-31 09:31:53.621411+00:00,0.0,0.4444444444444444,True
loja_de_cidadao_de_vila_velha_de_rodao,Cartão de Cidadão - Outros,59,25,25,2026-07-26 23:34:46.048292+00:00,2026-07-31 09:31:53.621411+00:00,0.0,0.4444444444444444,True
loja_de_cidadao_de_vila_pouca_aguiar, Certificados /Traduções / Procurações/ Reconhecimentos / Fotocópias/ Instrumentos/ Outros,59,25,25,2026-07-26 23:34:46.048292+00:00,2026-07-31 09:31:53.621411+00:00,0.0,0.4444444444444444,False
loja_de_cidadao_de_vila_nova_de_gaia, Certificados /Traduções / Procurações/ Reconhecimentos / Fotocópias/ Instrumentos/ Outros,59,25,25,2026-07-26 23:34:46.048292+00:00,2026-07-31 09:31:53.621411+00:00,0.0,0.4444444444444444,False
loja_de_cidadao_de_vila_pouca_aguiar,Empresa na Hora / Marca / Associação / Cooperativa / Sucursal na Hora,59,25,25,2026-07-26 23:34:46.048292+00:00,2026-07-31 09:31:53.621411+00:00,0.0,0.4444444444444444,True
loja_de_cidadao_do_vimioso,Passaporte - Levantamento / Inf.,59,25,25,2026-07-26 23:34:46.048292+00:00,2026-07-31 09:31:53.621411+00:00,0.0,0.4444444444444444,True
loja_de_cidadao_de_vila_pouca_aguiar,Nacionalidade - Cidadão / Particulares,59,25,25,2026-07-26 23:34:46.048292+00:00,2026-07-31 09:31:53.621411+00:00,0.0,0.4444444444444444,True
loja_de_cidadao_de_carregal_do_sal,Habilitação / Partilha de Herança / Partilha por divórcio,59,25,25,2026-07-26 23:34:46.048292+00:00,2026-07-31 09:31:53.621411+00:00,0.0,0.4444444444444444,True
loja_de_cidadao_de_campo_maior,Certificados de Aforro e Poupança/ Savings Certificates,59,25,25,2026-07-26 23:34:46.048292+00:00,2026-07-31 09:31:53.621411+00:00,0.0,0.4444444444444444,True
loja_de_cidadao_de_murca,Tesouraria,59,25,25,2026-07-26 23:34:46.048292+00:00,2026-07-31 09:31:53.621411+00:00,0.0,0.4444444444444444,True
loja_de_cidadao_de_belmonte,Registo Civil - Nascimento,59,25,25,2026-07-26 23:34:46.048292+00:00,2026-07-31 09:31:53.621411+00:00,0.0,0.4444444444444444,True
loja_de_cidadao_de_carregal_do_sal,Casa Pronta,59,25,25,2026-07-26 23:34:46.048292+00:00,2026-07-31 09:31:53.621411+00:00,0.0,0.4444444444444444,True
loja_de_cidadao_de_belmonte,Registo Civil - Óbito/Espaço Óbito,59,25,25,2026-07-26 23:34:46.048292+00:00,2026-07-31 09:31:53.621411+00:00,0.0,0.4444444444444444,True
loja_de_cidadao_de_campo_maior,Levantamento de NISS,59,25,25,2026-07-26 23:34:46.048292+00:00,2026-07-31 09:31:53.621411+00:00,0.0,0.4444444444444444,True
loja_de_cidadao_de_cantanhede,Registo Comercial - Certidões / Inf.,59,25,25,2026-07-26 23:34:46.048292+00:00,2026-07-31 09:31:53.621411+00:00,0.0,0.4444444444444444,True
loja_de_cidadao_de_vila_pouca_aguiar,Habilitação / Partilha de Herança / Partilha por divórcio,59,25,25,2026-07-26 23:34:46.048292+00:00,2026-07-31 09:31:53.621411+00:00,0.0,0.4444444444444444,True
loja_de_cidadao_de_vila_velha_de_rodao,Habilitação / Partilha de Herança / Partilha por divórcio,59,25,25,2026-07-26 23:34:46.048292+00:00,2026-07-31 09:31:53.621411+00:00,0.0,0.4444444444444444,True
loja_de_cidadao_de_oliveira_de_frades, Certificados /Traduções / Procurações/ Reconhecimentos / Fotocópias/ Instrumentos/ Outros,58,25,25,2026-07-26 23:34:46.048292+00:00,2026-07-31 09:31:53.621411+00:00,0.0,0.4444444444444444,False
loja_de_cidadao_de_vila_velha_de_rodao,Casa Pronta,58,25,25,2026-07-26 23:34:46.048292+00:00,2026-07-31 09:31:53.621411+00:00,0.0,0.4444444444444444,True
loja_de_cidadao_de_vila_franca_de_xira,Posto de serviços rápidos,59,25,25,2026-07-26 23:34:46.048292+00:00,2026-07-31 09:31:53.621411+00:00,0.0,0.4444444444444444,True
loja_de_cidadao_de_vila_velha_de_rodao,Cartão de Cidadão Renovação maiores de 25 anos/ Citizen Card – Renewal for +25 years old,59,25,25,2026-07-26 23:34:46.048292+00:00,2026-07-31 09:31:53.621411+00:00,0.0,0.4444444444444444,True
loja_de_cidadao_das_laranjeiras,Certificados de Aforro e Poupança/ Savings Certificates,59,35,25,2026-07-26 23:34:46.048292+00:00,2026-07-31 09:31:53.621411+00:00,0.2857142857142857,0.4444444444444444,True
loja_de_cidadao_de_vila_velha_de_rodao,Registo Civil - Óbito/Espaço Óbito,59,25,25,2026-07-26 23:34:46.048292+00:00,2026-07-31 09:31:53.621411+00:00,0.0,0.4444444444444444,True
loja_de_cidadao_de_tavira,Registo Comercial - Pedido,59,25,25,2026-07-26 23:34:46.048292+00:00,2026-07-31 09:31:53.621411+00:00,0.0,0.4444444444444444,True
loja_de_cidadao_de_vila_real,Habilitação / Partilha de Herança / Partilha por divórcio,59,25,25,2026-07-26 23:34:46.048292+00:00,2026-07-31 09:31:53.621411+00:00,0.0,0.4444444444444444,True
loja_de_cidadao_de_coimbra,Advogado/Solicitador,59,25,25,2026-07-26 23:34:46.048292+00:00,2026-07-31 09:31:53.621411+00:00,0.0,0.4444444444444444,True
loja_de_cidadao_do_vimioso,Registo Civil - Certidões / Inf.,59,25,25,2026-07-26 23:34:46.048292+00:00,2026-07-31 09:31:53.621411+00:00,0.0,0.4444444444444444,True
loja_de_cidadao_do_porto,Registo veículos - Certidões / Inf.,59,44,25,2026-07-26 23:34:46.048292+00:00,2026-07-31 09:31:53.621411+00:00,0.43181818181818177,0.4444444444444444,True
loja_de_cidadao_de_castelo_de_paiva,Registo veículos - Pedido,59,25,25,2026-07-26 23:34:46.048292+00:00,2026-07-31 09:31:53.621411+00:00,0.0,0.4444444444444444,True
loja_de_cidadao_de_oliveira_de_frades,Empresa na Hora / Marca / Associação / Cooperativa / Sucursal na Hora,59,25,25,2026-07-26 23:34:46.048292+00:00,2026-07-31 09:31:53.621411+00:00,0.0,0.4444444444444444,True
loja_de_cidadao_de_oliveira_de_frades,Habilitação / Partilha de Herança / Partilha por divórcio,59,25,25,2026-07-26 23:34:46.048292+00:00,2026-07-31 09:31:53.621411+00:00,0.0,0.4444444444444444,True
loja_de_cidadao_da_anadia,Registo Predial - Certidões / Inf. ,59,25,25,2026-07-26 23:34:46.048292+00:00,2026-07-31 09:31:53.621411+00:00,0.0,0.4444444444444444,False
loja_de_cidadao_de_tarouca,Cartão de Cidadão - Outros,59,25,25,2026-07-26 23:34:46.048292+00:00,2026-07-31 09:31:53.621411+00:00,0.0,0.4444444444444444,True
loja_de_cidadao_de_setubal,Registo veículos - Pedido,59,44,25,2026-07-26 23:34:46.048292+00:00,2026-07-31 09:31:53.621411+00:00,0.43181818181818177,0.4444444444444444,True
loja_de_cidadao_de_castelo_de_paiva,Registo Comercial - Pedido,59,25,25,2026-07-26 23:34:46.048292+00:00,2026-07-31 09:31:53.621411+00:00,0.0,0.4444444444444444,True
loja_de_cidadao_do_vimioso,Empresa na Hora / Marca / Associação / Cooperativa / Sucursal na Hora,59,25,25,2026-07-26 23:34:46.048292+00:00,2026-07-31 09:31:53.621411+00:00,0.0,0.4444444444444444,True
loja_de_cidadao_de_vila_velha_de_rodao,Registo Comercial - Pedido,59,25,25,2026-07-26 23:34:46.048292+00:00,2026-07-31 09:31:53.621411+00:00,0.0,0.4444444444444444,True
loja_de_cidadao_de_vila_real,Casa Pronta,59,25,25,2026-07-26 23:34:46.048292+00:00,2026-07-31 09:31:53.621411+00:00,0.0,0.4444444444444444,True
loja_de_cidadao_de_borba,Registo Civil - Casamento / Divórcio/Separação / Outros processos especiais,59,25,25,2026-07-26 23:34:46.048292+00:00,2026-07-31 09:31:53.621411+00:00,0.0,0.4444444444444444,True
loja_de_cidadao_de_coimbra,Agente Funerário,59,25,25,2026-07-26 23:34:46.048292+00:00,2026-07-31 09:31:53.621411+00:00,0.0,0.4444444444444444,True
loja_de_cidadao_do_vimioso,Certificados de Aforro e Poupança/ Savings Certificates,59,25,25,2026-07-26 23:34:46.048292+00:00,2026-07-31 09:31:53.621411+00:00,0.0,0.4444444444444444,True
loja_de_cidadao_de_abrantes,SEF Certificados de Residência/ SEF - Residence Certificates,59,25,25,2026-07-26 23:34:46.048292+00:00,2026-07-31 09:31:53.621411+00:00,0.0,0.4444444444444444,True
loja_de_cidadao_de_vila_velha_de_rodao,Registo Predial - Pedido,59,25,25,2026-07-26 23:34:46.048292+00:00,2026-07-31 09:31:53.621411+00:00,0.0,0.4444444444444444,True
loja_de_cidadao_de_montalegre,Registo Comercial - Pedido,59,25,25,2026-07-26 23:34:46.048292+00:00,2026-07-31 09:31:53.621411+00:00,0.0,0.4444444444444444,True
loja_de_cidadao_de_vila_velha_de_rodao,Registo veículos - Pedido,59,25,25,2026-07-26 23:34:46.048292+00:00,2026-07-31 09:31:53.621411+00:00,0.0,0.4444444444444444,True
loja_de_cidadao_de_vila_velha_de_rodao,Atendimento Geral/ General Attendance,59,25,25,2026-07-26 23:34:46.048292+00:00,2026-07-31 09:31:53.621411+00:00,0.0,0.4444444444444444,False
loja_de_cidadao_de_montalegre,Registo Comercial - Certidões / Inf.,59,25,25,2026-07-26 23:34:46.048292+00:00,2026-07-31 09:31:53.621411+00:00,0.0,0.4444444444444444,True
loja_de_cidadao_do_vimioso,Registo Civil - Nascimento,59,25,25,2026-07-26 23:34:46.048292+00:00,2026-07-31 09:31:53.621411+00:00,0.0,0.4444444444444444,True
loja_de_cidadao_de_borba,Registo Comercial - Certidões / Inf.,59,25,25,2026-07-26 23:34:46.048292+00:00,2026-07-31 09:31:53.621411+00:00,0.0,0.4444444444444444,True
loja_de_cidadao_da_anadia,Nacionalidade - Profissionais,59,25,25,2026-07-26 23:34:46.048292+00:00,2026-07-31 09:31:53.621411+00:00,0.0,0.4444444444444444,True
loja_de_cidadao_de_coimbra,Cidadão,59,25,25,2026-07-26 23:34:46.048292+00:00,2026-07-31 09:31:53.621411+00:00,0.0,0.4444444444444444,True
loja_de_cidadao_de_oliveira_de_frades,Casa Pronta,59,25,25,2026-07-26 23:34:46.048292+00:00,2026-07-31 09:31:53.621411+00:00,0.0,0.4444444444444444,True
loja_de_cidadao_de_vila_real,Nacionalidade - Profissionais,59,25,25,2026-07-26 23:34:46.048292+00:00,2026-07-31 09:31:53.621411+00:00,0.0,0.4444444444444444,True
loja_de_cidadao_de_vila_real,Registo Comercial - Certidões / Inf.,59,25,25,2026-07-26 23:34:46.048292+00:00,2026-07-31 09:31:53.621411+00:00,0.0,0.4444444444444444,True
loja_de_cidadao_de_borba,Registo Predial - Pedido,59,25,25,2026-07-26 23:34:46.048292+00:00,2026-07-31 09:31:53.621411+00:00,0.0,0.4444444444444444,True
loja_de_cidadao_de_coimbra,Câmara - Atendimento Geral,59,44,25,2026-07-26 23:34:46.048292+00:00,2026-07-31 09:31:53.621411+00:00,0.43181818181818177,0.4444444444444444,False
loja_de_cidadao_de_tavira,Registo Civil - Óbito/Espaço Óbito,59,25,25,2026-07-26 23:34:46.048292+00:00,2026-07-31 09:31:53.621411+00:00,0.0,0.4444444444444444,True
loja_de_cidadao_de_oliveira_de_frades,Nacionalidade - Profissionais,59,25,25,2026-07-26 23:34:46.048292+00:00,2026-07-31 09:31:53.621411+00:00,0.0,0.4444444444444444,True
loja_de_cidadao_de_tavira,Cartão de Cidadão - Outros,59,25,25,2026-07-26 23:34:46.048292+00:00,2026-07-31 09:31:53.621411+00:00,0.0,0.4444444444444444,True
loja_de_cidadao_de_vila_velha_de_rodao,Registo Comercial - Certidões / Inf.,59,25,25,2026-07-26 23:34:46.048292+00:00,2026-07-31 09:31:53.621411+00:00,0.0,0.4444444444444444,True
loja_de_cidadao_de_tavira,Atendimento Geral,59,25,25,2026-07-26 23:34:46.048292+00:00,2026-07-31 09:31:53.621411+00:00,0.0,0.4444444444444444,True
loja_de_cidadao_da_anadia,Registo Comercial - Pedido,59,25,25,2026-07-26 23:34:46.048292+00:00,2026-07-31 09:31:53.621411+00:00,0.0,0.4444444444444444,True
loja_de_cidadao_de_tavira,Casa Pronta,59,25,25,2026-07-26 23:34:46.048292+00:00,2026-07-31 09:31:53.621411+00:00,0.0,0.4444444444444444,True
loja_de_cidadao_de_castelo_branco,Registo veículos - Pedido,59,25,25,2026-07-26 23:34:46.048292+00:00,2026-07-31 09:31:53.621411+00:00,0.0,0.4444444444444444,True
loja_de_cidadao_de_castelo_branco,Posto de serviços rápidos,59,25,25,2026-07-26 23:34:46.048292+00:00,2026-07-31 09:31:53.621411+00:00,0.0,0.4444444444444444,True
loja_de_cidadao_de_tavira,Certificados de Aforro e Poupança/ Savings Certificates,59,25,25,2026-07-26 23:34:46.048292+00:00,2026-07-31 09:31:53.621411+00:00,0.0,0.4444444444444444,True
loja_de_cidadao_de_tavira,Empresa na Hora / Marca / Associação / Cooperativa / Sucursal na Hora,59,25,25,2026-07-26 23:34:46.048292+00:00,2026-07-31 09:31:53.621411+00:00,0.0,0.4444444444444444,True
loja_de_cidadao_de_borba,Habilitação / Partilha de Herança / Partilha por divórcio,59,25,25,2026-07-26 23:34:46.048292+00:00,2026-07-31 09:31:53.621411+00:00,0.0,0.4444444444444444,True
loja_de_cidadao_de_tarouca,Registo Comercial - Pedido,59,25,25,2026-07-26 23:34:46.048292+00:00,2026-07-31 09:31:53.621411+00:00,0.0,0.4444444444444444,True
loja_de_cidadao_de_castelo_branco,Galp - Gás Propano,59,25,25,2026-07-26 23:34:46.048292+00:00,2026-07-31 09:31:53.621411+00:00,0.0,0.4444444444444444,True
loja_de_cidadao_de_castelo_branco,Galp - Eletricidade e Gás Natural,59,25,25,2026-07-26 23:34:46.048292+00:00,2026-07-31 09:31:53.621411+00:00,0.0,0.4444444444444444,True
loja_de_cidadao_de_vila_velha_de_rodao,Carta de Condução/ Driving License,59,25,25,2026-07-26 23:34:46.048292+00:00,2026-07-31 09:31:53.621411+00:00,0.0,0.4444444444444444,True
loja_de_cidadao_de_borba,Empresa na Hora / Marca / Associação / Cooperativa / Sucursal na Hora,59,25,25,2026-07-26 23:34:46.048292+00:00,2026-07-31 09:31:53.621411+00:00,0.0,0.4444444444444444,True
loja_de_cidadao_de_castelo_branco,Certificados de Aforro e Poupança/ Savings Certificates,59,25,25,2026-07-26 23:34:46.048292+00:00,2026-07-31 09:31:53.621411+00:00,0.0,0.4444444444444444,True
loja_de_cidadao_do_vimioso,Habilitação / Partilha de Herança / Partilha por divórcio,59,25,25,2026-07-26 23:34:46.048292+00:00,2026-07-31 09:31:53.621411+00:00,0.0,0.4444444444444444,True
loja_de_cidadao_de_tavira,Registo Civil - Casamento / Divórcio/Separação / Outros processos especiais,59,25,25,2026-07-26 23:34:46.048292+00:00,2026-07-31 09:31:53.621411+00:00,0.0,0.4444444444444444,True
loja_de_cidadao_de_tarouca,Registo Predial - Certidões / Inf. ,59,25,25,2026-07-26 23:34:46.048292+00:00,2026-07-31 09:31:53.621411+00:00,0.0,0.4444444444444444,False
loja_de_cidadao_de_vila_pouca_aguiar,Atendimento Geral/ General Attendance,59,25,25,2026-07-26 23:34:46.048292+00:00,2026-07-31 09:31:53.621411+00:00,0.0,0.4444444444444444,False
loja_de_cidadao_de_tarouca,Registo Comercial - Certidões / Inf.,59,25,25,2026-07-26 23:34:46.048292+00:00,2026-07-31 09:31:53.621411+00:00,0.0,0.4444444444444444,True
loja_de_cidadao_de_tarouca,Certificados de Aforro e Poupança/ Savings Certificates,59,25,25,2026-07-26 23:34:46.048292+00:00,2026-07-31 09:31:53.621411+00:00,0.0,0.4444444444444444,True
loja_de_cidadao_de_tarouca,Registo Civil - Óbito/Espaço Óbito,59,25,25,2026-07-26 23:34:46.048292+00:00,2026-07-31 09:31:53.621411+00:00,0.0,0.4444444444444444,True
loja_de_cidadao_de_tarouca,Registo Civil - Certidões / Inf.,59,25,25,2026-07-26 23:34:46.048292+00:00,2026-07-31 09:31:53.621411+00:00,0.0,0.4444444444444444,True
loja_de_cidadao_de_vila_real,Cartão de Cidadão Renovação maiores de 25 anos/ Citizen Card – Renewal for +25 years old,59,25,25,2026-07-26 23:34:46.048292+00:00,2026-07-31 09:31:53.621411+00:00,0.0,0.4444444444444444,True
loja_de_cidadao_de_oliveira_de_frades,Registo Comercial - Pedido,59,25,25,2026-07-26 23:34:46.048292+00:00,2026-07-31 09:31:53.621411+00:00,0.0,0.4444444444444444,True
loja_de_cidadao_de_tarouca,Nacionalidade - Cidadão / Particulares,59,25,25,2026-07-26 23:34:46.048292+00:00,2026-07-31 09:31:53.621411+00:00,0.0,0.4444444444444444,True
loja_de_cidadao_de_tarouca,Empresa na Hora / Marca / Associação / Cooperativa / Sucursal na Hora,59,25,25,2026-07-26 23:34:46.048292+00:00,2026-07-31 09:31:53.621411+00:00,0.0,0.4444444444444444,True
loja_de_cidadao_de_tarouca,Casa Pronta,59,25,25,2026-07-26 23:34:46.048292+00:00,2026-07-31 09:31:53.621411+00:00,0.0,0.4444444444444444,True
loja_de_cidadao_de_macao,Registo Civil - Certidões / Inf.,59,25,24,2026-07-26 23:34:46.048292+00:00,2026-07-31 09:31:53.621411+00:00,0.040000000000000036,0.45454545454545453,True
loja_de_cidadao_do_vimioso,Registo Predial - Pedido,59,25,24,2026-07-26 23:34:46.048292+00:00,2026-07-31 09:31:53.621411+00:00,0.040000000000000036,0.45454545454545453,True
loja_de_cidadao_de_macao,Registo Civil - Casamento / Divórcio/Separação / Outros processos especiais,59,25,24,2026-07-26 23:34:46.048292+00:00,2026-07-31 09:31:53.621411+00:00,0.040000000000000036,0.45454545454545453,True
loja_de_cidadao_da_batalha,Obras Particulares e Ordenamento do território,59,31,24,2026-07-26 23:34:46.048292+00:00,2026-07-31 09:31:53.621411+00:00,0.22580645161290325,0.45454545454545453,True
loja_de_cidadao_de_vila_pouca_aguiar,Registo Comercial - Certidões / Inf.,59,25,24,2026-07-26 23:34:46.048292+00:00,2026-07-31 09:31:53.621411+00:00,0.040000000000000036,0.45454545454545453,True
loja_de_cidadao_do_barreiro,Títulos de Transporte,59,44,24,2026-07-26 23:34:46.048292+00:00,2026-07-31 09:31:53.621411+00:00,0.4545454545454546,0.45454545454545453,True
loja_de_cidadao_de_ponte_da_barca,Registo Civil - Nascimento,59,25,24,2026-07-26 23:34:46.048292+00:00,2026-07-31 09:31:53.621411+00:00,0.040000000000000036,0.45454545454545453,True
loja_de_cidadao_de_alijo,Atendimento Geral/ General Attendance,59,27,24,2026-07-26 23:34:46.048292+00:00,2026-07-31 09:31:53.621411+00:00,0.11111111111111116,0.45454545454545453,False
loja_de_cidadao_de_vila_pouca_aguiar,Registo Civil - Casamento / Divórcio/Separação / Outros processos especiais,59,25,24,2026-07-26 23:34:46.048292+00:00,2026-07-31 09:31:53.621411+00:00,0.040000000000000036,0.45454545454545453,True
loja_de_cidadao_de_borba,Registo Civil - Nascimento,59,25,24,2026-07-26 23:34:46.048292+00:00,2026-07-31 09:31:53.621411+00:00,0.040000000000000036,0.45454545454545453,True
loja_de_cidadao_de_macao,Cartão de Cidadão - Outros,59,25,24,2026-07-26 23:34:46.048292+00:00,2026-07-31 09:31:53.621411+00:00,0.040000000000000036,0.45454545454545453,True
loja_de_cidadao_de_abrantes,Serviços Municipalizados de Abrantes,59,25,24,2026-07-26 23:34:46.048292+00:00,2026-07-31 09:31:53.621411+00:00,0.040000000000000036,0.45454545454545453,True
loja_de_cidadao_de_ponte_da_barca,Registo Comercial - Certidões / Inf.,59,25,24,2026-07-26 23:34:46.048292+00:00,2026-07-31 09:31:53.621411+00:00,0.040000000000000036,0.45454545454545453,True
loja_de_cidadao_de_oliveira_de_frades,Passaporte - Levantamento / Inf.,59,25,24,2026-07-26 23:34:46.048292+00:00,2026-07-31 09:31:53.621411+00:00,0.040000000000000036,0.45454545454545453,True
loja_de_cidadao_de_macao,Registo Civil - Nascimento,59,25,24,2026-07-26 23:34:46.048292+00:00,2026-07-31 09:31:53.621411+00:00,0.040000000000000036,0.45454545454545453,True
loja_de_cidadao_da_guarda,Registo Civil - Óbito/Espaço Óbito,59,24,24,2026-07-26 23:34:46.048292+00:00,2026-07-31 09:31:53.621411+00:00,0.0,0.45454545454545453,True
loja_de_cidadao_da_anadia,Registo Civil - Óbito/Espaço Óbito,59,25,24,2026-07-26 23:34:46.048292+00:00,2026-07-31 09:31:53.621411+00:00,0.040000000000000036,0.45454545454545453,True
loja_de_cidadao_da_guarda,Casa Pronta,59,24,24,2026-07-26 23:34:46.048292+00:00,2026-07-31 09:31:53.621411+00:00,0.0,0.45454545454545453,True
loja_de_cidadao_de_resende,Registo Civil - Nascimento,58,24,24,2026-07-26 23:34:46.048292+00:00,2026-07-31 09:31:53.621411+00:00,0.0,0.45454545454545453,True
loja_de_cidadao_de_meda,Registo veículos - Certidões / Inf.,59,25,24,2026-07-26 23:34:46.048292+00:00,2026-07-31 09:31:53.621411+00:00,0.040000000000000036,0.45454545454545453,True
loja_de_cidadao_de_tarouca,Registo Civil - Nascimento,58,24,24,2026-07-26 23:34:46.048292+00:00,2026-07-31 09:31:53.621411+00:00,0.0,0.45454545454545453,True
loja_de_cidadao_da_guarda, Certificados /Traduções / Procurações/ Reconhecimentos / Fotocópias/ Instrumentos/ Outros,59,24,24,2026-07-26 23:34:46.048292+00:00,2026-07-31 09:31:53.621411+00:00,0.0,0.45454545454545453,False
loja_de_cidadao_de_tarouca,Atendimento Geral/ General Attendance,59,25,24,2026-07-26 23:34:46.048292+00:00,2026-07-31 09:31:53.621411+00:00,0.040000000000000036,0.45454545454545453,False
loja_de_cidadao_de_satao,Registo Civil - Óbito/Espaço Óbito,59,25,24,2026-07-26 23:34:46.048292+00:00,2026-07-31 09:31:53.621411+00:00,0.040000000000000036,0.45454545454545453,True
loja_de_cidadao_de_faro,Atendimento Geral,59,59,24,2026-07-26 23:34:46.048292+00:00,2026-07-31 09:31:53.621411+00:00,0.5932203389830508,0.45454545454545453,True
loja_de_cidadao_de_castelo_de_paiva,Registo Predial - Pedido,59,25,24,2026-07-26 23:34:46.048292+00:00,2026-07-31 09:31:53.621411+00:00,0.040000000000000036,0.45454545454545453,True
loja_de_cidadao_de_viseu,Atendimento Geral/ General Attendance,59,44,24,2026-07-26 23:34:46.048292+00:00,2026-07-31 09:31:53.621411+00:00,0.4545454545454546,0.45454545454545453,False
loja_de_cidadao_da_guarda,Empresa na Hora / Marca / Associação / Cooperativa / Sucursal na Hora,59,24,24,2026-07-26 23:34:46.048292+00:00,2026-07-31 09:31:53.621411+00:00,0.0,0.45454545454545453,True
loja_de_cidadao_de_santiago_do_cacem,Triagem Qualificada,59,25,24,2026-07-26 23:34:46.048292+00:00,2026-07-31 09:31:53.621411+00:00,0.040000000000000036,0.45454545454545453,True
loja_de_cidadao_do_porto,Registo veículos - Pedido,59,44,24,2026-07-26 23:34:46.048292+00:00,2026-07-31 09:31:53.621411+00:00,0.4545454545454546,0.45454545454545453,True
loja_de_cidadao_do_saldanha,Atendimento Geral,59,42,24,2026-07-26 23:34:46.048292+00:00,2026-07-31 09:31:53.621411+00:00,0.4285714285714286,0.45454545454545453,True
loja_de_cidadao_de_coimbra,Registo Nacional de Pessoas Coletivas,59,25,24,2026-07-26 23:34:46.048292+00:00,2026-07-31 09:31:53.621411+00:00,0.040000000000000036,0.45454545454545453,True
loja_de_cidadao_da_guarda,Habilitação / Partilha de Herança / Partilha por divórcio,59,24,24,2026-07-26 23:34:46.048292+00:00,2026-07-31 09:31:53.621411+00:00,0.0,0.45454545454545453,True
loja_de_cidadao_de_penafiel,Atendimento Geral,59,24,24,2026-07-26 23:34:46.048292+00:00,2026-07-31 09:31:53.621411+00:00,0.0,0.45454545454545453,True
loja_de_cidadao_da_guarda,Pessoas coletivas e entidades equiparadas,59,24,24,2026-07-26 23:34:46.048292+00:00,2026-07-31 09:31:53.621411+00:00,0.0,0.45454545454545453,True
loja_de_cidadao_da_guarda,Registo Civil - Casamento / Divórcio/Separação / Outros processos especiais,59,24,24,2026-07-26 23:34:46.048292+00:00,2026-07-31 09:31:53.621411+00:00,0.0,0.45454545454545453,True
loja_de_cidadao_de_coimbra,PAGAMENTOS,59,44,24,2026-07-26 23:34:46.048292+00:00,2026-07-31 09:31:53.621411+00:00,0.4545454545454546,0.45454545454545453,True
loja_de_cidadao_de_penafiel,Eletricidade e Gás Natural,58,24,24,2026-07-26 23:34:46.048292+00:00,2026-07-31 09:31:53.621411+00:00,0.0,0.45454545454545453,True
loja_de_cidadao_de_felgueiras,Marcação de agendamento,59,25,24,2026-07-26 23:34:46.048292+00:00,2026-07-31 09:31:53.621411+00:00,0.040000000000000036,0.45454545454545453,True
loja_de_cidadao_de_meda,Registo Civil - Nascimento,59,25,24,2026-07-26 23:34:46.048292+00:00,2026-07-31 09:31:53.621411+00:00,0.040000000000000036,0.45454545454545453,True
loja_de_cidadao_de_rio_maior,Registo Comercial - Pedido,59,25,24,2026-07-26 23:34:46.048292+00:00,2026-07-31 09:31:53.621411+00:00,0.040000000000000036,0.45454545454545453,True
loja_de_cidadao_de_belmonte,Registo Comercial - Certidões / Inf.,59,25,24,2026-07-26 23:34:46.048292+00:00,2026-07-31 09:31:53.621411+00:00,0.040000000000000036,0.45454545454545453,True
loja_de_cidadao_de_rio_maior,Registo Comercial - Certidões / Inf.,59,25,24,2026-07-26 23:34:46.048292+00:00,2026-07-31 09:31:53.621411+00:00,0.040000000000000036,0.45454545454545453,True
loja_de_cidadao_de_belmonte,Pessoas coletivas e entidades equiparadas,59,25,24,2026-07-26 23:34:46.048292+00:00,2026-07-31 09:31:53.621411+00:00,0.040000000000000036,0.45454545454545453,True
loja_de_cidadao_do_vimioso,Passaporte - Pedido,59,25,24,2026-07-26 23:34:46.048292+00:00,2026-07-31 09:31:53.621411+00:00,0.040000000000000036,0.45454545454545453,True
loja_de_cidadao_de_vila_velha_de_rodao,Passaporte - Levantamento / Inf.,59,25,24,2026-07-26 23:34:46.048292+00:00,2026-07-31 09:31:53.621411+00:00,0.040000000000000036,0.45454545454545453,True
loja_de_cidadao_de_belmonte,Posto de serviços rápidos,59,25,24,2026-07-26 23:34:46.048292+00:00,2026-07-31 09:31:53.621411+00:00,0.040000000000000036,0.45454545454545453,True
loja_de_cidadao_de_rio_maior,Habilitação / Partilha de Herança / Partilha por divórcio,59,25,24,2026-07-26 23:34:46.048292+00:00,2026-07-31 09:31:53.621411+00:00,0.040000000000000036,0.45454545454545453,True
loja_de_cidadao_de_belmonte,Registo Civil - Certidões / Inf.,59,25,24,2026-07-26 23:34:46.048292+00:00,2026-07-31 09:31:53.621411+00:00,0.040000000000000036,0.45454545454545453,True
loja_de_cidadao_da_guarda,Registo Civil - Nascimento,59,24,24,2026-07-26 23:34:46.048292+00:00,2026-07-31 09:31:53.621411+00:00,0.0,0.45454545454545453,True
loja_de_cidadao_de_oliveira_de_frades,Registo Civil - Óbito/Espaço Óbito,59,25,24,2026-07-26 23:34:46.048292+00:00,2026-07-31 09:31:53.621411+00:00,0.040000000000000036,0.45454545454545453,True
loja_de_cidadao_da_anadia,Registo Civil - Nascimento,59,25,24,2026-07-26 23:34:46.048292+00:00,2026-07-31 09:31:53.621411+00:00,0.040000000000000036,0.45454545454545453,True
loja_de_cidadao_de_arruda_dos_vinhos,Tesouraria,59,25,24,2026-07-26 23:34:46.048292+00:00,2026-07-31 09:31:53.621411+00:00,0.040000000000000036,0.45454545454545453,True
loja_de_cidadao_de_vila_velha_de_rodao,Cartão de Cidadão - Pedido/Renovação,59,25,24,2026-07-26 23:34:46.048292+00:00,2026-07-31 09:31:53.621411+00:00,0.040000000000000036,0.45454545454545453,True
loja_de_cidadao_de_meda,Atendimento Geral/ General Attendance,59,25,24,2026-07-26 23:34:46.048292+00:00,2026-07-31 09:31:53.621411+00:00,0.040000000000000036,0.45454545454545453,False
loja_de_cidadao_de_resende,Registo Comercial - Certidões / Inf.,59,25,24,2026-07-26 23:34:46.048292+00:00,2026-07-31 09:31:53.621411+00:00,0.040000000000000036,0.45454545454545453,True
loja_de_cidadao_de_rio_maior,Pagamento de Serviços,59,25,24,2026-07-26 23:34:46.048292+00:00,2026-07-31 09:31:53.621411+00:00,0.040000000000000036,0.45454545454545453,True
loja_de_cidadao_do_vimioso,Registo Civil - Casamento / Divórcio/Separação / Outros processos especiais,59,25,23,2026-07-26 23:34:46.048292+00:00,2026-07-31 09:31:53.621411+00:00,0.07999999999999996,0.4651162790697674,True
loja_de_cidadao_do_vimioso,Registo veículos - Pedido,59,25,23,2026-07-26 23:34:46.048292+00:00,2026-07-31 09:31:53.621411+00:00,0.07999999999999996,0.4651162790697674,True
loja_de_cidadao_de_penalva_do_castelo,Registo Comercial - Certidões / Inf.,59,25,23,2026-07-26 23:34:46.048292+00:00,2026-07-31 09:31:53.621411+00:00,0.07999999999999996,0.4651162790697674,True
loja_de_cidadao_de_meda,Passaporte - Pedido,59,25,23,2026-07-26 23:34:46.048292+00:00,2026-07-31 09:31:53.621411+00:00,0.07999999999999996,0.4651162790697674,True
loja_de_cidadao_de_oliveira_de_frades,Registo Civil - Nascimento,58,24,23,2026-07-26 23:34:46.048292+00:00,2026-07-31 09:31:53.621411+00:00,0.04166666666666663,0.4651162790697674,True
loja_de_cidadao_do_vimioso,Registo Predial - Certidões / Inf. ,59,25,23,2026-07-26 23:34:46.048292+00:00,2026-07-31 09:31:53.621411+00:00,0.07999999999999996,0.4651162790697674,False
loja_de_cidadao_de_montalegre,Registo veículos - Pedido,59,25,23,2026-07-26 23:34:46.048292+00:00,2026-07-31 09:31:53.621411+00:00,0.07999999999999996,0.4651162790697674,True
loja_de_cidadao_de_penafiel,Pecuária,59,23,23,2026-07-26 23:34:46.048292+00:00,2026-07-31 09:31:53.621411+00:00,0.0,0.4651162790697674,True
loja_de_cidadao_de_penafiel,Registo Civil - Casamento / Divórcio/Separação / Outros processos especiais,59,25,23,2026-07-26 23:34:46.048292+00:00,2026-07-31 09:31:53.621411+00:00,0.07999999999999996,0.4651162790697674,True
loja_de_cidadao_de_oliveira_de_frades,Registo Comercial - Certidões / Inf.,59,25,23,2026-07-26 23:34:46.048292+00:00,2026-07-31 09:31:53.621411+00:00,0.07999999999999996,0.4651162790697674,True
loja_de_cidadao_de_oliveira_de_frades,Registo Civil - Casamento / Divórcio/Separação / Outros processos especiais,59,25,23,2026-07-26 23:34:46.048292+00:00,2026-07-31 09:31:53.621411+00:00,0.07999999999999996,0.4651162790697674,True
loja_de_cidadao_de_meda,Nacionalidade - Cidadão / Particulares,59,25,23,2026-07-26 23:34:46.048292+00:00,2026-07-31 09:31:53.621411+00:00,0.07999999999999996,0.4651162790697674,True
loja_de_cidadao_de_oliveira_de_frades,Passaporte - Pedido,59,25,23,2026-07-26 23:34:46.048292+00:00,2026-07-31 09:31:53.621411+00:00,0.07999999999999996,0.4651162790697674,True
loja_de_cidadao_de_meda,Registo Civil - Certidões / Inf.,59,25,23,2026-07-26 23:34:46.048292+00:00,2026-07-31 09:31:53.621411+00:00,0.07999999999999996,0.4651162790697674,True
loja_de_cidadao_do_vimioso, Certificados /Traduções / Procurações/ Reconhecimentos / Fotocópias/ Instrumentos/ Outros,59,25,23,2026-07-26 23:34:46.048292+00:00,2026-07-31 09:31:53.621411+00:00,0.07999999999999996,0.4651162790697674,False
loja_de_cidadao_da_guarda,Galp - Gás Propano,59,25,23,2026-07-26 23:34:46.048292+00:00,2026-07-31 09:31:53.621411+00:00,0.07999999999999996,0.4651162790697674,True
loja_de_cidadao_de_castelo_de_paiva,Registo Civil - Casamento / Divórcio/Separação / Outros processos especiais,59,25,23,2026-07-26 23:34:46.048292+00:00,2026-07-31 09:31:53.621411+00:00,0.07999999999999996,0.4651162790697674,True
loja_de_cidadao_de_santo_tirso,Tesouraria,59,25,23,2026-07-26 23:34:46.048292+00:00,2026-07-31 09:31:53.621411+00:00,0.07999999999999996,0.4651162790697674,True
loja_de_cidadao_de_sao_joao_da_madeira,Galp - Eletricidade e Gás Natural,59,25,23,2026-07-26 23:34:46.048292+00:00,2026-07-31 09:31:53.621411+00:00,0.07999999999999996,0.4651162790697674,True
loja_de_cidadao_de_coimbra,Triagem,59,44,23,2026-07-26 23:34:46.048292+00:00,2026-07-31 09:31:53.621411+00:00,0.4772727272727273,0.4651162790697674,True
loja_de_cidadao_de_castelo_de_paiva,Registo Comercial - Certidões / Inf.,59,25,23,2026-07-26 23:34:46.048292+00:00,2026-07-31 09:31:53.621411+00:00,0.07999999999999996,0.4651162790697674,True
loja_de_cidadao_de_cascais,PARC - Multas,59,35,23,2026-07-26 23:34:46.048292+00:00,2026-07-31 09:31:53.621411+00:00,0.34285714285714286,0.4651162790697674,True
loja_de_cidadao_de_torres_novas,Registo Comercial - Pedido,59,25,23,2026-07-26 23:34:46.048292+00:00,2026-07-31 09:31:53.621411+00:00,0.07999999999999996,0.4651162790697674,True
loja_de_cidadao_de_torres_vedras,Atendimento Geral/ General Attendance,59,25,23,2026-07-26 23:34:46.048292+00:00,2026-07-31 09:31:53.621411+00:00,0.07999999999999996,0.4651162790697674,False
loja_de_cidadao_de_torres_vedras,Passaporte - Pedido,59,25,23,2026-07-26 23:34:46.048292+00:00,2026-07-31 09:31:53.621411+00:00,0.07999999999999996,0.4651162790697674,True
loja_de_cidadao_das_laranjeiras,Registo Comercial - Certidões / Inf.,59,44,23,2026-07-26 23:34:46.048292+00:00,2026-07-31 09:31:53.621411+00:00,0.4772727272727273,0.4651162790697674,True
loja_de_cidadao_de_abrantes,Posto de serviços rápidos,59,25,23,2026-07-26 23:34:46.048292+00:00,2026-07-31 09:31:53.621411+00:00,0.07999999999999996,0.4651162790697674,True
loja_de_cidadao_de_borba,Passaporte - Pedido,59,25,23,2026-07-26 23:34:46.048292+00:00,2026-07-31 09:31:53.621411+00:00,0.07999999999999996,0.4651162790697674,True
loja_de_cidadao_de_borba,Cartão de Cidadão - Outros,59,25,23,2026-07-26 23:34:46.048292+00:00,2026-07-31 09:31:53.621411+00:00,0.07999999999999996,0.4651162790697674,True
loja_de_cidadao_de_belmonte,Passaporte - Pedido,59,25,23,2026-07-26 23:34:46.048292+00:00,2026-07-31 09:31:53.621411+00:00,0.07999999999999996,0.4651162790697674,True
loja_de_cidadao_de_vila_velha_de_rodao,Registo Civil - Nascimento,59,25,23,2026-07-26 23:34:46.048292+00:00,2026-07-31 09:31:53.621411+00:00,0.07999999999999996,0.4651162790697674,True
loja_de_cidadao_de_belmonte,Atendimento Geral/ General Attendance,59,25,23,2026-07-26 23:34:46.048292+00:00,2026-07-31 09:31:53.621411+00:00,0.07999999999999996,0.4651162790697674,False
loja_de_cidadao_de_vila_velha_de_rodao,Registo Predial - Certidões / Inf. ,59,25,23,2026-07-26 23:34:46.048292+00:00,2026-07-31 09:31:53.621411+00:00,0.07999999999999996,0.4651162790697674,False
loja_de_cidadao_de_alijo,Geral,59,25,23,2026-07-26 23:34:46.048292+00:00,2026-07-31 09:31:53.621411+00:00,0.07999999999999996,0.4651162790697674,False
loja_de_cidadao_de_amares,Carta de Condução/ Driving License,59,25,23,2026-07-26 23:34:46.048292+00:00,2026-07-31 09:31:53.621411+00:00,0.07999999999999996,0.4651162790697674,True
loja_de_cidadao_de_sao_joao_da_madeira,Empresa na Hora / Marca / Associação / Cooperativa / Sucursal na Hora,59,25,23,2026-07-26 23:34:46.048292+00:00,2026-07-31 09:31:53.621411+00:00,0.07999999999999996,0.4651162790697674,True
loja_de_cidadao_de_penafiel,Gasóleo Agrícola,59,23,23,2026-07-26 23:34:46.048292+00:00,2026-07-31 09:31:53.621411+00:00,0.0,0.4651162790697674,True
loja_de_cidadao_de_pombal,Tesouraria,59,25,23,2026-07-26 23:34:46.048292+00:00,2026-07-31 09:31:53.621411+00:00,0.07999999999999996,0.4651162790697674,True
loja_de_cidadao_de_rio_maior,Espaço Cidadão/ Citizen Spot,59,25,23,2026-07-26 23:34:46.048292+00:00,2026-07-31 09:31:53.621411+00:00,0.07999999999999996,0.4651162790697674,True
loja_de_cidadao_de_ribeira_de_pena,Cartão de Cidadão - Outros,59,25,23,2026-07-26 23:34:46.048292+00:00,2026-07-31 09:31:53.621411+00:00,0.07999999999999996,0.4651162790697674,True
loja_de_cidadao_de_santarem,Recrutamento,59,35,22,2026-07-26 23:34:46.048292+00:00,2026-07-31 09:31:53.621411+00:00,0.37142857142857144,0.47619047619047616,True
loja_de_cidadao_de_vila_nova_de_gaia,Registo Civil - Nascimento,59,25,22,2026-07-26 23:34:46.048292+00:00,2026-07-31 09:31:53.621411+00:00,0.12,0.47619047619047616,True
loja_de_cidadao_das_laranjeiras,Atendimento geral; Declarações; Atualizações,59,44,22,2026-07-26 23:34:46.048292+00:00,2026-07-31 09:31:53.621411+00:00,0.5,0.47619047619047616,False
loja_de_cidadao_de_marvila,Casa,59,30,22,2026-07-26 23:34:46.048292+00:00,2026-07-31 09:31:53.621411+00:00,0.2666666666666667,0.47619047619047616,True
loja_de_cidadao_de_tarouca,Passaporte - Pedido,59,25,22,2026-07-26 23:34:46.048292+00:00,2026-07-31 09:31:53.621411+00:00,0.12,0.47619047619047616,True
loja_de_cidadao_de_tarouca,Registo Civil - Casamento / Divórcio/Separação / Outros processos especiais,59,25,22,2026-07-26 23:34:46.048292+00:00,2026-07-31 09:31:53.621411+00:00,0.12,0.47619047619047616,True
loja_de_cidadao_do_porto,Passaporte - Levantamento / Inf.,59,44,22,2026-07-26 23:34:46.048292+00:00,2026-07-31 09:31:53.621411+00:00,0.5,0.47619047619047616,True
loja_de_cidadao_de_valpacos,Gasóleo Agrícola,59,22,22,2026-07-26 23:34:46.048292+00:00,2026-07-31 09:31:53.621411+00:00,0.0,0.47619047619047616,True
loja_de_cidadao_de_valpacos,Parcelário Agricola,59,22,22,2026-07-26 23:34:46.048292+00:00,2026-07-31 09:31:53.621411+00:00,0.0,0.47619047619047616,True
loja_de_cidadao_de_valpacos,Pecuária,59,22,22,2026-07-26 23:34:46.048292+00:00,2026-07-31 09:31:53.621411+00:00,0.0,0.47619047619047616,True
loja_de_cidadao_de_valpacos,Vinha,59,22,22,2026-07-26 23:34:46.048292+00:00,2026-07-31 09:31:53.621411+00:00,0.0,0.47619047619047616,True
loja_de_cidadao_de_vila_nova_de_gaia,Atendimento Geral/ General Attendance,59,28,22,2026-07-26 23:34:46.048292+00:00,2026-07-31 09:31:53.621411+00:00,0.2142857142857143,0.47619047619047616,False
loja_de_cidadao_de_campo_maior,Tesouraria,59,25,22,2026-07-26 23:34:46.048292+00:00,2026-07-31 09:31:53.621411+00:00,0.12,0.47619047619047616,True
loja_de_cidadao_de_vila_real,Atendimento Geral/ General Attendance,59,25,22,2026-07-26 23:34:46.048292+00:00,2026-07-31 09:31:53.621411+00:00,0.12,0.47619047619047616,False
loja_de_cidadao_de_serpa,Atendimento Geral/ General Attendance,59,25,22,2026-07-26 23:34:46.048292+00:00,2026-07-31 09:31:53.621411+00:00,0.12,0.47619047619047616,False
loja_de_cidadao_de_leiria,Medidas de Apoio,59,25,22,2026-07-26 23:34:46.048292+00:00,2026-07-31 09:31:53.621411+00:00,0.12,0.47619047619047616,True
loja_de_cidadao_de_braga,Cartão de Cidadão - Levantamento,59,44,22,2026-07-26 23:34:46.048292+00:00,2026-07-31 09:31:53.621411+00:00,0.5,0.47619047619047616,True
loja_de_cidadao_de_oliveira_de_frades,Cartão de Cidadão - Pedido/Renovação,59,25,22,2026-07-26 23:34:46.048292+00:00,2026-07-31 09:31:53.621411+00:00,0.12,0.47619047619047616,True
loja_de_cidadao_de_borba,Registo Civil - Certidões / Inf.,59,25,22,2026-07-26 23:34:46.048292+00:00,2026-07-31 09:31:53.621411+00:00,0.12,0.47619047619047616,True
loja_de_cidadao_de_leiria,Registo veículos - Certidões / Inf.,59,25,22,2026-07-26 23:34:46.048292+00:00,2026-07-31 09:31:53.621411+00:00,0.12,0.47619047619047616,True
loja_de_cidadao_de_queluz,Cobranças,59,28,22,2026-07-26 23:34:46.048292+00:00,2026-07-31 09:31:53.621411+00:00,0.2142857142857143,0.47619047619047616,True
loja_de_cidadao_de_borba,Cartão de Cidadão - Levantamento,59,25,22,2026-07-26 23:34:46.048292+00:00,2026-07-31 09:31:53.621411+00:00,0.12,0.47619047619047616,True
loja_de_cidadao_de_belmonte,Registo Comercial - Pedido,59,25,22,2026-07-26 23:34:46.048292+00:00,2026-07-31 09:31:53.621411+00:00,0.12,0.47619047619047616,True
loja_de_cidadao_de_mafra,Atendimento a Clientes,59,31,22,2026-07-26 23:34:46.048292+00:00,2026-07-31 09:31:53.621411+00:00,0.29032258064516125,0.47619047619047616,True
loja_de_cidadao_de_viseu,Outros,59,44,22,2026-07-26 23:34:46.048292+00:00,2026-07-31 09:31:53.621411+00:00,0.5,0.47619047619047616,True
loja_de_cidadao_do_cacem,Passaporte - Levantamento / Inf.,59,25,22,2026-07-26 23:34:46.048292+00:00,2026-07-31 09:31:53.621411+00:00,0.12,0.47619047619047616,True
loja_de_cidadao_do_barreiro,Cartão Navegante,59,44,22,2026-07-26 23:34:46.048292+00:00,2026-07-31 09:31:53.621411+00:00,0.5,0.47619047619047616,True
loja_de_cidadao_da_guarda,Galp - Eletricidade e Gás Natural,59,25,22,2026-07-26 23:34:46.048292+00:00,2026-07-31 09:31:53.621411+00:00,0.12,0.47619047619047616,True
loja_de_cidadao_de_marvila,Distribuição,59,31,22,2026-07-26 23:34:46.048292+00:00,2026-07-31 09:31:53.621411+00:00,0.29032258064516125,0.47619047619047616,True
loja_de_cidadao_de_santo_tirso,Registo Comercial - Pedido,59,25,22,2026-07-26 23:34:46.048292+00:00,2026-07-31 09:31:53.621411+00:00,0.12,0.47619047619047616,True
loja_de_cidadao_de_meda,Registo Predial - Certidões / Inf. ,59,25,22,2026-07-26 23:34:46.048292+00:00,2026-07-31 09:31:53.621411+00:00,0.12,0.47619047619047616,False
loja_de_cidadao_de_faro,Registo Civil - Nascimento,59,44,22,2026-07-26 23:34:46.048292+00:00,2026-07-31 09:31:53.621411+00:00,0.5,0.47619047619047616,True
loja_de_cidadao_de_meda,Registo Civil - Óbito/Espaço Óbito,59,25,22,2026-07-26 23:34:46.048292+00:00,2026-07-31 09:31:53.621411+00:00,0.12,0.47619047619047616,True
loja_de_cidadao_de_satao,Nacionalidade - Cidadão / Particulares,59,25,22,2026-07-26 23:34:46.048292+00:00,2026-07-31 09:31:53.621411+00:00,0.12,0.47619047619047616,True
loja_de_cidadao_de_felgueiras,Carta de Condução/ Driving License,59,25,22,2026-07-26 23:34:46.048292+00:00,2026-07-31 09:31:53.621411+00:00,0.12,0.47619047619047616,True
loja_de_cidadao_de_sao_joao_da_madeira,Certificados de Aforro e Poupança/ Savings Certificates,59,25,22,2026-07-26 23:34:46.048292+00:00,2026-07-31 09:31:53.621411+00:00,0.12,0.47619047619047616,True
loja_de_cidadao_do_saldanha,Outros,59,42,22,2026-07-26 23:34:46.048292+00:00,2026-07-31 09:31:53.621411+00:00,0.47619047619047616,0.47619047619047616,True
loja_de_cidadao_de_felgueiras,Oportunidades de formação e outros apoios,59,25,22,2026-07-26 23:34:46.048292+00:00,2026-07-31 09:31:53.621411+00:00,0.12,0.47619047619047616,True
loja_de_cidadao_de_gondomar,Atendimento Geral,59,25,22,2026-07-26 23:34:46.048292+00:00,2026-07-31 09:31:53.621411+00:00,0.12,0.47619047619047616,True
loja_de_cidadao_de_penalva_do_castelo,Nacionalidade - Cidadão / Particulares,59,25,22,2026-07-26 23:34:46.048292+00:00,2026-07-31 09:31:53.621411+00:00,0.12,0.47619047619047616,True
loja_de_cidadao_de_penalva_do_castelo,Registo Civil - Certidões / Inf.,59,25,22,2026-07-26 23:34:46.048292+00:00,2026-07-31 09:31:53.621411+00:00,0.12,0.47619047619047616,True
loja_de_cidadao_de_braga,Cartão de Cidadão - Outros,59,44,21,2026-07-26 23:34:46.048292+00:00,2026-07-31 09:31:53.621411+00:00,0.5227272727272727,0.48780487804878053,True
loja_de_cidadao_de_braga,Atendimento Geral,59,44,21,2026-07-26 23:34:46.048292+00:00,2026-07-31 09:31:53.621411+00:00,0.5227272727272727,0.48780487804878053,True
loja_de_cidadao_de_meda,Registo Predial - Pedido,59,25,21,2026-07-26 23:34:46.048292+00:00,2026-07-31 09:31:53.621411+00:00,0.16000000000000003,0.48780487804878053,True
loja_de_cidadao_de_santo_tirso,Registo Comercial - Certidões / Inf.,59,25,21,2026-07-26 23:34:46.048292+00:00,2026-07-31 09:31:53.621411+00:00,0.16000000000000003,0.48780487804878053,True
loja_de_cidadao_de_felgueiras,Atendimento individual com convocatória,59,25,21,2026-07-26 23:34:46.048292+00:00,2026-07-31 09:31:53.621411+00:00,0.16000000000000003,0.48780487804878053,True
loja_de_cidadao_de_campo_maior,Empresa na Hora / Marca / Associação / Cooperativa / Sucursal na Hora,59,21,21,2026-07-26 23:34:46.048292+00:00,2026-07-31 09:31:53.621411+00:00,0.0,0.48780487804878053,True
loja_de_cidadao_de_oliveira_de_frades,Cartão de Cidadão - Levantamento,59,25,21,2026-07-26 23:34:46.048292+00:00,2026-07-31 09:31:53.621411+00:00,0.16000000000000003,0.48780487804878053,True
loja_de_cidadao_de_campo_maior,Registo Civil - Certidões / Inf.,59,21,21,2026-07-26 23:34:46.048292+00:00,2026-07-31 09:31:53.621411+00:00,0.0,0.48780487804878053,True
loja_de_cidadao_de_santo_tirso,Registo Civil - Nascimento,59,25,21,2026-07-26 23:34:46.048292+00:00,2026-07-31 09:31:53.621411+00:00,0.16000000000000003,0.48780487804878053,True
loja_de_cidadao_de_borba,Atendimento Geral/ General Attendance,59,25,21,2026-07-26 23:34:46.048292+00:00,2026-07-31 09:31:53.621411+00:00,0.16000000000000003,0.48780487804878053,False
loja_de_cidadao_de_montalegre,Geral,59,21,21,2026-07-26 23:34:46.048292+00:00,2026-07-31 09:31:53.621411+00:00,0.0,0.48780487804878053,False
loja_de_cidadao_de_gondomar,Carta de Condução/ Driving License,59,25,21,2026-07-26 23:34:46.048292+00:00,2026-07-31 09:31:53.621411+00:00,0.16000000000000003,0.48780487804878053,True
loja_de_cidadao_de_queluz,Biorresíduos,59,28,21,2026-07-26 23:34:46.048292+00:00,2026-07-31 09:31:53.621411+00:00,0.25,0.48780487804878053,True
loja_de_cidadao_de_amares,Atendimento Geral/ General Attendance,59,25,21,2026-07-26 23:34:46.048292+00:00,2026-07-31 09:31:53.621411+00:00,0.16000000000000003,0.48780487804878053,False
loja_de_cidadao_de_pinhal_novo,Levantamento de NISS,59,21,21,2026-07-26 23:34:46.048292+00:00,2026-07-31 09:31:53.621411+00:00,0.0,0.48780487804878053,True
loja_de_cidadao_de_amares,Registo Civil - Casamento / Divórcio/Separação / Outros processos especiais,59,25,21,2026-07-26 23:34:46.048292+00:00,2026-07-31 09:31:53.621411+00:00,0.16000000000000003,0.48780487804878053,True
loja_de_cidadao_de_amares,Registo Civil - Óbito/Espaço Óbito,59,25,21,2026-07-26 23:34:46.048292+00:00,2026-07-31 09:31:53.621411+00:00,0.16000000000000003,0.48780487804878053,True
loja_de_cidadao_de_amares,Registo Comercial - Certidões / Inf.,59,25,21,2026-07-26 23:34:46.048292+00:00,2026-07-31 09:31:53.621411+00:00,0.16000000000000003,0.48780487804878053,True
loja_de_cidadao_de_santiago_do_cacem,Atendimento de entidades,59,21,21,2026-07-26 23:34:46.048292+00:00,2026-07-31 09:31:53.621411+00:00,0.0,0.48780487804878053,True
loja_de_cidadao_de_arruda_dos_vinhos,Atendimento Geral/ General Attendance,59,28,21,2026-07-26 23:34:46.048292+00:00,2026-07-31 09:31:53.621411+00:00,0.25,0.48780487804878053,False
loja_de_cidadao_de_odivelas,Leituras,59,44,21,2026-07-26 23:34:46.048292+00:00,2026-07-31 09:31:53.621411+00:00,0.5227272727272727,0.48780487804878053,True
loja_de_cidadao_de_santiago_do_cacem,Atendimento individual com convocatória,59,21,21,2026-07-26 23:34:46.048292+00:00,2026-07-31 09:31:53.621411+00:00,0.0,0.48780487804878053,True
loja_de_cidadao_de_alvaiazere,Câmara Municipal de Alvaiázere / Alvaiázere Municipality,59,33,21,2026-07-26 23:34:46.048292+00:00,2026-07-31 09:31:53.621411+00:00,0.36363636363636365,0.48780487804878053,True
loja_de_cidadao_de_aveiro,Registo Predial - Certidões / Inf. ,59,44,21,2026-07-26 23:34:46.048292+00:00,2026-07-31 09:31:53.621411+00:00,0.5227272727272727,0.48780487804878053,False
loja_de_cidadao_de_pinhal_novo,Pagamento consumos de água,59,25,21,2026-07-26 23:34:46.048292+00:00,2026-07-31 09:31:53.621411+00:00,0.16000000000000003,0.48780487804878053,True
loja_de_cidadao_de_santiago_do_cacem,Marcação de agendamento,59,21,21,2026-07-26 23:34:46.048292+00:00,2026-07-31 09:31:53.621411+00:00,0.0,0.48780487804878053,True
loja_de_cidadao_de_santiago_do_cacem,Oportunidades de formação e outros apoios,59,21,21,2026-07-26 23:34:46.048292+00:00,2026-07-31 09:31:53.621411+00:00,0.0,0.48780487804878053,True
loja_de_cidadao_de_ponte_da_barca,Registo Predial - Pedido,59,25,21,2026-07-26 23:34:46.048292+00:00,2026-07-31 09:31:53.621411+00:00,0.16000000000000003,0.48780487804878053,True
loja_de_cidadao_de_belmonte,Registo Civil - Casamento / Divórcio/Separação / Outros processos especiais,59,25,21,2026-07-26 23:34:46.048292+00:00,2026-07-31 09:31:53.621411+00:00,0.16000000000000003,0.48780487804878053,True
loja_de_cidadao_de_campo_maior,Registo Civil - Nascimento,59,21,21,2026-07-26 23:34:46.048292+00:00,2026-07-31 09:31:53.621411+00:00,0.0,0.48780487804878053,True
loja_de_cidadao_de_campo_maior,Registo Comercial - Pedido,59,21,21,2026-07-26 23:34:46.048292+00:00,2026-07-31 09:31:53.621411+00:00,0.0,0.48780487804878053,True
loja_de_cidadao_de_ribeira_de_pena,Registo Comercial - Certidões / Inf.,59,25,21,2026-07-26 23:34:46.048292+00:00,2026-07-31 09:31:53.621411+00:00,0.16000000000000003,0.48780487804878053,True
loja_de_cidadao_da_anadia,Atendimento Geral/ General Attendance,59,25,21,2026-07-26 23:34:46.048292+00:00,2026-07-31 09:31:53.621411+00:00,0.16000000000000003,0.48780487804878053,False
loja_de_cidadao_de_coimbra,Outros,59,21,21,2026-07-26 23:34:46.048292+00:00,2026-07-31 09:31:53.621411+00:00,0.0,0.48780487804878053,True
loja_de_cidadao_de_coimbra,Imobiliário,59,21,21,2026-07-26 23:34:46.048292+00:00,2026-07-31 09:31:53.621411+00:00,0.0,0.48780487804878053,True
loja_de_cidadao_de_coimbra,Galp - Gás Propano,59,44,21,2026-07-26 23:34:46.048292+00:00,2026-07-31 09:31:53.621411+00:00,0.5227272727272727,0.48780487804878053,True
loja_de_cidadao_de_coimbra,Construção,59,21,21,2026-07-26 23:34:46.048292+00:00,2026-07-31 09:31:53.621411+00:00,0.0,0.48780487804878053,True
loja_de_cidadao_de_montalegre,Registo Civil - Óbito/Espaço Óbito,59,25,21,2026-07-26 23:34:46.048292+00:00,2026-07-31 09:31:53.621411+00:00,0.16000000000000003,0.48780487804878053,True
loja_de_cidadao_do_saldanha,Atividades Económicas,59,42,21,2026-07-26 23:34:46.048292+00:00,2026-07-31 09:31:53.621411+00:00,0.5,0.48780487804878053,True
loja_de_cidadao_de_esmoriz,Municipio de Ovar/ Ovar Municipality,59,25,21,2026-07-26 23:34:46.048292+00:00,2026-07-31 09:31:53.621411+00:00,0.16000000000000003,0.48780487804878053,True
loja_de_cidadao_de_gondomar,Pagamentos,59,25,21,2026-07-26 23:34:46.048292+00:00,2026-07-31 09:31:53.621411+00:00,0.16000000000000003,0.48780487804878053,True
loja_de_cidadao_de_tarouca,Passaporte - Levantamento / Inf.,59,25,21,2026-07-26 23:34:46.048292+00:00,2026-07-31 09:31:53.621411+00:00,0.16000000000000003,0.48780487804878053,True
loja_de_cidadao_de_faro,Construção,59,21,21,2026-07-26 23:34:46.048292+00:00,2026-07-31 09:31:53.621411+00:00,0.0,0.48780487804878053,True
loja_de_cidadao_de_faro,Imobiliário,59,21,21,2026-07-26 23:34:46.048292+00:00,2026-07-31 09:31:53.621411+00:00,0.0,0.48780487804878053,True
loja_de_cidadao_de_tavira,Informações (ex-A),59,25,21,2026-07-26 23:34:46.048292+00:00,2026-07-31 09:31:53.621411+00:00,0.16000000000000003,0.48780487804878053,True
loja_de_cidadao_de_cantanhede,Atendimento Geral,59,25,21,2026-07-26 23:34:46.048292+00:00,2026-07-31 09:31:53.621411+00:00,0.16000000000000003,0.48780487804878053,True
loja_de_cidadao_de_faro,Outros,59,21,21,2026-07-26 23:34:46.048292+00:00,2026-07-31 09:31:53.621411+00:00,0.0,0.48780487804878053,True
loja_de_cidadao_de_valpacos,Carta de Condução/ Driving License,59,31,21,2026-07-26 23:34:46.048292+00:00,2026-07-31 09:31:53.621411+00:00,0.32258064516129037,0.48780487804878053,True
loja_de_cidadao_de_santiago_do_cacem,(Re)Inscrição; Prestação de desemprego ,59,21,21,2026-07-26 23:34:46.048292+00:00,2026-07-31 09:31:53.621411+00:00,0.0,0.48780487804878053,False
loja_de_cidadao_do_vimioso,Carta de Condução/ Driving License,59,25,21,2026-07-26 23:34:46.048292+00:00,2026-07-31 09:31:53.621411+00:00,0.16000000000000003,0.48780487804878053,True
loja_de_cidadao_de_queluz,Tesouraria,59,25,20,2026-07-26 23:34:46.048292+00:00,2026-07-31 09:31:53.621411+00:00,0.19999999999999996,0.5,True
loja_de_cidadao_de_vila_de_rei,Registo Comercial - Certidões / Inf.,59,20,20,2026-07-26 23:34:46.048292+00:00,2026-07-31 09:31:53.621411+00:00,0.0,0.5,True
loja_de_cidadao_do_cacem,Contratação,59,31,20,2026-07-26 23:34:46.048292+00:00,2026-07-31 09:31:53.621411+00:00,0.3548387096774194,0.5,True
loja_de_cidadao_do_vimioso,Levantamento de NISS,59,20,20,2026-07-26 23:34:46.048292+00:00,2026-07-31 09:31:53.621411+00:00,0.0,0.5,True
loja_de_cidadao_de_penafiel,Eletricidade,59,25,20,2026-07-26 23:34:46.048292+00:00,2026-07-31 09:31:53.621411+00:00,0.19999999999999996,0.5,True
loja_de_cidadao_de_vila_de_rei,Registo Civil - Óbito/Espaço Óbito,59,20,20,2026-07-26 23:34:46.048292+00:00,2026-07-31 09:31:53.621411+00:00,0.0,0.5,True
loja_de_cidadao_de_vila_de_rei,Passaporte - Levantamento / Inf.,59,20,20,2026-07-26 23:34:46.048292+00:00,2026-07-31 09:31:53.621411+00:00,0.0,0.5,True
loja_de_cidadao_do_cacem,Inscrições em Atividades e Passeios,59,28,20,2026-07-26 23:34:46.048292+00:00,2026-07-31 09:31:53.621411+00:00,0.2857142857142857,0.5,True
loja_de_cidadao_de_vila_real,Cartão de Cidadão - Levantamento,59,25,20,2026-07-26 23:34:46.048292+00:00,2026-07-31 09:31:53.621411+00:00,0.19999999999999996,0.5,True
loja_de_cidadao_do_porto,Cartão de Cidadão - Levantamento,59,44,20,2026-07-26 23:34:46.048292+00:00,2026-07-31 09:31:53.621411+00:00,0.5454545454545454,0.5,True
loja_de_cidadao_de_santo_tirso,Posto de serviços rápidos,59,25,20,2026-07-26 23:34:46.048292+00:00,2026-07-31 09:31:53.621411+00:00,0.19999999999999996,0.5,True
loja_de_cidadao_de_vila_de_rei,Casa Pronta,58,20,20,2026-07-26 23:34:46.048292+00:00,2026-07-31 09:31:53.621411+00:00,0.0,0.5,True
loja_de_cidadao_de_valpacos,Atendimento Geral/ General Attendance,59,31,20,2026-07-26 23:34:46.048292+00:00,2026-07-31 09:31:53.621411+00:00,0.3548387096774194,0.5,False
loja_de_cidadao_de_vila_de_rei,Cartão de Cidadão - Levantamento,59,20,20,2026-07-26 23:34:46.048292+00:00,2026-07-31 09:31:53.621411+00:00,0.0,0.5,True
loja_de_cidadao_de_vila_velha_de_rodao,Tesouraria,59,20,20,2026-07-26 23:34:46.048292+00:00,2026-07-31 09:31:53.621411+00:00,0.0,0.5,True
loja_de_cidadao_de_oliveira_de_frades,Registo Predial - Pedido,59,25,20,2026-07-26 23:34:46.048292+00:00,2026-07-31 09:31:53.621411+00:00,0.19999999999999996,0.5,True
loja_de_cidadao_de_vila_de_rei, Certificados /Traduções / Procurações/ Reconhecimentos / Fotocópias/ Instrumentos/ Outros,59,20,20,2026-07-26 23:34:46.048292+00:00,2026-07-31 09:31:53.621411+00:00,0.0,0.5,False
loja_de_cidadao_de_penalva_do_castelo,Tesouraria,59,20,20,2026-07-26 23:34:46.048292+00:00,2026-07-31 09:31:53.621411+00:00,0.0,0.5,True
loja_de_cidadao_de_pinhal_novo,Atendimento Geral,59,25,20,2026-07-26 23:34:46.048292+00:00,2026-07-31 09:31:53.621411+00:00,0.19999999999999996,0.5,True
loja_de_cidadao_de_rio_maior,Geral,59,25,20,2026-07-26 23:34:46.048292+00:00,2026-07-31 09:31:53.621411+00:00,0.19999999999999996,0.5,False
loja_de_cidadao_de_vila_velha_de_rodao,Geral,59,20,20,2026-07-26 23:34:46.048292+00:00,2026-07-31 09:31:53.621411+00:00,0.0,0.5,False
loja_de_cidadao_de_setubal,Passaporte - Levantamento / Inf.,59,44,20,2026-07-26 23:34:46.048292+00:00,2026-07-31 09:31:53.621411+00:00,0.5454545454545454,0.5,True
loja_de_cidadao_do_vimioso,Tesouraria,59,20,20,2026-07-26 23:34:46.048292+00:00,2026-07-31 09:31:53.621411+00:00,0.0,0.5,True
loja_de_cidadao_de_cascais,Tesouraria,59,21,20,2026-07-26 23:34:46.048292+00:00,2026-07-31 09:31:53.621411+00:00,0.04761904761904767,0.5,True
loja_de_cidadao_de_campo_maior,Registo Comercial - Certidões / Inf.,59,21,20,2026-07-26 23:34:46.048292+00:00,2026-07-31 09:31:53.621411+00:00,0.04761904761904767,0.5,True
loja_de_cidadao_de_amares,Registo Civil - Certidões / Inf.,59,25,20,2026-07-26 23:34:46.048292+00:00,2026-07-31 09:31:53.621411+00:00,0.19999999999999996,0.5,True
loja_de_cidadao_de_felgueiras,Espaço Cidadão/ Citizen Spot,59,25,20,2026-07-26 23:34:46.048292+00:00,2026-07-31 09:31:53.621411+00:00,0.19999999999999996,0.5,True
loja_de_cidadao_de_leiria,Urbanismo,59,25,20,2026-07-26 23:34:46.048292+00:00,2026-07-31 09:31:53.621411+00:00,0.19999999999999996,0.5,True
loja_de_cidadao_de_castelo_branco,Geral,59,25,20,2026-07-26 23:34:46.048292+00:00,2026-07-31 09:31:53.621411+00:00,0.19999999999999996,0.5,False
loja_de_cidadao_de_murca,Registo Civil - Certidões / Inf.,59,31,20,2026-07-26 23:34:46.048292+00:00,2026-07-31 09:31:53.621411+00:00,0.3548387096774194,0.5,True
loja_de_cidadao_de_montalegre,Tesouraria,59,21,20,2026-07-26 23:34:46.048292+00:00,2026-07-31 09:31:53.621411+00:00,0.04761904761904767,0.5,True
loja_de_cidadao_de_castelo_de_paiva,Cartão de Cidadão - Outros,59,25,20,2026-07-26 23:34:46.048292+00:00,2026-07-31 09:31:53.621411+00:00,0.19999999999999996,0.5,True
loja_de_cidadao_de_campo_maior,Casa Pronta,59,21,20,2026-07-26 23:34:46.048292+00:00,2026-07-31 09:31:53.621411+00:00,0.04761904761904767,0.5,True
loja_de_cidadao_de_castelo_de_paiva,Tesouraria,59,20,20,2026-07-26 23:34:46.048292+00:00,2026-07-31 09:31:53.621411+00:00,0.0,0.5,True
loja_de_cidadao_de_ansiao,Atendimento Geral,59,20,20,2026-07-26 23:34:46.048292+00:00,2026-07-31 09:31:53.621411+00:00,0.0,0.5,True
loja_de_cidadao_de_ansiao,Cartão de Cidadão Renovação maiores de 25 anos/ Citizen Card – Renewal for +25 years old,59,20,20,2026-07-26 23:34:46.048292+00:00,2026-07-31 09:31:53.621411+00:00,0.0,0.5,True
loja_de_cidadao_de_ansiao,Pagamentos,59,20,20,2026-07-26 23:34:46.048292+00:00,2026-07-31 09:31:53.621411+00:00,0.0,0.5,True
loja_de_cidadao_da_guarda,Cartão de Cidadão - Outros,59,24,20,2026-07-26 23:34:46.048292+00:00,2026-07-31 09:31:53.621411+00:00,0.16666666666666663,0.5,True
loja_de_cidadao_da_batalha,Atendimento Geral/ General Attendance,59,31,20,2026-07-26 23:34:46.048292+00:00,2026-07-31 09:31:53.621411+00:00,0.3548387096774194,0.5,False
loja_de_cidadao_da_guarda,APAL,59,20,20,2026-07-26 23:34:46.048292+00:00,2026-07-31 09:31:53.621411+00:00,0.0,0.5,True
loja_de_cidadao_da_anadia,Entrega de Documentos,59,20,20,2026-07-26 23:34:46.048292+00:00,2026-07-31 09:31:53.621411+00:00,0.0,0.5,True
loja_de_cidadao_de_belmonte,Geral,59,25,20,2026-07-26 23:34:46.048292+00:00,2026-07-31 09:31:53.621411+00:00,0.19999999999999996,0.5,False
loja_de_cidadao_de_alvaiazere,Tesouraria,59,20,20,2026-07-26 23:34:46.048292+00:00,2026-07-31 09:31:53.621411+00:00,0.0,0.5,True
loja_de_cidadao_da_guarda,Serviços Administrativos,59,20,20,2026-07-26 23:34:46.048292+00:00,2026-07-31 09:31:53.621411+00:00,0.0,0.5,True
loja_de_cidadao_de_carregal_do_sal,Cartão de Cidadão - Pedido/Renovação,59,25,20,2026-07-26 23:34:46.048292+00:00,2026-07-31 09:31:53.621411+00:00,0.19999999999999996,0.5,True
loja_de_cidadao_de_abrantes,Atendimento Geral/ General Attendance,59,25,20,2026-07-26 23:34:46.048292+00:00,2026-07-31 09:31:53.621411+00:00,0.19999999999999996,0.5,False
loja_de_cidadao_de_carregal_do_sal,Registo Civil - Óbito/Espaço Óbito,59,25,20,2026-07-26 23:34:46.048292+00:00,2026-07-31 09:31:53.621411+00:00,0.19999999999999996,0.5,True
loja_de_cidadao_de_odivelas,Atendimento Geral,59,59,20,2026-07-26 23:34:46.048292+00:00,2026-07-31 09:31:53.621411+00:00,0.6610169491525424,0.5,True
loja_de_cidadao_de_gondomar,Passaporte - Levantamento / Inf.,59,25,20,2026-07-26 23:34:46.048292+00:00,2026-07-31 09:31:53.621411+00:00,0.19999999999999996,0.5,True
loja_de_cidadao_de_cantanhede,Registo Comercial - Pedido,59,25,20,2026-07-26 23:34:46.048292+00:00,2026-07-31 09:31:53.621411+00:00,0.19999999999999996,0.5,True
loja_de_cidadao_de_marvila,Posto de serviços rápidos,59,44,19,2026-07-26 23:34:46.048292+00:00,2026-07-31 09:31:53.621411+00:00,0.5681818181818181,0.5128205128205128,True
loja_de_cidadao_de_borba,Carta de Condução/ Driving License,59,25,19,2026-07-26 23:34:46.048292+00:00,2026-07-31 09:31:53.621411+00:00,0.24,0.5128205128205128,True
loja_de_cidadao_de_setubal,Cartão de Cidadão - Outros,59,44,19,2026-07-26 23:34:46.048292+00:00,2026-07-31 09:31:53.621411+00:00,0.5681818181818181,0.5128205128205128,True
loja_de_cidadao_de_esmoriz,Atendimento Geral/ General Attendance,59,25,19,2026-07-26 23:34:46.048292+00:00,2026-07-31 09:31:53.621411+00:00,0.24,0.5128205128205128,False
loja_de_cidadao_da_batalha,Tesouraria,59,25,19,2026-07-26 23:34:46.048292+00:00,2026-07-31 09:31:53.621411+00:00,0.24,0.5128205128205128,True
loja_de_cidadao_de_penafiel,Parcelário Agricola,59,23,19,2026-07-26 23:34:46.048292+00:00,2026-07-31 09:31:53.621411+00:00,0.17391304347826086,0.5128205128205128,True
loja_de_cidadao_de_coimbra,Registo Comercial - Certidões / Inf.,59,44,19,2026-07-26 23:34:46.048292+00:00,2026-07-31 09:31:53.621411+00:00,0.5681818181818181,0.5128205128205128,True
loja_de_cidadao_de_pinhal_novo,Entrada de requerimentos,59,25,19,2026-07-26 23:34:46.048292+00:00,2026-07-31 09:31:53.621411+00:00,0.24,0.5128205128205128,True
loja_de_cidadao_de_vila_de_rei,Registo veículos - Certidões / Inf.,59,20,19,2026-07-26 23:34:46.048292+00:00,2026-07-31 09:31:53.621411+00:00,0.050000000000000044,0.5128205128205128,True
loja_de_cidadao_de_queluz,CMS Atendimento Municipal/ CMS - Municipality,59,28,19,2026-07-26 23:34:46.048292+00:00,2026-07-31 09:31:53.621411+00:00,0.3214285714285714,0.5128205128205128,True
loja_de_cidadao_de_marvila,Atendimento Geral/ General Attendance,59,44,19,2026-07-26 23:34:46.048292+00:00,2026-07-31 09:31:53.621411+00:00,0.5681818181818181,0.5128205128205128,False
loja_de_cidadao_de_castelo_de_paiva,Registo Civil - Nascimento,59,25,19,2026-07-26 23:34:46.048292+00:00,2026-07-31 09:31:53.621411+00:00,0.24,0.5128205128205128,True
loja_de_cidadao_de_penalva_do_castelo,Registo Civil - Óbito/Espaço Óbito,59,25,19,2026-07-26 23:34:46.048292+00:00,2026-07-31 09:31:53.621411+00:00,0.24,0.5128205128205128,True
loja_de_cidadao_de_castelo_de_paiva,Registo Civil - Óbito/Espaço Óbito,59,25,19,2026-07-26 23:34:46.048292+00:00,2026-07-31 09:31:53.621411+00:00,0.24,0.5128205128205128,True
loja_de_cidadao_de_torres_novas,Registo Comercial - Certidões / Inf.,59,25,19,2026-07-26 23:34:46.048292+00:00,2026-07-31 09:31:53.621411+00:00,0.24,0.5128205128205128,True
loja_de_cidadao_de_tarouca,Cartão de Cidadão - Levantamento,59,25,19,2026-07-26 23:34:46.048292+00:00,2026-07-31 09:31:53.621411+00:00,0.24,0.5128205128205128,True
loja_de_cidadao_de_vila_real,Empresa na Hora / Marca / Associação / Cooperativa / Sucursal na Hora,59,25,19,2026-07-26 23:34:46.048292+00:00,2026-07-31 09:31:53.621411+00:00,0.24,0.5128205128205128,True
loja_de_cidadao_de_castelo_de_paiva,Entrega de Documentos,59,20,19,2026-07-26 23:34:46.048292+00:00,2026-07-31 09:31:53.621411+00:00,0.050000000000000044,0.5128205128205128,True
loja_de_cidadao_de_carregal_do_sal,Registo Comercial - Certidões / Inf.,59,25,19,2026-07-26 23:34:46.048292+00:00,2026-07-31 09:31:53.621411+00:00,0.24,0.5128205128205128,True
loja_de_cidadao_de_penalva_do_castelo,Registo Civil - Casamento / Divórcio/Separação / Outros processos especiais,59,25,19,2026-07-26 23:34:46.048292+00:00,2026-07-31 09:31:53.621411+00:00,0.24,0.5128205128205128,True
loja_de_cidadao_de_carregal_do_sal,Tesouraria,59,20,19,2026-07-26 23:34:46.048292+00:00,2026-07-31 09:31:53.621411+00:00,0.050000000000000044,0.5128205128205128,True
loja_de_cidadao_de_cascais,Atividades Económicas,59,35,19,2026-07-26 23:34:46.048292+00:00,2026-07-31 09:31:53.621411+00:00,0.4571428571428572,0.5128205128205128,True
loja_de_cidadao_de_vila_pouca_aguiar,Cartão de Cidadão - Outros,59,25,19,2026-07-26 23:34:46.048292+00:00,2026-07-31 09:31:53.621411+00:00,0.24,0.5128205128205128,True
loja_de_cidadao_de_cascais,Espaço de Energia,59,35,19,2026-07-26 23:34:46.048292+00:00,2026-07-31 09:31:53.621411+00:00,0.4571428571428572,0.5128205128205128,True
loja_de_cidadao_de_carregal_do_sal,Cartão de Cidadão - Outros,59,25,19,2026-07-26 23:34:46.048292+00:00,2026-07-31 09:31:53.621411+00:00,0.24,0.5128205128205128,True
loja_de_cidadao_de_vila_de_rei,Registo Comercial - Pedido,59,20,19,2026-07-26 23:34:46.048292+00:00,2026-07-31 09:31:53.621411+00:00,0.050000000000000044,0.5128205128205128,True
loja_de_cidadao_de_rio_maior,Obras Particulares,59,25,19,2026-07-26 23:34:46.048292+00:00,2026-07-31 09:31:53.621411+00:00,0.24,0.5128205128205128,True
loja_de_cidadao_de_faro,Registo Comercial - Certidões / Inf.,59,44,19,2026-07-26 23:34:46.048292+00:00,2026-07-31 09:31:53.621411+00:00,0.5681818181818181,0.5128205128205128,True
loja_de_cidadao_de_alvaiazere,Registo veículos - Certidões / Inf.,59,25,19,2026-07-26 23:34:46.048292+00:00,2026-07-31 09:31:53.621411+00:00,0.24,0.5128205128205128,True
loja_de_cidadao_de_santiago_do_cacem,Atendimento geral; Declarações; Atualizações,59,21,19,2026-07-26 23:34:46.048292+00:00,2026-07-31 09:31:53.621411+00:00,0.09523809523809523,0.5128205128205128,False
loja_de_cidadao_de_santiago_do_cacem,Geral,59,25,19,2026-07-26 23:34:46.048292+00:00,2026-07-31 09:31:53.621411+00:00,0.24,0.5128205128205128,False
loja_de_cidadao_de_amares,Empresa na Hora / Marca / Associação / Cooperativa / Sucursal na Hora,59,25,19,2026-07-26 23:34:46.048292+00:00,2026-07-31 09:31:53.621411+00:00,0.24,0.5128205128205128,True
loja_de_cidadao_de_gondomar,Atendimento Geral/ General Attendance,59,25,19,2026-07-26 23:34:46.048292+00:00,2026-07-31 09:31:53.621411+00:00,0.24,0.5128205128205128,False
loja_de_cidadao_de_resende,Passaporte - Pedido,59,25,19,2026-07-26 23:34:46.048292+00:00,2026-07-31 09:31:53.621411+00:00,0.24,0.5128205128205128,True
loja_de_cidadao_de_meda,Cartão de Cidadão - Pedido/Renovação,59,25,19,2026-07-26 23:34:46.048292+00:00,2026-07-31 09:31:53.621411+00:00,0.24,0.5128205128205128,True
loja_de_cidadao_do_vimioso,Cartão de Cidadão - Levantamento,59,25,19,2026-07-26 23:34:46.048292+00:00,2026-07-31 09:31:53.621411+00:00,0.24,0.5128205128205128,True
loja_de_cidadao_de_ribeira_de_pena,Cartão de Cidadão Renovação maiores de 25 anos/ Citizen Card – Renewal for +25 years old,59,31,19,2026-07-26 23:34:46.048292+00:00,2026-07-31 09:31:53.621411+00:00,0.3870967741935484,0.5128205128205128,True
loja_de_cidadao_de_resende,Casa Pronta,59,25,19,2026-07-26 23:34:46.048292+00:00,2026-07-31 09:31:53.621411+00:00,0.24,0.5128205128205128,True
loja_de_cidadao_de_oliveira_de_frades,Registo Predial - Certidões / Inf. ,59,25,19,2026-07-26 23:34:46.048292+00:00,2026-07-31 09:31:53.621411+00:00,0.24,0.5128205128205128,False
loja_de_cidadao_de_abrantes,Câmara Municipal de Abrantes,59,25,19,2026-07-26 23:34:46.048292+00:00,2026-07-31 09:31:53.621411+00:00,0.24,0.5128205128205128,True
loja_de_cidadao_de_ribeira_de_pena,Atendimento Geral/ General Attendance,59,31,19,2026-07-26 23:34:46.048292+00:00,2026-07-31 09:31:53.621411+00:00,0.3870967741935484,0.5128205128205128,False
loja_de_cidadao_das_laranjeiras,Aplicações Financeiras,59,37,19,2026-07-26 23:34:46.048292+00:00,2026-07-31 09:31:53.621411+00:00,0.4864864864864865,0.5128205128205128,True
loja_de_cidadao_de_queluz,Tesouraria/ Treasury,59,28,19,2026-07-26 23:34:46.048292+00:00,2026-07-31 09:31:53.621411+00:00,0.3214285714285714,0.5128205128205128,True
loja_de_cidadao_das_laranjeiras,Atendimento Geral/ General Attendance,59,44,19,2026-07-26 23:34:46.048292+00:00,2026-07-31 09:31:53.621411+00:00,0.5681818181818181,0.5128205128205128,False
loja_de_cidadao_das_laranjeiras,Carta de Condução/ Driving License,59,44,19,2026-07-26 23:34:46.048292+00:00,2026-07-31 09:31:53.621411+00:00,0.5681818181818181,0.5128205128205128,True
loja_de_cidadao_de_leiria,Casa Pronta,59,25,19,2026-07-26 23:34:46.048292+00:00,2026-07-31 09:31:53.621411+00:00,0.24,0.5128205128205128,True
loja_de_cidadao_do_barreiro,Atendimento Geral/ General Attendance,59,44,19,2026-07-26 23:34:46.048292+00:00,2026-07-31 09:31:53.621411+00:00,0.5681818181818181,0.5128205128205128,False
loja_de_cidadao_de_aveiro,Cartão Estacionamento (Pessoa com Deficiência),59,44,19,2026-07-26 23:34:46.048292+00:00,2026-07-31 09:31:53.621411+00:00,0.5681818181818181,0.5128205128205128,True
loja_de_cidadao_de_queluz,Diversos,59,28,19,2026-07-26 23:34:46.048292+00:00,2026-07-31 09:31:53.621411+00:00,0.3214285714285714,0.5128205128205128,True
loja_de_cidadao_de_aveiro,Imobiliário,59,44,19,2026-07-26 23:34:46.048292+00:00,2026-07-31 09:31:53.621411+00:00,0.5681818181818181,0.5128205128205128,True
loja_de_cidadao_da_guarda,Atendimento Geral/ General Attendance,59,25,19,2026-07-26 23:34:46.048292+00:00,2026-07-31 09:31:53.621411+00:00,0.24,0.5128205128205128,False
loja_de_cidadao_de_pombal,Carta de Condução/ Driving License,59,27,18,2026-07-26 23:34:46.048292+00:00,2026-07-31 09:31:53.621411+00:00,0.33333333333333337,0.5263157894736842,True
loja_de_cidadao_de_rio_maior,Registo Civil - Nascimento,59,25,18,2026-07-26 23:34:46.048292+00:00,2026-07-31 09:31:53.621411+00:00,0.28,0.5263157894736842,True
loja_de_cidadao_da_batalha,Cartão de Cidadão - Outros,59,25,18,2026-07-26 23:34:46.048292+00:00,2026-07-31 09:31:53.621411+00:00,0.28,0.5263157894736842,True
loja_de_cidadao_de_vila_de_rei,Registo Civil - Casamento / Divórcio/Separação / Outros processos especiais,59,20,18,2026-07-26 23:34:46.048292+00:00,2026-07-31 09:31:53.621411+00:00,0.09999999999999998,0.5263157894736842,True
loja_de_cidadao_de_vila_de_rei,Registo Civil - Nascimento,59,20,18,2026-07-26 23:34:46.048292+00:00,2026-07-31 09:31:53.621411+00:00,0.09999999999999998,0.5263157894736842,True
loja_de_cidadao_de_esmoriz,Certificados de Aforro e Poupança/ Savings Certificates,59,25,18,2026-07-26 23:34:46.048292+00:00,2026-07-31 09:31:53.621411+00:00,0.28,0.5263157894736842,True
loja_de_cidadao_de_tavira,Registo Civil - Nascimento,59,25,18,2026-07-26 23:34:46.048292+00:00,2026-07-31 09:31:53.621411+00:00,0.28,0.5263157894736842,True
loja_de_cidadao_de_torres_vedras,Passaporte - Levantamento / Inf.,59,25,18,2026-07-26 23:34:46.048292+00:00,2026-07-31 09:31:53.621411+00:00,0.28,0.5263157894736842,True
loja_de_cidadao_de_santiago_do_cacem,Oportunidades de emprego,59,21,18,2026-07-26 23:34:46.048292+00:00,2026-07-31 09:31:53.621411+00:00,0.1428571428571429,0.5263157894736842,True
loja_de_cidadao_de_tarouca,Tesouraria,59,20,18,2026-07-26 23:34:46.048292+00:00,2026-07-31 09:31:53.621411+00:00,0.09999999999999998,0.5263157894736842,True
loja_de_cidadao_de_sao_joao_da_madeira,Atendimento Geral/ General Attendance,59,25,18,2026-07-26 23:34:46.048292+00:00,2026-07-31 09:31:53.621411+00:00,0.28,0.5263157894736842,False
loja_de_cidadao_de_castelo_de_paiva,Geral,59,20,18,2026-07-26 23:34:46.048292+00:00,2026-07-31 09:31:53.621411+00:00,0.09999999999999998,0.5263157894736842,False
loja_de_cidadao_da_batalha,Registo Civil - Óbito/Espaço Óbito,59,25,18,2026-07-26 23:34:46.048292+00:00,2026-07-31 09:31:53.621411+00:00,0.28,0.5263157894736842,True
loja_de_cidadao_de_sao_joao_da_madeira,Habilitação / Partilha de Herança / Partilha por divórcio,59,25,18,2026-07-26 23:34:46.048292+00:00,2026-07-31 09:31:53.621411+00:00,0.28,0.5263157894736842,True
loja_de_cidadao_de_castelo_de_paiva,Registo Civil - Certidões / Inf.,59,25,18,2026-07-26 23:34:46.048292+00:00,2026-07-31 09:31:53.621411+00:00,0.28,0.5263157894736842,True
loja_de_cidadao_de_sao_joao_da_madeira,Registo Civil - Nascimento,59,25,18,2026-07-26 23:34:46.048292+00:00,2026-07-31 09:31:53.621411+00:00,0.28,0.5263157894736842,True
loja_de_cidadao_de_castelo_de_paiva,Registo Predial - Certidões / Inf. ,59,25,18,2026-07-26 23:34:46.048292+00:00,2026-07-31 09:31:53.621411+00:00,0.28,0.5263157894736842,False
loja_de_cidadao_do_vimioso,Cartão de Cidadão - Pedido/Renovação,59,25,18,2026-07-26 23:34:46.048292+00:00,2026-07-31 09:31:53.621411+00:00,0.28,0.5263157894736842,True
loja_de_cidadao_de_coimbra,Empresa na Hora,59,25,18,2026-07-26 23:34:46.048292+00:00,2026-07-31 09:31:53.621411+00:00,0.28,0.5263157894736842,True
loja_de_cidadao_de_queluz,Espaço Cidadão/ Citizen Spot,59,28,18,2026-07-26 23:34:46.048292+00:00,2026-07-31 09:31:53.621411+00:00,0.3571428571428571,0.5263157894736842,True
loja_de_cidadao_de_satao,Registo Civil - Nascimento,58,24,18,2026-07-26 23:34:46.048292+00:00,2026-07-31 09:31:53.621411+00:00,0.25,0.5263157894736842,True
loja_de_cidadao_da_anadia,Acolhimento,59,25,18,2026-07-26 23:34:46.048292+00:00,2026-07-31 09:31:53.621411+00:00,0.28,0.5263157894736842,True
loja_de_cidadao_de_ribeira_de_pena,Registo veículos - Certidões / Inf.,59,25,18,2026-07-26 23:34:46.048292+00:00,2026-07-31 09:31:53.621411+00:00,0.28,0.5263157894736842,True
loja_de_cidadao_de_vila_nova_de_gaia,Registo Civil - Óbito/Espaço Óbito,59,25,18,2026-07-26 23:34:46.048292+00:00,2026-07-31 09:31:53.621411+00:00,0.28,0.5263157894736842,True
loja_de_cidadao_de_penafiel,Registo Civil - Nascimento,59,25,18,2026-07-26 23:34:46.048292+00:00,2026-07-31 09:31:53.621411+00:00,0.28,0.5263157894736842,True
loja_de_cidadao_de_belmonte,Registo Predial - Pedido,59,25,18,2026-07-26 23:34:46.048292+00:00,2026-07-31 09:31:53.621411+00:00,0.28,0.5263157894736842,True
loja_de_cidadao_de_vila_real,Registo Comercial - Pedido,59,25,18,2026-07-26 23:34:46.048292+00:00,2026-07-31 09:31:53.621411+00:00,0.28,0.5263157894736842,True
loja_de_cidadao_do_saldanha,Passaporte - Levantamento / Inf.,59,41,18,2026-07-26 23:34:46.048292+00:00,2026-07-31 09:31:53.621411+00:00,0.5609756097560976,0.5263157894736842,True
loja_de_cidadao_de_montalegre,Registo Civil - Certidões / Inf.,59,25,18,2026-07-26 23:34:46.048292+00:00,2026-07-31 09:31:53.621411+00:00,0.28,0.5263157894736842,True
loja_de_cidadao_de_vila_real,Passaporte - Levantamento / Inf.,59,25,18,2026-07-26 23:34:46.048292+00:00,2026-07-31 09:31:53.621411+00:00,0.28,0.5263157894736842,True
loja_de_cidadao_de_penafiel,Acção Social,59,25,18,2026-07-26 23:34:46.048292+00:00,2026-07-31 09:31:53.621411+00:00,0.28,0.5263157894736842,True
loja_de_cidadao_do_bombarral,Atendimento Geral/ General Attendance,59,25,18,2026-07-26 23:34:46.048292+00:00,2026-07-31 09:31:53.621411+00:00,0.28,0.5263157894736842,False
loja_de_cidadao_de_vila_pouca_aguiar,Passaporte - Levantamento / Inf.,59,25,18,2026-07-26 23:34:46.048292+00:00,2026-07-31 09:31:53.621411+00:00,0.28,0.5263157894736842,True
loja_de_cidadao_de_campo_maior,Passaporte - Pedido,59,21,18,2026-07-26 23:34:46.048292+00:00,2026-07-31 09:31:53.621411+00:00,0.1428571428571429,0.5263157894736842,True
loja_de_cidadao_de_montalegre,Carta de Condução/ Driving License,59,25,18,2026-07-26 23:34:46.048292+00:00,2026-07-31 09:31:53.621411+00:00,0.28,0.5263157894736842,True
loja_de_cidadao_de_vila_pouca_aguiar,Cartão de Cidadão - Levantamento,59,25,18,2026-07-26 23:34:46.048292+00:00,2026-07-31 09:31:53.621411+00:00,0.28,0.5263157894736842,True
loja_de_cidadao_de_campo_maior,Registo Civil - Casamento / Divórcio/Separação / Outros processos especiais,59,21,18,2026-07-26 23:34:46.048292+00:00,2026-07-31 09:31:53.621411+00:00,0.1428571428571429,0.5263157894736842,True
loja_de_cidadao_da_anadia,Passaporte - Levantamento / Inf.,59,25,18,2026-07-26 23:34:46.048292+00:00,2026-07-31 09:31:53.621411+00:00,0.28,0.5263157894736842,True
loja_de_cidadao_de_penalva_do_castelo,Registo Civil - Nascimento,58,24,18,2026-07-26 23:34:46.048292+00:00,2026-07-31 09:31:53.621411+00:00,0.25,0.5263157894736842,True
loja_de_cidadao_do_sardoal,Acção Social,59,18,18,2026-07-26 23:34:46.048292+00:00,2026-07-31 09:31:53.621411+00:00,0.0,0.5263157894736842,True
loja_de_cidadao_do_sardoal,Atendimento e Tesouraria,59,27,18,2026-07-26 23:34:46.048292+00:00,2026-07-31 09:31:53.621411+00:00,0.33333333333333337,0.5263157894736842,True
loja_de_cidadao_do_porto,Construção,59,44,18,2026-07-26 23:34:46.048292+00:00,2026-07-31 09:31:53.621411+00:00,0.5909090909090908,0.5263157894736842,True
loja_de_cidadao_das_laranjeiras,Senha A - Atendimento Geral,59,44,17,2026-07-26 23:34:46.048292+00:00,2026-07-31 09:31:53.621411+00:00,0.6136363636363636,0.5405405405405405,False
loja_de_cidadao_de_gondomar,Registo Comercial - Pedido,59,25,17,2026-07-26 23:34:46.048292+00:00,2026-07-31 09:31:53.621411+00:00,0.31999999999999995,0.5405405405405405,True
loja_de_cidadao_das_laranjeiras,Senha B - Pagamentos EPAL,59,44,17,2026-07-26 23:34:46.048292+00:00,2026-07-31 09:31:53.621411+00:00,0.6136363636363636,0.5405405405405405,True
loja_de_cidadao_de_setubal,Atendimento Geral Empresa,59,44,17,2026-07-26 23:34:46.048292+00:00,2026-07-31 09:31:53.621411+00:00,0.6136363636363636,0.5405405405405405,False
loja_de_cidadao_da_anadia,Geral,59,20,17,2026-07-26 23:34:46.048292+00:00,2026-07-31 09:31:53.621411+00:00,0.15000000000000002,0.5405405405405405,False
loja_de_cidadao_de_rio_maior,Posto de serviços rápidos,59,25,17,2026-07-26 23:34:46.048292+00:00,2026-07-31 09:31:53.621411+00:00,0.31999999999999995,0.5405405405405405,True
loja_de_cidadao_de_ribeira_de_pena,Geral,59,21,17,2026-07-26 23:34:46.048292+00:00,2026-07-31 09:31:53.621411+00:00,0.19047619047619047,0.5405405405405405,False
loja_de_cidadao_de_leiria,Registo veículos - Pedido,59,25,17,2026-07-26 23:34:46.048292+00:00,2026-07-31 09:31:53.621411+00:00,0.31999999999999995,0.5405405405405405,True
loja_de_cidadao_da_batalha,Registo Civil - Nascimento,59,25,17,2026-07-26 23:34:46.048292+00:00,2026-07-31 09:31:53.621411+00:00,0.31999999999999995,0.5405405405405405,True
loja_de_cidadao_de_faro,Geral,59,44,17,2026-07-26 23:34:46.048292+00:00,2026-07-31 09:31:53.621411+00:00,0.6136363636363636,0.5405405405405405,False
loja_de_cidadao_de_oliveira_de_frades,Nacionalidade - Cidadão / Particulares,59,25,17,2026-07-26 23:34:46.048292+00:00,2026-07-31 09:31:53.621411+00:00,0.31999999999999995,0.5405405405405405,True
loja_de_cidadao_de_santiago_do_cacem,Carta de Condução/ Driving License,59,25,17,2026-07-26 23:34:46.048292+00:00,2026-07-31 09:31:53.621411+00:00,0.31999999999999995,0.5405405405405405,True
loja_de_cidadao_de_abrantes,Geral,59,25,17,2026-07-26 23:34:46.048292+00:00,2026-07-31 09:31:53.621411+00:00,0.31999999999999995,0.5405405405405405,False
loja_de_cidadao_de_amares,Registo Comercial - Pedido,59,25,17,2026-07-26 23:34:46.048292+00:00,2026-07-31 09:31:53.621411+00:00,0.31999999999999995,0.5405405405405405,True
loja_de_cidadao_de_oliveira_de_frades,Registo veículos - Certidões / Inf.,59,25,17,2026-07-26 23:34:46.048292+00:00,2026-07-31 09:31:53.621411+00:00,0.31999999999999995,0.5405405405405405,True
loja_de_cidadao_de_rio_maior,Águas e Saneamento,59,25,17,2026-07-26 23:34:46.048292+00:00,2026-07-31 09:31:53.621411+00:00,0.31999999999999995,0.5405405405405405,True
loja_de_cidadao_de_santo_tirso,Registo Civil - Casamento / Divórcio/Separação / Outros processos especiais,59,25,17,2026-07-26 23:34:46.048292+00:00,2026-07-31 09:31:53.621411+00:00,0.31999999999999995,0.5405405405405405,True
loja_de_cidadao_do_vimioso,Cartão de Cidadão - Outros,59,25,17,2026-07-26 23:34:46.048292+00:00,2026-07-31 09:31:53.621411+00:00,0.31999999999999995,0.5405405405405405,True
loja_de_cidadao_de_coimbra,Registo Comercial,59,25,17,2026-07-26 23:34:46.048292+00:00,2026-07-31 09:31:53.621411+00:00,0.31999999999999995,0.5405405405405405,True
loja_de_cidadao_de_resende,Nacionalidade - Cidadão / Particulares,59,25,17,2026-07-26 23:34:46.048292+00:00,2026-07-31 09:31:53.621411+00:00,0.31999999999999995,0.5405405405405405,True
loja_de_cidadao_do_cacem,Levantamentos/ Withdrawls,59,28,17,2026-07-26 23:34:46.048292+00:00,2026-07-31 09:31:53.621411+00:00,0.3928571428571429,0.5405405405405405,True
loja_de_cidadao_de_santiago_do_cacem,Atendimento Geral/ General Attendance,59,25,17,2026-07-26 23:34:46.048292+00:00,2026-07-31 09:31:53.621411+00:00,0.31999999999999995,0.5405405405405405,False
loja_de_cidadao_de_amares,Passaporte - Pedido,59,25,17,2026-07-26 23:34:46.048292+00:00,2026-07-31 09:31:53.621411+00:00,0.31999999999999995,0.5405405405405405,True
loja_de_cidadao_de_leiria,Registo Comercial - Certidões / Inf.,59,25,17,2026-07-26 23:34:46.048292+00:00,2026-07-31 09:31:53.621411+00:00,0.31999999999999995,0.5405405405405405,True
loja_de_cidadao_de_montalegre,Nacionalidade - Cidadão / Particulares,59,25,17,2026-07-26 23:34:46.048292+00:00,2026-07-31 09:31:53.621411+00:00,0.31999999999999995,0.5405405405405405,True
loja_de_cidadao_de_borba,Geral,59,25,17,2026-07-26 23:34:46.048292+00:00,2026-07-31 09:31:53.621411+00:00,0.31999999999999995,0.5405405405405405,False
loja_de_cidadao_de_penafiel,Vinha,59,23,17,2026-07-26 23:34:46.048292+00:00,2026-07-31 09:31:53.621411+00:00,0.26086956521739135,0.5405405405405405,True
loja_de_cidadao_de_vila_franca_de_xira,Cartão de Cidadão - Levantamento,59,25,17,2026-07-26 23:34:46.048292+00:00,2026-07-31 09:31:53.621411+00:00,0.31999999999999995,0.5405405405405405,True
loja_de_cidadao_de_vila_franca_de_xira,Cartão de Cidadão - Pedido/Renovação,59,25,17,2026-07-26 23:34:46.048292+00:00,2026-07-31 09:31:53.621411+00:00,0.31999999999999995,0.5405405405405405,True
loja_de_cidadao_de_vila_de_rei,Geral,59,20,17,2026-07-26 23:34:46.048292+00:00,2026-07-31 09:31:53.621411+00:00,0.15000000000000002,0.5405405405405405,False
loja_de_cidadao_de_vila_franca_de_xira,Passaporte - Levantamento / Inf.,59,25,17,2026-07-26 23:34:46.048292+00:00,2026-07-31 09:31:53.621411+00:00,0.31999999999999995,0.5405405405405405,True
loja_de_cidadao_de_carregal_do_sal,Geral,59,20,17,2026-07-26 23:34:46.048292+00:00,2026-07-31 09:31:53.621411+00:00,0.15000000000000002,0.5405405405405405,False
loja_de_cidadao_de_meda,Registo Civil - Casamento / Divórcio/Separação / Outros processos especiais,59,25,17,2026-07-26 23:34:46.048292+00:00,2026-07-31 09:31:53.621411+00:00,0.31999999999999995,0.5405405405405405,True
loja_de_cidadao_de_mafra,Tesouraria,59,31,17,2026-07-26 23:34:46.048292+00:00,2026-07-31 09:31:53.621411+00:00,0.4516129032258065,0.5405405405405405,True
loja_de_cidadao_de_carregal_do_sal,Registo Predial - Pedido,59,25,17,2026-07-26 23:34:46.048292+00:00,2026-07-31 09:31:53.621411+00:00,0.31999999999999995,0.5405405405405405,True
loja_de_cidadao_de_tavira,Registo Predial - Pedido,59,25,17,2026-07-26 23:34:46.048292+00:00,2026-07-31 09:31:53.621411+00:00,0.31999999999999995,0.5405405405405405,True
loja_de_cidadao_de_tavira,Atendimento Geral/ General Attendance,59,25,17,2026-07-26 23:34:46.048292+00:00,2026-07-31 09:31:53.621411+00:00,0.31999999999999995,0.5405405405405405,False
loja_de_cidadao_da_anadia,Registo Civil - Casamento / Divórcio/Separação / Outros processos especiais,59,25,17,2026-07-26 23:34:46.048292+00:00,2026-07-31 09:31:53.621411+00:00,0.31999999999999995,0.5405405405405405,True
loja_de_cidadao_de_torres_novas,Registo Civil - Óbito/Espaço Óbito,59,25,17,2026-07-26 23:34:46.048292+00:00,2026-07-31 09:31:53.621411+00:00,0.31999999999999995,0.5405405405405405,True
loja_de_cidadao_de_borba,Tesouraria,59,25,17,2026-07-26 23:34:46.048292+00:00,2026-07-31 09:31:53.621411+00:00,0.31999999999999995,0.5405405405405405,True
loja_de_cidadao_de_coimbra,Atendimento Geral Empresa,59,25,17,2026-07-26 23:34:46.048292+00:00,2026-07-31 09:31:53.621411+00:00,0.31999999999999995,0.5405405405405405,False
loja_de_cidadao_de_vila_real,Registo Civil - Óbito/Espaço Óbito,59,25,17,2026-07-26 23:34:46.048292+00:00,2026-07-31 09:31:53.621411+00:00,0.31999999999999995,0.5405405405405405,True
loja_de_cidadao_de_vila_real,Registo Civil - Nascimento,59,25,17,2026-07-26 23:34:46.048292+00:00,2026-07-31 09:31:53.621411+00:00,0.31999999999999995,0.5405405405405405,True
loja_de_cidadao_de_vila_real,Cartão de Cidadão - Outros,59,25,16,2026-07-26 23:34:46.048292+00:00,2026-07-31 09:31:53.621411+00:00,0.36,0.5555555555555556,True
loja_de_cidadao_de_alvaiazere,Passaporte - Levantamento / Inf.,59,25,16,2026-07-26 23:34:46.048292+00:00,2026-07-31 09:31:53.621411+00:00,0.36,0.5555555555555556,True
loja_de_cidadao_de_vila_real,Passaporte - Pedido,59,25,16,2026-07-26 23:34:46.048292+00:00,2026-07-31 09:31:53.621411+00:00,0.36,0.5555555555555556,True
loja_de_cidadao_de_santarem,URBANISMO - Atendimento Geral,59,35,16,2026-07-26 23:34:46.048292+00:00,2026-07-31 09:31:53.621411+00:00,0.5428571428571429,0.5555555555555556,False
loja_de_cidadao_de_felgueiras,Registo Civil - Óbito/Espaço Óbito,59,16,16,2026-07-26 23:34:46.048292+00:00,2026-07-31 09:31:53.621411+00:00,0.0,0.5555555555555556,True
loja_de_cidadao_de_torres_vedras,Registo Civil - Certidões / Inf.,59,25,16,2026-07-26 23:34:46.048292+00:00,2026-07-31 09:31:53.621411+00:00,0.36,0.5555555555555556,True
loja_de_cidadao_de_santarem,Atendimento Geral/ General Attendance,59,35,16,2026-07-26 23:34:46.048292+00:00,2026-07-31 09:31:53.621411+00:00,0.5428571428571429,0.5555555555555556,False
loja_de_cidadao_de_alvaiazere,Espaço Cidadão/ Citizen Spot,59,33,16,2026-07-26 23:34:46.048292+00:00,2026-07-31 09:31:53.621411+00:00,0.5151515151515151,0.5555555555555556,True
loja_de_cidadao_de_carregal_do_sal,Registo Comercial - Pedido,59,25,16,2026-07-26 23:34:46.048292+00:00,2026-07-31 09:31:53.621411+00:00,0.36,0.5555555555555556,True
loja_de_cidadao_do_saldanha,Certificado da União Europeia,59,42,16,2026-07-26 23:34:46.048292+00:00,2026-07-31 09:31:53.621411+00:00,0.6190476190476191,0.5555555555555556,True
loja_de_cidadao_da_guarda,Carta de Condução/ Driving License,59,25,16,2026-07-26 23:34:46.048292+00:00,2026-07-31 09:31:53.621411+00:00,0.36,0.5555555555555556,True
loja_de_cidadao_de_vila_velha_de_rodao,Registo veículos - Certidões / Inf.,59,25,16,2026-07-26 23:34:46.048292+00:00,2026-07-31 09:31:53.621411+00:00,0.36,0.5555555555555556,True
loja_de_cidadao_de_cantanhede,Tesouraria,59,25,16,2026-07-26 23:34:46.048292+00:00,2026-07-31 09:31:53.621411+00:00,0.36,0.5555555555555556,True
loja_de_cidadao_de_vila_franca_de_xira,Cartão de Cidadão - Outros,59,25,16,2026-07-26 23:34:46.048292+00:00,2026-07-31 09:31:53.621411+00:00,0.36,0.5555555555555556,True
loja_de_cidadao_das_laranjeiras,Cartão de Cidadão - Levantamento,59,44,16,2026-07-26 23:34:46.048292+00:00,2026-07-31 09:31:53.621411+00:00,0.6363636363636364,0.5555555555555556,True
loja_de_cidadao_do_saldanha,Registo Comercial - Certidões / Inf.,59,40,16,2026-07-26 23:34:46.048292+00:00,2026-07-31 09:31:53.621411+00:00,0.6,0.5555555555555556,True
loja_de_cidadao_de_santiago_do_cacem,Levantamento de NISS,59,25,16,2026-07-26 23:34:46.048292+00:00,2026-07-31 09:31:53.621411+00:00,0.36,0.5555555555555556,True
loja_de_cidadao_do_bombarral, Certificados /Traduções / Procurações/ Reconhecimentos / Fotocópias/ Instrumentos/ Outros,59,16,16,2026-07-26 23:34:46.048292+00:00,2026-07-31 09:31:53.621411+00:00,0.0,0.5555555555555556,False
loja_de_cidadao_de_vila_nova_de_gaia,Registo Civil - Certidões / Inf.,59,25,16,2026-07-26 23:34:46.048292+00:00,2026-07-31 09:31:53.621411+00:00,0.36,0.5555555555555556,True
loja_de_cidadao_do_sardoal,Posto de serviços rápidos,59,18,16,2026-07-26 23:34:46.048292+00:00,2026-07-31 09:31:53.621411+00:00,0.11111111111111116,0.5555555555555556,True
loja_de_cidadao_de_tarouca,Registo Predial - Pedido,59,25,16,2026-07-26 23:34:46.048292+00:00,2026-07-31 09:31:53.621411+00:00,0.36,0.5555555555555556,True
loja_de_cidadao_de_satao,Passaporte - Levantamento / Inf.,59,25,16,2026-07-26 23:34:46.048292+00:00,2026-07-31 09:31:53.621411+00:00,0.36,0.5555555555555556,True
loja_de_cidadao_de_campo_maior,Geral,59,25,16,2026-07-26 23:34:46.048292+00:00,2026-07-31 09:31:53.621411+00:00,0.36,0.5555555555555556,False
loja_de_cidadao_do_bombarral,Casa Pronta,59,16,16,2026-07-26 23:34:46.048292+00:00,2026-07-31 09:31:53.621411+00:00,0.0,0.5555555555555556,True
loja_de_cidadao_do_saldanha,Empresa na Hora / Marca / Associação / Cooperativa / Sucursal na Hora,59,40,16,2026-07-26 23:34:46.048292+00:00,2026-07-31 09:31:53.621411+00:00,0.6,0.5555555555555556,True
loja_de_cidadao_de_felgueiras,Cartão de Cidadão Renovação maiores de 25 anos/ Citizen Card – Renewal for +25 years old,58,25,16,2026-07-26 23:34:46.048292+00:00,2026-07-31 09:31:53.621411+00:00,0.36,0.5555555555555556,True
loja_de_cidadao_do_bombarral,Empresa na Hora / Marca / Associação / Cooperativa / Sucursal na Hora,59,16,16,2026-07-26 23:34:46.048292+00:00,2026-07-31 09:31:53.621411+00:00,0.0,0.5555555555555556,True
loja_de_cidadao_de_cascais,Urbanismo,59,35,16,2026-07-26 23:34:46.048292+00:00,2026-07-31 09:31:53.621411+00:00,0.5428571428571429,0.5555555555555556,True
loja_de_cidadao_do_bombarral,Nacionalidade - Cidadão / Particulares,59,16,16,2026-07-26 23:34:46.048292+00:00,2026-07-31 09:31:53.621411+00:00,0.0,0.5555555555555556,True
loja_de_cidadao_de_felgueiras,Casa Pronta,59,16,16,2026-07-26 23:34:46.048292+00:00,2026-07-31 09:31:53.621411+00:00,0.0,0.5555555555555556,True
loja_de_cidadao_de_borba,Cartão de Cidadão - Pedido/Renovação,59,25,16,2026-07-26 23:34:46.048292+00:00,2026-07-31 09:31:53.621411+00:00,0.36,0.5555555555555556,True
loja_de_cidadao_de_felgueiras,Empresa na Hora / Marca / Associação / Cooperativa / Sucursal na Hora,59,16,16,2026-07-26 23:34:46.048292+00:00,2026-07-31 09:31:53.621411+00:00,0.0,0.5555555555555556,True
loja_de_cidadao_do_bombarral,Nacionalidade - Profissionais,59,16,16,2026-07-26 23:34:46.048292+00:00,2026-07-31 09:31:53.621411+00:00,0.0,0.5555555555555556,True
loja_de_cidadao_de_amares,Registo Civil - Nascimento,59,25,16,2026-07-26 23:34:46.048292+00:00,2026-07-31 09:31:53.621411+00:00,0.36,0.5555555555555556,True
loja_de_cidadao_de_felgueiras,Nacionalidade - Cidadão / Particulares,59,16,16,2026-07-26 23:34:46.048292+00:00,2026-07-31 09:31:53.621411+00:00,0.0,0.5555555555555556,True
loja_de_cidadao_de_felgueiras,Nacionalidade - Profissionais,59,16,16,2026-07-26 23:34:46.048292+00:00,2026-07-31 09:31:53.621411+00:00,0.0,0.5555555555555556,True
loja_de_cidadao_de_ribeira_de_pena,Registo Comercial - Pedido,59,25,16,2026-07-26 23:34:46.048292+00:00,2026-07-31 09:31:53.621411+00:00,0.36,0.5555555555555556,True
loja_de_cidadao_do_porto,Pedido de Emissão de Certificado,59,44,16,2026-07-26 23:34:46.048292+00:00,2026-07-31 09:31:53.621411+00:00,0.6363636363636364,0.5555555555555556,True
loja_de_cidadao_de_montalegre,Registo veículos - Certidões / Inf.,59,25,16,2026-07-26 23:34:46.048292+00:00,2026-07-31 09:31:53.621411+00:00,0.36,0.5555555555555556,True
loja_de_cidadao_de_pinhal_novo,Outros pagamentos,59,25,16,2026-07-26 23:34:46.048292+00:00,2026-07-31 09:31:53.621411+00:00,0.36,0.5555555555555556,True
loja_de_cidadao_de_ponte_da_barca,Registo Civil - Casamento / Divórcio/Separação / Outros processos especiais,59,25,16,2026-07-26 23:34:46.048292+00:00,2026-07-31 09:31:53.621411+00:00,0.36,0.5555555555555556,True
loja_de_cidadao_de_penalva_do_castelo,Registo Predial - Pedido,59,25,16,2026-07-26 23:34:46.048292+00:00,2026-07-31 09:31:53.621411+00:00,0.36,0.5555555555555556,True
loja_de_cidadao_de_queluz,Contratação,59,28,16,2026-07-26 23:34:46.048292+00:00,2026-07-31 09:31:53.621411+00:00,0.4285714285714286,0.5555555555555556,True
loja_de_cidadao_de_oliveira_de_frades,Registo Civil - Certidões / Inf.,59,25,16,2026-07-26 23:34:46.048292+00:00,2026-07-31 09:31:53.621411+00:00,0.36,0.5555555555555556,True
loja_de_cidadao_de_penafiel,Posto de serviços rápidos,59,25,16,2026-07-26 23:34:46.048292+00:00,2026-07-31 09:31:53.621411+00:00,0.36,0.5555555555555556,True
loja_de_cidadao_de_montalegre,Registo Civil - Nascimento,59,25,15,2026-07-26 23:34:46.048292+00:00,2026-07-31 09:31:53.621411+00:00,0.4,0.5714285714285714,True
loja_de_cidadao_de_resende,Passaporte - Levantamento / Inf.,59,25,15,2026-07-26 23:34:46.048292+00:00,2026-07-31 09:31:53.621411+00:00,0.4,0.5714285714285714,True
loja_de_cidadao_do_barreiro,Águas e Resíduos - Atendimento Geral,59,44,15,2026-07-26 23:34:46.048292+00:00,2026-07-31 09:31:53.621411+00:00,0.6590909090909092,0.5714285714285714,False
loja_de_cidadao_de_oliveira_de_frades,Registo veículos - Pedido,59,25,15,2026-07-26 23:34:46.048292+00:00,2026-07-31 09:31:53.621411+00:00,0.4,0.5714285714285714,True
loja_de_cidadao_de_torres_novas,Urbanismo / Urbanism,59,15,15,2026-07-26 23:34:46.048292+00:00,2026-07-31 09:31:53.621411+00:00,0.0,0.5714285714285714,True
loja_de_cidadao_da_batalha,Passaporte - Pedido,59,25,15,2026-07-26 23:34:46.048292+00:00,2026-07-31 09:31:53.621411+00:00,0.4,0.5714285714285714,True
loja_de_cidadao_de_felgueiras,Atendimento geral; Declarações; Atualizações,59,25,15,2026-07-26 23:34:46.048292+00:00,2026-07-31 09:31:53.621411+00:00,0.4,0.5714285714285714,False
loja_de_cidadao_de_felgueiras,Oportunidades de emprego,59,25,15,2026-07-26 23:34:46.048292+00:00,2026-07-31 09:31:53.621411+00:00,0.4,0.5714285714285714,True
loja_de_cidadao_de_resende,Registo Predial - Pedido,59,25,15,2026-07-26 23:34:46.048292+00:00,2026-07-31 09:31:53.621411+00:00,0.4,0.5714285714285714,True
loja_de_cidadao_do_bombarral,Registo Comercial - Pedido,59,16,15,2026-07-26 23:34:46.048292+00:00,2026-07-31 09:31:53.621411+00:00,0.0625,0.5714285714285714,True
loja_de_cidadao_de_resende,Tesouraria,59,20,15,2026-07-26 23:34:46.048292+00:00,2026-07-31 09:31:53.621411+00:00,0.25,0.5714285714285714,True
loja_de_cidadao_de_torres_vedras,Nacionalidade - Cidadão / Particulares,59,25,15,2026-07-26 23:34:46.048292+00:00,2026-07-31 09:31:53.621411+00:00,0.4,0.5714285714285714,True
loja_de_cidadao_de_torres_vedras,Registo Civil - Casamento / Divórcio/Separação / Outros processos especiais,59,25,15,2026-07-26 23:34:46.048292+00:00,2026-07-31 09:31:53.621411+00:00,0.4,0.5714285714285714,True
loja_de_cidadao_de_pombal,Espaço Cidadão/ Citizen Spot,59,27,15,2026-07-26 23:34:46.048292+00:00,2026-07-31 09:31:53.621411+00:00,0.4444444444444444,0.5714285714285714,True
loja_de_cidadao_de_cascais,CRUE,59,35,15,2026-07-26 23:34:46.048292+00:00,2026-07-31 09:31:53.621411+00:00,0.5714285714285714,0.5714285714285714,True
loja_de_cidadao_da_guarda,Cartão de Cidadão - Levantamento,59,24,15,2026-07-26 23:34:46.048292+00:00,2026-07-31 09:31:53.621411+00:00,0.375,0.5714285714285714,True
loja_de_cidadao_de_ansiao,Tesouraria,59,20,15,2026-07-26 23:34:46.048292+00:00,2026-07-31 09:31:53.621411+00:00,0.25,0.5714285714285714,True
loja_de_cidadao_de_vila_real,Registo Predial - Pedido,59,25,15,2026-07-26 23:34:46.048292+00:00,2026-07-31 09:31:53.621411+00:00,0.4,0.5714285714285714,True
loja_de_cidadao_de_campo_maior,Registo Civil - Óbito/Espaço Óbito,59,21,15,2026-07-26 23:34:46.048292+00:00,2026-07-31 09:31:53.621411+00:00,0.2857142857142857,0.5714285714285714,True
loja_de_cidadao_de_ponte_da_barca,Passaporte - Levantamento / Inf.,59,25,15,2026-07-26 23:34:46.048292+00:00,2026-07-31 09:31:53.621411+00:00,0.4,0.5714285714285714,True
loja_de_cidadao_de_vila_pouca_aguiar,Registo Civil - Nascimento,59,25,15,2026-07-26 23:34:46.048292+00:00,2026-07-31 09:31:53.621411+00:00,0.4,0.5714285714285714,True
loja_de_cidadao_de_braga,Passaporte - Pedido,59,44,15,2026-07-26 23:34:46.048292+00:00,2026-07-31 09:31:53.621411+00:00,0.6590909090909092,0.5714285714285714,True
loja_de_cidadao_de_ponte_da_barca,Registo Predial - Certidões / Inf. ,59,25,15,2026-07-26 23:34:46.048292+00:00,2026-07-31 09:31:53.621411+00:00,0.4,0.5714285714285714,False
loja_de_cidadao_de_castelo_de_paiva,Registo veículos - Certidões / Inf.,59,25,15,2026-07-26 23:34:46.048292+00:00,2026-07-31 09:31:53.621411+00:00,0.4,0.5714285714285714,True
loja_de_cidadao_de_borba,Registo Predial - Certidões / Inf. ,59,25,15,2026-07-26 23:34:46.048292+00:00,2026-07-31 09:31:53.621411+00:00,0.4,0.5714285714285714,False
loja_de_cidadao_de_vila_de_rei,Registo Predial - Certidões / Inf. ,59,20,15,2026-07-26 23:34:46.048292+00:00,2026-07-31 09:31:53.621411+00:00,0.25,0.5714285714285714,False
loja_de_cidadao_de_borba,Registo Civil - Óbito/Espaço Óbito,59,25,15,2026-07-26 23:34:46.048292+00:00,2026-07-31 09:31:53.621411+00:00,0.4,0.5714285714285714,True
loja_de_cidadao_de_belmonte,Cartão de Cidadão - Levantamento,59,25,15,2026-07-26 23:34:46.048292+00:00,2026-07-31 09:31:53.621411+00:00,0.4,0.5714285714285714,True
loja_de_cidadao_de_satao,Geral,59,20,15,2026-07-26 23:34:46.048292+00:00,2026-07-31 09:31:53.621411+00:00,0.25,0.5714285714285714,False
loja_de_cidadao_de_belmonte,Carta de Condução/ Driving License,59,25,15,2026-07-26 23:34:46.048292+00:00,2026-07-31 09:31:53.621411+00:00,0.4,0.5714285714285714,True
loja_de_cidadao_de_cascais,Cascais Envolvente - Técnicas,59,35,15,2026-07-26 23:34:46.048292+00:00,2026-07-31 09:31:53.621411+00:00,0.5714285714285714,0.5714285714285714,True
loja_de_cidadao_de_leiria,Registo Predial - Certidões / Inf. ,59,25,15,2026-07-26 23:34:46.048292+00:00,2026-07-31 09:31:53.621411+00:00,0.4,0.5714285714285714,False
loja_de_cidadao_de_amares,Cartão de Cidadão - Outros,59,25,15,2026-07-26 23:34:46.048292+00:00,2026-07-31 09:31:53.621411+00:00,0.4,0.5714285714285714,True
loja_de_cidadao_de_vila_pouca_aguiar,Cartão de Cidadão - Pedido/Renovação,59,25,15,2026-07-26 23:34:46.048292+00:00,2026-07-31 09:31:53.621411+00:00,0.4,0.5714285714285714,True
loja_de_cidadao_das_laranjeiras,Atendimento Geral,59,59,15,2026-07-26 23:34:46.048292+00:00,2026-07-31 09:31:53.621411+00:00,0.7457627118644068,0.5714285714285714,True
loja_de_cidadao_de_nelas,Tesouraria,59,20,15,2026-07-26 23:34:46.048292+00:00,2026-07-31 09:31:53.621411+00:00,0.25,0.5714285714285714,True
loja_de_cidadao_de_carregal_do_sal,Registo Civil - Nascimento,58,24,15,2026-07-26 23:34:46.048292+00:00,2026-07-31 09:31:53.621411+00:00,0.375,0.5714285714285714,True
loja_de_cidadao_de_meda,Cartão de Cidadão - Outros,59,25,15,2026-07-26 23:34:46.048292+00:00,2026-07-31 09:31:53.621411+00:00,0.4,0.5714285714285714,True
loja_de_cidadao_da_anadia,Cartão de Cidadão - Levantamento,59,25,15,2026-07-26 23:34:46.048292+00:00,2026-07-31 09:31:53.621411+00:00,0.4,0.5714285714285714,True
loja_de_cidadao_de_carregal_do_sal,Registo Civil - Certidões / Inf.,59,25,15,2026-07-26 23:34:46.048292+00:00,2026-07-31 09:31:53.621411+00:00,0.4,0.5714285714285714,True
loja_de_cidadao_de_vila_de_rei,Cartão de Cidadão - Outros,59,20,15,2026-07-26 23:34:46.048292+00:00,2026-07-31 09:31:53.621411+00:00,0.25,0.5714285714285714,True
loja_de_cidadao_de_oliveira_de_frades,Cartão de Cidadão - Outros,59,25,15,2026-07-26 23:34:46.048292+00:00,2026-07-31 09:31:53.621411+00:00,0.4,0.5714285714285714,True
loja_de_cidadao_de_penalva_do_castelo,Passaporte - Levantamento / Inf.,59,25,14,2026-07-26 23:34:46.048292+00:00,2026-07-31 09:31:53.621411+00:00,0.43999999999999995,0.588235294117647,True
loja_de_cidadao_de_coimbra,ATENDIMENTO GERAL,59,44,14,2026-07-26 23:34:46.048292+00:00,2026-07-31 09:31:53.621411+00:00,0.6818181818181819,0.588235294117647,False
loja_de_cidadao_de_belmonte,Tesouraria,59,20,14,2026-07-26 23:34:46.048292+00:00,2026-07-31 09:31:53.621411+00:00,0.30000000000000004,0.588235294117647,True
loja_de_cidadao_de_ponte_da_barca,Registo veículos - Pedido,59,25,14,2026-07-26 23:34:46.048292+00:00,2026-07-31 09:31:53.621411+00:00,0.43999999999999995,0.588235294117647,True
loja_de_cidadao_de_santo_tirso,Registo veículos - Pedido,59,25,14,2026-07-26 23:34:46.048292+00:00,2026-07-31 09:31:53.621411+00:00,0.43999999999999995,0.588235294117647,True
loja_de_cidadao_do_seixal,Passaporte - Levantamento / Inf.,59,44,14,2026-07-26 23:34:46.048292+00:00,2026-07-31 09:31:53.621411+00:00,0.6818181818181819,0.588235294117647,True
loja_de_cidadao_de_braga,Cartão de Cidadão - Pedido/Renovação,59,44,14,2026-07-26 23:34:46.048292+00:00,2026-07-31 09:31:53.621411+00:00,0.6818181818181819,0.588235294117647,True
loja_de_cidadao_de_montalegre,Registo Predial - Pedido,59,25,14,2026-07-26 23:34:46.048292+00:00,2026-07-31 09:31:53.621411+00:00,0.43999999999999995,0.588235294117647,True
loja_de_cidadao_de_cascais,MOBICASCAIS - Outros assuntos,59,35,14,2026-07-26 23:34:46.048292+00:00,2026-07-31 09:31:53.621411+00:00,0.6,0.588235294117647,True
loja_de_cidadao_de_penafiel,Tesouraria,59,25,14,2026-07-26 23:34:46.048292+00:00,2026-07-31 09:31:53.621411+00:00,0.43999999999999995,0.588235294117647,True
loja_de_cidadao_de_resende,Registo Civil - Casamento / Divórcio/Separação / Outros processos especiais,59,25,14,2026-07-26 23:34:46.048292+00:00,2026-07-31 09:31:53.621411+00:00,0.43999999999999995,0.588235294117647,True
loja_de_cidadao_de_cascais,Cartão de Cidadão Renovação maiores de 25 anos/ Citizen Card – Renewal for +25 years old,59,35,14,2026-07-26 23:34:46.048292+00:00,2026-07-31 09:31:53.621411+00:00,0.6,0.588235294117647,True
loja_de_cidadao_do_barreiro,Passaporte - Levantamento / Inf.,59,27,14,2026-07-26 23:34:46.048292+00:00,2026-07-31 09:31:53.621411+00:00,0.4814814814814815,0.588235294117647,True
loja_de_cidadao_do_barreiro,Pagamento,59,44,14,2026-07-26 23:34:46.048292+00:00,2026-07-31 09:31:53.621411+00:00,0.6818181818181819,0.588235294117647,True
loja_de_cidadao_de_penafiel,Registo Comercial - Pedido,59,24,14,2026-07-26 23:34:46.048292+00:00,2026-07-31 09:31:53.621411+00:00,0.41666666666666663,0.588235294117647,True
loja_de_cidadao_do_saldanha,Registo veículos - Certidões / Inf.,59,41,14,2026-07-26 23:34:46.048292+00:00,2026-07-31 09:31:53.621411+00:00,0.6585365853658536,0.588235294117647,True
loja_de_cidadao_de_gondomar,Registo Comercial - Certidões / Inf.,59,25,14,2026-07-26 23:34:46.048292+00:00,2026-07-31 09:31:53.621411+00:00,0.43999999999999995,0.588235294117647,True
loja_de_cidadao_de_santo_tirso,Registo Civil - Óbito/Espaço Óbito,59,25,14,2026-07-26 23:34:46.048292+00:00,2026-07-31 09:31:53.621411+00:00,0.43999999999999995,0.588235294117647,True
loja_de_cidadao_de_serpa,Geral,59,25,14,2026-07-26 23:34:46.048292+00:00,2026-07-31 09:31:53.621411+00:00,0.43999999999999995,0.588235294117647,False
loja_de_cidadao_de_alvaiazere,Cartão de Cidadão - Levantamento,59,25,14,2026-07-26 23:34:46.048292+00:00,2026-07-31 09:31:53.621411+00:00,0.43999999999999995,0.588235294117647,True
loja_de_cidadao_de_torres_novas,Atendimento Geral,59,25,14,2026-07-26 23:34:46.048292+00:00,2026-07-31 09:31:53.621411+00:00,0.43999999999999995,0.588235294117647,True
loja_de_cidadao_da_batalha,Licenciamentos Diversos,59,31,14,2026-07-26 23:34:46.048292+00:00,2026-07-31 09:31:53.621411+00:00,0.5483870967741935,0.588235294117647,True
loja_de_cidadao_de_sao_joao_da_madeira,Registo Civil - Certidões / Inf.,59,25,14,2026-07-26 23:34:46.048292+00:00,2026-07-31 09:31:53.621411+00:00,0.43999999999999995,0.588235294117647,True
loja_de_cidadao_de_vila_nova_de_gaia,Tesouraria,59,25,14,2026-07-26 23:34:46.048292+00:00,2026-07-31 09:31:53.621411+00:00,0.43999999999999995,0.588235294117647,True
loja_de_cidadao_da_batalha,Posto de serviços rápidos,59,25,14,2026-07-26 23:34:46.048292+00:00,2026-07-31 09:31:53.621411+00:00,0.43999999999999995,0.588235294117647,True
loja_de_cidadao_de_leiria,Pagamento,59,25,14,2026-07-26 23:34:46.048292+00:00,2026-07-31 09:31:53.621411+00:00,0.43999999999999995,0.588235294117647,True
loja_de_cidadao_de_abrantes,Tesouraria,59,25,14,2026-07-26 23:34:46.048292+00:00,2026-07-31 09:31:53.621411+00:00,0.43999999999999995,0.588235294117647,True
loja_de_cidadao_de_satao,Registo Civil - Casamento / Divórcio/Separação / Outros processos especiais,59,25,14,2026-07-26 23:34:46.048292+00:00,2026-07-31 09:31:53.621411+00:00,0.43999999999999995,0.588235294117647,True
loja_de_cidadao_de_castelo_de_paiva,Cartão de Cidadão - Levantamento,59,25,14,2026-07-26 23:34:46.048292+00:00,2026-07-31 09:31:53.621411+00:00,0.43999999999999995,0.588235294117647,True
loja_de_cidadao_de_vila_de_rei,Tesouraria,59,20,14,2026-07-26 23:34:46.048292+00:00,2026-07-31 09:31:53.621411+00:00,0.30000000000000004,0.588235294117647,True
loja_de_cidadao_da_guarda,Passaporte - Levantamento / Inf.,59,24,14,2026-07-26 23:34:46.048292+00:00,2026-07-31 09:31:53.621411+00:00,0.41666666666666663,0.588235294117647,True
loja_de_cidadao_de_belmonte,Cartão de Cidadão - Outros,59,25,14,2026-07-26 23:34:46.048292+00:00,2026-07-31 09:31:53.621411+00:00,0.43999999999999995,0.588235294117647,True
loja_de_cidadao_de_nelas,Geral,59,20,14,2026-07-26 23:34:46.048292+00:00,2026-07-31 09:31:53.621411+00:00,0.30000000000000004,0.588235294117647,False
loja_de_cidadao_de_campo_maior,Registo Predial - Pedido,59,21,14,2026-07-26 23:34:46.048292+00:00,2026-07-31 09:31:53.621411+00:00,0.33333333333333337,0.588235294117647,True
loja_de_cidadao_do_porto,Passaporte - Pedido,59,44,14,2026-07-26 23:34:46.048292+00:00,2026-07-31 09:31:53.621411+00:00,0.6818181818181819,0.588235294117647,True
loja_de_cidadao_de_resende,Registo veículos - Pedido,59,25,14,2026-07-26 23:34:46.048292+00:00,2026-07-31 09:31:53.621411+00:00,0.43999999999999995,0.588235294117647,True
loja_de_cidadao_de_belmonte, Certificados /Traduções / Procurações/ Reconhecimentos / Fotocópias/ Instrumentos/ Outros,59,25,14,2026-07-26 23:34:46.048292+00:00,2026-07-31 09:31:53.621411+00:00,0.43999999999999995,0.588235294117647,False
loja_de_cidadao_de_campo_maior,Atendimento Geral/ General Attendance,59,25,14,2026-07-26 23:34:46.048292+00:00,2026-07-31 09:31:53.621411+00:00,0.43999999999999995,0.588235294117647,False
loja_de_cidadao_de_vila_de_rei,Passaporte - Pedido,59,20,13,2026-07-26 23:34:46.048292+00:00,2026-07-31 09:31:53.621411+00:00,0.35,0.6060606060606061,True
loja_de_cidadao_de_satao,Atendimento Geral/ General Attendance,59,20,13,2026-07-26 23:34:46.048292+00:00,2026-07-31 09:31:53.621411+00:00,0.35,0.6060606060606061,False
loja_de_cidadao_de_torres_novas,Cartão de Cidadão - Levantamento,59,25,13,2026-07-26 23:34:46.048292+00:00,2026-07-31 09:31:53.621411+00:00,0.48,0.6060606060606061,True
loja_de_cidadao_de_felgueiras,Tesouraria,59,20,13,2026-07-26 23:34:46.048292+00:00,2026-07-31 09:31:53.621411+00:00,0.35,0.6060606060606061,True
loja_de_cidadao_de_carregal_do_sal,Registo Civil - Casamento / Divórcio/Separação / Outros processos especiais,59,25,13,2026-07-26 23:34:46.048292+00:00,2026-07-31 09:31:53.621411+00:00,0.48,0.6060606060606061,True
loja_de_cidadao_do_seixal,Cartão de Cidadão - Levantamento,59,44,13,2026-07-26 23:34:46.048292+00:00,2026-07-31 09:31:53.621411+00:00,0.7045454545454546,0.6060606060606061,True
loja_de_cidadao_de_aveiro,Construção,59,44,13,2026-07-26 23:34:46.048292+00:00,2026-07-31 09:31:53.621411+00:00,0.7045454545454546,0.6060606060606061,True
loja_de_cidadao_de_vila_de_rei,Habilitação / Partilha de Herança / Partilha por divórcio,59,20,13,2026-07-26 23:34:46.048292+00:00,2026-07-31 09:31:53.621411+00:00,0.35,0.6060606060606061,True
loja_de_cidadao_de_torres_novas,Passaporte - Pedido,59,25,13,2026-07-26 23:34:46.048292+00:00,2026-07-31 09:31:53.621411+00:00,0.48,0.6060606060606061,True
loja_de_cidadao_de_penalva_do_castelo,Geral,59,20,13,2026-07-26 23:34:46.048292+00:00,2026-07-31 09:31:53.621411+00:00,0.35,0.6060606060606061,False
loja_de_cidadao_de_satao,Tesouraria,59,20,13,2026-07-26 23:34:46.048292+00:00,2026-07-31 09:31:53.621411+00:00,0.35,0.6060606060606061,True
loja_de_cidadao_do_seixal,Cartão de Cidadão Renovação maiores de 25 anos/ Citizen Card – Renewal for +25 years old,59,44,13,2026-07-26 23:34:46.048292+00:00,2026-07-31 09:31:53.621411+00:00,0.7045454545454546,0.6060606060606061,True
loja_de_cidadao_de_resende,Cartão de Cidadão - Levantamento,59,25,13,2026-07-26 23:34:46.048292+00:00,2026-07-31 09:31:53.621411+00:00,0.48,0.6060606060606061,True
loja_de_cidadao_de_ponte_da_barca,Cartão de Cidadão - Levantamento,59,25,13,2026-07-26 23:34:46.048292+00:00,2026-07-31 09:31:53.621411+00:00,0.48,0.6060606060606061,True
loja_de_cidadao_de_belmonte,Passaporte - Levantamento / Inf.,59,25,13,2026-07-26 23:34:46.048292+00:00,2026-07-31 09:31:53.621411+00:00,0.48,0.6060606060606061,True
loja_de_cidadao_de_marvila,Atendimento Geral,59,44,13,2026-07-26 23:34:46.048292+00:00,2026-07-31 09:31:53.621411+00:00,0.7045454545454546,0.6060606060606061,True
loja_de_cidadao_de_rio_maior,Registo Civil - Óbito/Espaço Óbito,59,25,13,2026-07-26 23:34:46.048292+00:00,2026-07-31 09:31:53.621411+00:00,0.48,0.6060606060606061,True
loja_de_cidadao_de_tavira,Registo Comercial - Certidões / Inf.,59,25,13,2026-07-26 23:34:46.048292+00:00,2026-07-31 09:31:53.621411+00:00,0.48,0.6060606060606061,True
loja_de_cidadao_de_tarouca,Geral,59,20,13,2026-07-26 23:34:46.048292+00:00,2026-07-31 09:31:53.621411+00:00,0.35,0.6060606060606061,False
loja_de_cidadao_de_felgueiras,Passaporte - Levantamento / Inf.,59,16,13,2026-07-26 23:34:46.048292+00:00,2026-07-31 09:31:53.621411+00:00,0.1875,0.6060606060606061,True
loja_de_cidadao_das_laranjeiras,Cartão de Cidadão - Outros,59,44,13,2026-07-26 23:34:46.048292+00:00,2026-07-31 09:31:53.621411+00:00,0.7045454545454546,0.6060606060606061,True
loja_de_cidadao_de_carregal_do_sal,Passaporte - Pedido,59,25,13,2026-07-26 23:34:46.048292+00:00,2026-07-31 09:31:53.621411+00:00,0.48,0.6060606060606061,True
loja_de_cidadao_de_carregal_do_sal,Cartão de Cidadão - Levantamento,59,25,13,2026-07-26 23:34:46.048292+00:00,2026-07-31 09:31:53.621411+00:00,0.48,0.6060606060606061,True
loja_de_cidadao_de_amares,Passaporte - Levantamento / Inf.,59,25,13,2026-07-26 23:34:46.048292+00:00,2026-07-31 09:31:53.621411+00:00,0.48,0.6060606060606061,True
loja_de_cidadao_de_vila_pouca_aguiar,Registo Civil - Certidões / Inf.,59,25,13,2026-07-26 23:34:46.048292+00:00,2026-07-31 09:31:53.621411+00:00,0.48,0.6060606060606061,True
loja_de_cidadao_do_bombarral,Passaporte - Pedido,59,16,13,2026-07-26 23:34:46.048292+00:00,2026-07-31 09:31:53.621411+00:00,0.1875,0.6060606060606061,True
loja_de_cidadao_de_vila_pouca_aguiar,Registo veículos - Certidões / Inf.,59,25,13,2026-07-26 23:34:46.048292+00:00,2026-07-31 09:31:53.621411+00:00,0.48,0.6060606060606061,True
loja_de_cidadao_de_pombal,Posto de serviços rápidos,59,25,13,2026-07-26 23:34:46.048292+00:00,2026-07-31 09:31:53.621411+00:00,0.48,0.6060606060606061,True
loja_de_cidadao_do_vimioso,Geral,59,20,13,2026-07-26 23:34:46.048292+00:00,2026-07-31 09:31:53.621411+00:00,0.35,0.6060606060606061,False
loja_de_cidadao_de_montalegre,Registo Predial - Certidões / Inf. ,59,25,13,2026-07-26 23:34:46.048292+00:00,2026-07-31 09:31:53.621411+00:00,0.48,0.6060606060606061,False
loja_de_cidadao_de_vila_nova_de_gaia,Registo Civil - Casamento / Divórcio/Separação / Outros processos especiais,59,25,13,2026-07-26 23:34:46.048292+00:00,2026-07-31 09:31:53.621411+00:00,0.48,0.6060606060606061,True
loja_de_cidadao_de_alvaiazere,Registo Predial - Certidões / Inf. ,59,25,13,2026-07-26 23:34:46.048292+00:00,2026-07-31 09:31:53.621411+00:00,0.48,0.6060606060606061,False
loja_de_cidadao_de_vila_pouca_aguiar,Registo Civil - Óbito/Espaço Óbito,59,25,12,2026-07-26 23:34:46.048292+00:00,2026-07-31 09:31:53.621411+00:00,0.52,0.625,True
loja_de_cidadao_de_marvila,Geral,59,44,12,2026-07-26 23:34:46.048292+00:00,2026-07-31 09:31:53.621411+00:00,0.7272727272727273,0.625,False
loja_de_cidadao_de_ponte_da_barca,Nacionalidade - Cidadão / Particulares,59,25,12,2026-07-26 23:34:46.048292+00:00,2026-07-31 09:31:53.621411+00:00,0.52,0.625,True
loja_de_cidadao_de_campo_maior,Registo Predial - Certidões / Inf. ,59,21,12,2026-07-26 23:34:46.048292+00:00,2026-07-31 09:31:53.621411+00:00,0.4285714285714286,0.625,False
loja_de_cidadao_de_campo_maior,Nacionalidade - Cidadão / Particulares,59,21,12,2026-07-26 23:34:46.048292+00:00,2026-07-31 09:31:53.621411+00:00,0.4285714285714286,0.625,True
loja_de_cidadao_de_tavira,Registo Civil - Certidões / Inf.,59,25,12,2026-07-26 23:34:46.048292+00:00,2026-07-31 09:31:53.621411+00:00,0.52,0.625,True
loja_de_cidadao_da_anadia,Tesouraria,59,20,12,2026-07-26 23:34:46.048292+00:00,2026-07-31 09:31:53.621411+00:00,0.4,0.625,True
loja_de_cidadao_de_castelo_branco,Atendimento Geral/ General Attendance,59,25,12,2026-07-26 23:34:46.048292+00:00,2026-07-31 09:31:53.621411+00:00,0.52,0.625,False
loja_de_cidadao_de_castelo_de_paiva,Passaporte - Levantamento / Inf.,59,25,12,2026-07-26 23:34:46.048292+00:00,2026-07-31 09:31:53.621411+00:00,0.52,0.625,True
loja_de_cidadao_de_penafiel,Passaporte - Levantamento / Inf.,59,25,12,2026-07-26 23:34:46.048292+00:00,2026-07-31 09:31:53.621411+00:00,0.52,0.625,True
loja_de_cidadao_de_vila_real,Cartão de Cidadão - Pedido/Renovação,59,25,12,2026-07-26 23:34:46.048292+00:00,2026-07-31 09:31:53.621411+00:00,0.52,0.625,True
loja_de_cidadao_de_cascais,PARC - Dísticos de residente,59,35,12,2026-07-26 23:34:46.048292+00:00,2026-07-31 09:31:53.621411+00:00,0.6571428571428571,0.625,True
loja_de_cidadao_do_seixal,Cartão de Cidadão - Outros,59,44,12,2026-07-26 23:34:46.048292+00:00,2026-07-31 09:31:53.621411+00:00,0.7272727272727273,0.625,True
loja_de_cidadao_de_penalva_do_castelo,Atendimento Geral/ General Attendance,59,21,12,2026-07-26 23:34:46.048292+00:00,2026-07-31 09:31:53.621411+00:00,0.4285714285714286,0.625,False
loja_de_cidadao_de_odivelas,Levantamento de NISS,59,44,12,2026-07-26 23:34:46.048292+00:00,2026-07-31 09:31:53.621411+00:00,0.7272727272727273,0.625,True
loja_de_cidadao_de_borba,Registo veículos - Pedido,59,25,12,2026-07-26 23:34:46.048292+00:00,2026-07-31 09:31:53.621411+00:00,0.52,0.625,True
loja_de_cidadao_de_coimbra,Geral,59,44,12,2026-07-26 23:34:46.048292+00:00,2026-07-31 09:31:53.621411+00:00,0.7272727272727273,0.625,False
loja_de_cidadao_de_vila_de_rei,Cartão de Cidadão Renovação maiores de 25 anos/ Citizen Card – Renewal for +25 years old,59,20,12,2026-07-26 23:34:46.048292+00:00,2026-07-31 09:31:53.621411+00:00,0.4,0.625,True
loja_de_cidadao_de_setubal,Cartão de Cidadão - Levantamento,59,44,12,2026-07-26 23:34:46.048292+00:00,2026-07-31 09:31:53.621411+00:00,0.7272727272727273,0.625,True
loja_de_cidadao_do_porto,Atendimento geral,59,31,12,2026-07-26 23:34:46.048292+00:00,2026-07-31 09:31:53.621411+00:00,0.6129032258064516,0.625,False
loja_de_cidadao_de_ribeira_de_pena,Cartão de Cidadão - Levantamento,59,25,12,2026-07-26 23:34:46.048292+00:00,2026-07-31 09:31:53.621411+00:00,0.52,0.625,True
loja_de_cidadao_de_torres_novas,Pagamentos,59,18,12,2026-07-26 23:34:46.048292+00:00,2026-07-31 09:31:53.621411+00:00,0.33333333333333337,0.625,True
loja_de_cidadao_de_vila_de_rei,Registo veículos - Pedido,59,20,12,2026-07-26 23:34:46.048292+00:00,2026-07-31 09:31:53.621411+00:00,0.4,0.625,True
loja_de_cidadao_de_felgueiras,Entrega de Documentos,59,25,12,2026-07-26 23:34:46.048292+00:00,2026-07-31 09:31:53.621411+00:00,0.52,0.625,True
loja_de_cidadao_de_santiago_do_cacem,Tesouraria,59,25,12,2026-07-26 23:34:46.048292+00:00,2026-07-31 09:31:53.621411+00:00,0.52,0.625,True
loja_de_cidadao_de_vila_de_rei,Registo Civil - Certidões / Inf.,59,20,12,2026-07-26 23:34:46.048292+00:00,2026-07-31 09:31:53.621411+00:00,0.4,0.625,True
loja_de_cidadao_de_alvaiazere,Geral,59,20,12,2026-07-26 23:34:46.048292+00:00,2026-07-31 09:31:53.621411+00:00,0.4,0.625,False
loja_de_cidadao_de_vila_franca_de_xira,CM Vila Franca de Xira - Atendimento Geral,59,31,12,2026-07-26 23:34:46.048292+00:00,2026-07-31 09:31:53.621411+00:00,0.6129032258064516,0.625,False
loja_de_cidadao_de_felgueiras, Certificados /Traduções / Procurações/ Reconhecimentos / Fotocópias/ Instrumentos/ Outros,59,12,12,2026-07-26 23:34:46.048292+00:00,2026-07-31 09:31:53.621411+00:00,0.0,0.625,False
loja_de_cidadao_do_bombarral,Registo veículos - Certidões / Inf.,59,16,12,2026-07-26 23:34:46.048292+00:00,2026-07-31 09:31:53.621411+00:00,0.25,0.625,True
loja_de_cidadao_de_cantanhede,Posto de serviços rápidos,59,20,12,2026-07-26 23:34:46.048292+00:00,2026-07-31 09:31:53.621411+00:00,0.4,0.625,True
loja_de_cidadao_de_penafiel,Atendimento Geral/ General Attendance,59,25,12,2026-07-26 23:34:46.048292+00:00,2026-07-31 09:31:53.621411+00:00,0.52,0.625,False
loja_de_cidadao_da_guarda,Passaporte - Pedido,59,24,12,2026-07-26 23:34:46.048292+00:00,2026-07-31 09:31:53.621411+00:00,0.5,0.625,True
loja_de_cidadao_de_sao_joao_da_madeira,Registo Comercial - Pedido,59,25,12,2026-07-26 23:34:46.048292+00:00,2026-07-31 09:31:53.621411+00:00,0.52,0.625,True
loja_de_cidadao_de_vila_de_rei,Registo Predial - Pedido,59,20,12,2026-07-26 23:34:46.048292+00:00,2026-07-31 09:31:53.621411+00:00,0.4,0.625,True
loja_de_cidadao_de_faro,Passaporte - Levantamento / Inf.,59,44,12,2026-07-26 23:34:46.048292+00:00,2026-07-31 09:31:53.621411+00:00,0.7272727272727273,0.625,True
loja_de_cidadao_do_cacem,Cartão de Cidadão Renovação maiores de 25 anos/ Citizen Card – Renewal for +25 years old,59,28,12,2026-07-26 23:34:46.048292+00:00,2026-07-31 09:31:53.621411+00:00,0.5714285714285714,0.625,True
loja_de_cidadao_do_cacem,CMS Atendimento Municipal/ CMS - Municipality,59,28,12,2026-07-26 23:34:46.048292+00:00,2026-07-31 09:31:53.621411+00:00,0.5714285714285714,0.625,True
loja_de_cidadao_de_resende,Geral,59,20,11,2026-07-26 23:34:46.048292+00:00,2026-07-31 09:31:53.621411+00:00,0.44999999999999996,0.6451612903225806,False
loja_de_cidadao_da_guarda,Geral,59,20,11,2026-07-26 23:34:46.048292+00:00,2026-07-31 09:31:53.621411+00:00,0.44999999999999996,0.6451612903225806,False
loja_de_cidadao_de_aveiro,Registo Civil - Certidões / Inf.,59,44,11,2026-07-26 23:34:46.048292+00:00,2026-07-31 09:31:53.621411+00:00,0.75,0.6451612903225806,True
loja_de_cidadao_de_rio_maior,Registo Civil - Casamento / Divórcio/Separação / Outros processos especiais,59,25,11,2026-07-26 23:34:46.048292+00:00,2026-07-31 09:31:53.621411+00:00,0.56,0.6451612903225806,True
loja_de_cidadao_de_montalegre,Cartão de Cidadão - Levantamento,59,25,11,2026-07-26 23:34:46.048292+00:00,2026-07-31 09:31:53.621411+00:00,0.56,0.6451612903225806,True
loja_de_cidadao_das_laranjeiras,Imobiliário,59,19,11,2026-07-26 23:34:46.048292+00:00,2026-07-31 09:31:53.621411+00:00,0.42105263157894735,0.6451612903225806,True
loja_de_cidadao_de_felgueiras,Registo Civil - Nascimento,59,16,11,2026-07-26 23:34:46.048292+00:00,2026-07-31 09:31:53.621411+00:00,0.3125,0.6451612903225806,True
loja_de_cidadao_de_resende,Registo Predial - Certidões / Inf. ,59,25,11,2026-07-26 23:34:46.048292+00:00,2026-07-31 09:31:53.621411+00:00,0.56,0.6451612903225806,False
loja_de_cidadao_do_bombarral,Registo Comercial - Certidões / Inf.,59,16,11,2026-07-26 23:34:46.048292+00:00,2026-07-31 09:31:53.621411+00:00,0.3125,0.6451612903225806,True
loja_de_cidadao_de_marvila,Veículos,59,44,11,2026-07-26 23:34:46.048292+00:00,2026-07-31 09:31:53.621411+00:00,0.75,0.6451612903225806,True
loja_de_cidadao_de_santarem,Levantamento de Carta de Condução,59,27,11,2026-07-26 23:34:46.048292+00:00,2026-07-31 09:31:53.621411+00:00,0.5925925925925926,0.6451612903225806,True
loja_de_cidadao_de_torres_novas,Registo Predial - Pedido,59,25,11,2026-07-26 23:34:46.048292+00:00,2026-07-31 09:31:53.621411+00:00,0.56,0.6451612903225806,True
loja_de_cidadao_de_vila_pouca_aguiar,Registo Predial - Pedido,59,25,11,2026-07-26 23:34:46.048292+00:00,2026-07-31 09:31:53.621411+00:00,0.56,0.6451612903225806,True
loja_de_cidadao_de_campo_maior,Cartão de Cidadão - Outros,59,21,11,2026-07-26 23:34:46.048292+00:00,2026-07-31 09:31:53.621411+00:00,0.47619047619047616,0.6451612903225806,True
loja_de_cidadao_de_felgueiras,Registo Civil - Casamento / Divórcio/Separação / Outros processos especiais,59,16,11,2026-07-26 23:34:46.048292+00:00,2026-07-31 09:31:53.621411+00:00,0.3125,0.6451612903225806,True
loja_de_cidadao_de_vila_franca_de_xira,Atendimento Geral/ General Attendance,59,31,11,2026-07-26 23:34:46.048292+00:00,2026-07-31 09:31:53.621411+00:00,0.6451612903225806,0.6451612903225806,False
loja_de_cidadao_de_vila_pouca_aguiar,Registo veículos - Pedido,59,25,11,2026-07-26 23:34:46.048292+00:00,2026-07-31 09:31:53.621411+00:00,0.56,0.6451612903225806,True
loja_de_cidadao_da_anadia,Passaporte - Pedido,59,25,11,2026-07-26 23:34:46.048292+00:00,2026-07-31 09:31:53.621411+00:00,0.56,0.6451612903225806,True
loja_de_cidadao_do_porto,Cartão de Cidadão - Pedido/Renovação,59,44,11,2026-07-26 23:34:46.048292+00:00,2026-07-31 09:31:53.621411+00:00,0.75,0.6451612903225806,True
loja_de_cidadao_de_vila_nova_de_gaia,Carta de Condução/ Driving License,59,28,11,2026-07-26 23:34:46.048292+00:00,2026-07-31 09:31:53.621411+00:00,0.6071428571428572,0.6451612903225806,True
loja_de_cidadao_de_arruda_dos_vinhos,Geral,59,25,11,2026-07-26 23:34:46.048292+00:00,2026-07-31 09:31:53.621411+00:00,0.56,0.6451612903225806,False
loja_de_cidadao_de_cantanhede,Registo Civil - Certidões / Inf.,59,25,11,2026-07-26 23:34:46.048292+00:00,2026-07-31 09:31:53.621411+00:00,0.56,0.6451612903225806,True
loja_de_cidadao_de_sao_joao_da_madeira,Cartão de Cidadão - Outros,59,25,11,2026-07-26 23:34:46.048292+00:00,2026-07-31 09:31:53.621411+00:00,0.56,0.6451612903225806,True
loja_de_cidadao_de_ribeira_de_pena,Passaporte - Levantamento / Inf.,59,25,11,2026-07-26 23:34:46.048292+00:00,2026-07-31 09:31:53.621411+00:00,0.56,0.6451612903225806,True
loja_de_cidadao_de_viseu,Empresa na Hora,59,19,11,2026-07-26 23:34:46.048292+00:00,2026-07-31 09:31:53.621411+00:00,0.42105263157894735,0.6451612903225806,True
loja_de_cidadao_de_penafiel,Cartão de Cidadão - Outros,59,25,11,2026-07-26 23:34:46.048292+00:00,2026-07-31 09:31:53.621411+00:00,0.56,0.6451612903225806,True
loja_de_cidadao_de_torres_novas,Cartão de Cidadão - Outros,59,25,11,2026-07-26 23:34:46.048292+00:00,2026-07-31 09:31:53.621411+00:00,0.56,0.6451612903225806,True
loja_de_cidadao_do_saldanha,Registo veículos - Pedido,59,41,11,2026-07-26 23:34:46.048292+00:00,2026-07-31 09:31:53.621411+00:00,0.7317073170731707,0.6451612903225806,True
loja_de_cidadao_de_aveiro,Cartão de Cidadão - Levantamento,59,44,11,2026-07-26 23:34:46.048292+00:00,2026-07-31 09:31:53.621411+00:00,0.75,0.6451612903225806,True
loja_de_cidadao_de_santo_tirso,Registo Civil - Certidões / Inf.,59,25,11,2026-07-26 23:34:46.048292+00:00,2026-07-31 09:31:53.621411+00:00,0.56,0.6451612903225806,True
loja_de_cidadao_da_batalha,Registo Civil - Casamento / Divórcio/Separação / Outros processos especiais,59,25,11,2026-07-26 23:34:46.048292+00:00,2026-07-31 09:31:53.621411+00:00,0.56,0.6451612903225806,True
loja_de_cidadao_de_montalegre,Passaporte - Pedido,59,25,11,2026-07-26 23:34:46.048292+00:00,2026-07-31 09:31:53.621411+00:00,0.56,0.6451612903225806,True
loja_de_cidadao_de_penafiel,Cartão de Cidadão - Levantamento,59,25,11,2026-07-26 23:34:46.048292+00:00,2026-07-31 09:31:53.621411+00:00,0.56,0.6451612903225806,True
loja_de_cidadao_de_penafiel,Entrega de Documentos,59,11,11,2026-07-26 23:34:46.048292+00:00,2026-07-31 09:31:53.621411+00:00,0.0,0.6451612903225806,True
loja_de_cidadao_de_belmonte,Cartão de Cidadão - Pedido/Renovação,59,25,10,2026-07-26 23:34:46.048292+00:00,2026-07-31 09:31:53.621411+00:00,0.6,0.6666666666666666,True
loja_de_cidadao_de_vila_pouca_aguiar,Passaporte - Pedido,59,25,10,2026-07-26 23:34:46.048292+00:00,2026-07-31 09:31:53.621411+00:00,0.6,0.6666666666666666,True
loja_de_cidadao_de_odivelas,Passaporte - Pedido,59,44,10,2026-07-26 23:34:46.048292+00:00,2026-07-31 09:31:53.621411+00:00,0.7727272727272727,0.6666666666666666,True
loja_de_cidadao_de_tarouca,Registo veículos - Pedido,59,25,10,2026-07-26 23:34:46.048292+00:00,2026-07-31 09:31:53.621411+00:00,0.6,0.6666666666666666,True
loja_de_cidadao_de_santarem,Tacógrafo,59,27,10,2026-07-26 23:34:46.048292+00:00,2026-07-31 09:31:53.621411+00:00,0.6296296296296297,0.6666666666666666,True
loja_de_cidadao_de_ribeira_de_pena,Cartão de Cidadão - Pedido/Renovação,59,25,10,2026-07-26 23:34:46.048292+00:00,2026-07-31 09:31:53.621411+00:00,0.6,0.6666666666666666,True
loja_de_cidadao_de_castelo_de_paiva,Cartão de Cidadão - Pedido/Renovação,59,25,10,2026-07-26 23:34:46.048292+00:00,2026-07-31 09:31:53.621411+00:00,0.6,0.6666666666666666,True
loja_de_cidadao_de_torres_novas,Contratação,59,18,10,2026-07-26 23:34:46.048292+00:00,2026-07-31 09:31:53.621411+00:00,0.4444444444444444,0.6666666666666666,True
loja_de_cidadao_de_aveiro,Passaporte - Levantamento / Inf.,59,44,10,2026-07-26 23:34:46.048292+00:00,2026-07-31 09:31:53.621411+00:00,0.7727272727272727,0.6666666666666666,True
loja_de_cidadao_de_carregal_do_sal,Registo Predial - Certidões / Inf. ,59,25,10,2026-07-26 23:34:46.048292+00:00,2026-07-31 09:31:53.621411+00:00,0.6,0.6666666666666666,False
loja_de_cidadao_do_bombarral,Tesouraria,59,20,10,2026-07-26 23:34:46.048292+00:00,2026-07-31 09:31:53.621411+00:00,0.5,0.6666666666666666,True
loja_de_cidadao_de_sao_joao_da_madeira,Registo Predial - Pedido,59,25,10,2026-07-26 23:34:46.048292+00:00,2026-07-31 09:31:53.621411+00:00,0.6,0.6666666666666666,True
loja_de_cidadao_de_vila_real,Nacionalidade - Cidadão / Particulares,59,25,10,2026-07-26 23:34:46.048292+00:00,2026-07-31 09:31:53.621411+00:00,0.6,0.6666666666666666,True
loja_de_cidadao_de_vila_real,Registo Civil - Certidões / Inf.,59,25,10,2026-07-26 23:34:46.048292+00:00,2026-07-31 09:31:53.621411+00:00,0.6,0.6666666666666666,True
loja_de_cidadao_da_guarda,Registo Comercial - Certidões / Inf.,59,24,10,2026-07-26 23:34:46.048292+00:00,2026-07-31 09:31:53.621411+00:00,0.5833333333333333,0.6666666666666666,True
loja_de_cidadao_de_belmonte,Registo veículos - Pedido,59,25,10,2026-07-26 23:34:46.048292+00:00,2026-07-31 09:31:53.621411+00:00,0.6,0.6666666666666666,True
loja_de_cidadao_do_seixal,Atendimento Geral/ General Attendance,59,44,10,2026-07-26 23:34:46.048292+00:00,2026-07-31 09:31:53.621411+00:00,0.7727272727272727,0.6666666666666666,False
loja_de_cidadao_de_santiago_do_cacem,Cartão de Cidadão Renovação maiores de 25 anos/ Citizen Card – Renewal for +25 years old,59,25,10,2026-07-26 23:34:46.048292+00:00,2026-07-31 09:31:53.621411+00:00,0.6,0.6666666666666666,True
loja_de_cidadao_do_bombarral,Passaporte - Levantamento / Inf.,59,16,10,2026-07-26 23:34:46.048292+00:00,2026-07-31 09:31:53.621411+00:00,0.375,0.6666666666666666,True
loja_de_cidadao_de_santo_tirso,Registo Predial - Certidões / Inf. ,59,25,10,2026-07-26 23:34:46.048292+00:00,2026-07-31 09:31:53.621411+00:00,0.6,0.6666666666666666,False
loja_de_cidadao_de_gondomar,Passaporte - Pedido,59,25,10,2026-07-26 23:34:46.048292+00:00,2026-07-31 09:31:53.621411+00:00,0.6,0.6666666666666666,True
loja_de_cidadao_de_felgueiras,(Re)Inscrição; Prestação de desemprego ,59,25,10,2026-07-26 23:34:46.048292+00:00,2026-07-31 09:31:53.621411+00:00,0.6,0.6666666666666666,False
loja_de_cidadao_do_barreiro,Contencioso,59,10,10,2026-07-26 23:34:46.048292+00:00,2026-07-31 09:31:53.621411+00:00,0.0,0.6666666666666666,True
loja_de_cidadao_de_macao,Atendimento Geral/ General Attendance,59,25,10,2026-07-26 23:34:46.048292+00:00,2026-07-31 09:31:53.621411+00:00,0.6,0.6666666666666666,False
loja_de_cidadao_da_batalha,Cartão de Cidadão - Levantamento,59,25,10,2026-07-26 23:34:46.048292+00:00,2026-07-31 09:31:53.621411+00:00,0.6,0.6666666666666666,True
loja_de_cidadao_de_torres_novas,Registo Predial - Certidões / Inf. ,59,25,10,2026-07-26 23:34:46.048292+00:00,2026-07-31 09:31:53.621411+00:00,0.6,0.6666666666666666,False
loja_de_cidadao_da_guarda,Registo veículos - Pedido,59,24,10,2026-07-26 23:34:46.048292+00:00,2026-07-31 09:31:53.621411+00:00,0.5833333333333333,0.6666666666666666,True
loja_de_cidadao_de_torres_novas,Registo veículos - Pedido,59,25,9,2026-07-26 23:34:46.048292+00:00,2026-07-31 09:31:53.621411+00:00,0.64,0.6896551724137931,True
loja_de_cidadao_de_torres_novas,Registo Civil - Certidões / Inf.,59,25,9,2026-07-26 23:34:46.048292+00:00,2026-07-31 09:31:53.621411+00:00,0.64,0.6896551724137931,True
loja_de_cidadao_de_vila_nova_de_gaia,Cartão de Cidadão - Outros,59,25,9,2026-07-26 23:34:46.048292+00:00,2026-07-31 09:31:53.621411+00:00,0.64,0.6896551724137931,True
loja_de_cidadao_de_campo_maior,Registo veículos - Pedido,59,21,9,2026-07-26 23:34:46.048292+00:00,2026-07-31 09:31:53.621411+00:00,0.5714285714285714,0.6896551724137931,True
loja_de_cidadao_de_ponte_da_barca,Atendimento Geral/ General Attendance,59,25,9,2026-07-26 23:34:46.048292+00:00,2026-07-31 09:31:53.621411+00:00,0.64,0.6896551724137931,False
loja_de_cidadao_de_vila_nova_de_gaia,Registo Comercial - Certidões / Inf.,59,25,9,2026-07-26 23:34:46.048292+00:00,2026-07-31 09:31:53.621411+00:00,0.64,0.6896551724137931,True
loja_de_cidadao_de_odivelas,Posto de serviços rápidos,59,44,9,2026-07-26 23:34:46.048292+00:00,2026-07-31 09:31:53.621411+00:00,0.7954545454545454,0.6896551724137931,True
loja_de_cidadao_de_carregal_do_sal,Atendimento Geral/ General Attendance,59,25,9,2026-07-26 23:34:46.048292+00:00,2026-07-31 09:31:53.621411+00:00,0.64,0.6896551724137931,False
loja_de_cidadao_de_vila_franca_de_xira,Passaporte - Pedido,59,25,9,2026-07-26 23:34:46.048292+00:00,2026-07-31 09:31:53.621411+00:00,0.64,0.6896551724137931,True
loja_de_cidadao_do_vimioso,Atendimento Geral/ General Attendance,59,25,9,2026-07-26 23:34:46.048292+00:00,2026-07-31 09:31:53.621411+00:00,0.64,0.6896551724137931,False
loja_de_cidadao_de_satao,Casa Pronta,59,25,9,2026-07-26 23:34:46.048292+00:00,2026-07-31 09:31:53.621411+00:00,0.64,0.6896551724137931,True
loja_de_cidadao_de_rio_maior,Registo Predial - Pedido,59,25,9,2026-07-26 23:34:46.048292+00:00,2026-07-31 09:31:53.621411+00:00,0.64,0.6896551724137931,True
loja_de_cidadao_de_leiria,Atendimento Geral/ General Attendance,59,25,9,2026-07-26 23:34:46.048292+00:00,2026-07-31 09:31:53.621411+00:00,0.64,0.6896551724137931,False
loja_de_cidadao_de_rio_maior,Passaporte - Levantamento / Inf.,59,25,9,2026-07-26 23:34:46.048292+00:00,2026-07-31 09:31:53.621411+00:00,0.64,0.6896551724137931,True
loja_de_cidadao_de_queluz,Passaporte - Levantamento / Inf.,59,25,9,2026-07-26 23:34:46.048292+00:00,2026-07-31 09:31:53.621411+00:00,0.64,0.6896551724137931,True
loja_de_cidadao_de_sao_joao_da_madeira,Registo Civil - Casamento / Divórcio/Separação / Outros processos especiais,59,25,9,2026-07-26 23:34:46.048292+00:00,2026-07-31 09:31:53.621411+00:00,0.64,0.6896551724137931,True
loja_de_cidadao_de_sao_joao_da_madeira,Passaporte - Pedido,59,25,9,2026-07-26 23:34:46.048292+00:00,2026-07-31 09:31:53.621411+00:00,0.64,0.6896551724137931,True
loja_de_cidadao_de_aveiro,Cartão de Cidadão - Outros,59,44,9,2026-07-26 23:34:46.048292+00:00,2026-07-31 09:31:53.621411+00:00,0.7954545454545454,0.6896551724137931,True
loja_de_cidadao_de_alvaiazere,Passaporte - Pedido,59,25,9,2026-07-26 23:34:46.048292+00:00,2026-07-31 09:31:53.621411+00:00,0.64,0.6896551724137931,True
loja_de_cidadao_de_penafiel,Passaporte - Pedido,59,25,9,2026-07-26 23:34:46.048292+00:00,2026-07-31 09:31:53.621411+00:00,0.64,0.6896551724137931,True
loja_de_cidadao_da_guarda,Cartão de Cidadão - Pedido/Renovação,59,24,9,2026-07-26 23:34:46.048292+00:00,2026-07-31 09:31:53.621411+00:00,0.625,0.6896551724137931,True
loja_de_cidadao_do_barreiro,Cartão de Cidadão - Levantamento,59,27,9,2026-07-26 23:34:46.048292+00:00,2026-07-31 09:31:53.621411+00:00,0.6666666666666667,0.6896551724137931,True
loja_de_cidadao_de_amares,Cartão de Cidadão - Levantamento,59,25,9,2026-07-26 23:34:46.048292+00:00,2026-07-31 09:31:53.621411+00:00,0.64,0.6896551724137931,True
loja_de_cidadao_do_cacem,Cartão de Cidadão - Levantamento,59,25,9,2026-07-26 23:34:46.048292+00:00,2026-07-31 09:31:53.621411+00:00,0.64,0.6896551724137931,True
loja_de_cidadao_de_felgueiras,Registo Comercial - Certidões / Inf.,59,16,9,2026-07-26 23:34:46.048292+00:00,2026-07-31 09:31:53.621411+00:00,0.4375,0.6896551724137931,True
loja_de_cidadao_do_seixal,Registo Predial - Certidões / Inf. ,59,27,9,2026-07-26 23:34:46.048292+00:00,2026-07-31 09:31:53.621411+00:00,0.6666666666666667,0.6896551724137931,False
loja_de_cidadao_de_belmonte,Registo Predial - Certidões / Inf. ,59,25,9,2026-07-26 23:34:46.048292+00:00,2026-07-31 09:31:53.621411+00:00,0.64,0.6896551724137931,False
loja_de_cidadao_de_santarem,Transportes,59,27,9,2026-07-26 23:34:46.048292+00:00,2026-07-31 09:31:53.621411+00:00,0.6666666666666667,0.6896551724137931,True
loja_de_cidadao_de_esmoriz,Cartão de Cidadão - Levantamento,59,25,9,2026-07-26 23:34:46.048292+00:00,2026-07-31 09:31:53.621411+00:00,0.64,0.6896551724137931,True
loja_de_cidadao_da_anadia,Registo Civil - Certidões / Inf.,59,25,9,2026-07-26 23:34:46.048292+00:00,2026-07-31 09:31:53.621411+00:00,0.64,0.6896551724137931,True
loja_de_cidadao_de_vila_real,Registo veículos - Pedido,59,25,9,2026-07-26 23:34:46.048292+00:00,2026-07-31 09:31:53.621411+00:00,0.64,0.6896551724137931,True
loja_de_cidadao_da_anadia,Cartão de Cidadão - Outros,59,25,9,2026-07-26 23:34:46.048292+00:00,2026-07-31 09:31:53.621411+00:00,0.64,0.6896551724137931,True
loja_de_cidadao_de_ponte_da_barca,Passaporte - Pedido,59,25,9,2026-07-26 23:34:46.048292+00:00,2026-07-31 09:31:53.621411+00:00,0.64,0.6896551724137931,True
loja_de_cidadao_de_odivelas,Tesouraria - pagamento de faturas,59,44,9,2026-07-26 23:34:46.048292+00:00,2026-07-31 09:31:53.621411+00:00,0.7954545454545454,0.6896551724137931,True
loja_de_cidadao_de_campo_maior,Carta de Condução/ Driving License,59,25,9,2026-07-26 23:34:46.048292+00:00,2026-07-31 09:31:53.621411+00:00,0.64,0.6896551724137931,True
loja_de_cidadao_de_castelo_de_paiva,Passaporte - Pedido,59,25,9,2026-07-26 23:34:46.048292+00:00,2026-07-31 09:31:53.621411+00:00,0.64,0.6896551724137931,True
loja_de_cidadao_de_abrantes,Património,59,8,8,2026-07-26 23:34:46.048292+00:00,2026-07-31 09:31:53.621411+00:00,0.0,0.7142857142857143,True
loja_de_cidadao_de_oliveira_de_frades,Execuções Fiscais,59,8,8,2026-07-26 23:34:46.048292+00:00,2026-07-31 09:31:53.621411+00:00,0.0,0.7142857142857143,True
loja_de_cidadao_de_odivelas,Registo veículos - Pedido,59,44,8,2026-07-26 23:34:46.048292+00:00,2026-07-31 09:31:53.621411+00:00,0.8181818181818181,0.7142857142857143,True
loja_de_cidadao_de_vila_de_rei,Rendimento,59,8,8,2026-07-26 23:34:46.048292+00:00,2026-07-31 09:31:53.621411+00:00,0.0,0.7142857142857143,True
loja_de_cidadao_de_meda,Contencioso,59,8,8,2026-07-26 23:34:46.048292+00:00,2026-07-31 09:31:53.621411+00:00,0.0,0.7142857142857143,True
loja_de_cidadao_de_oliveira_de_frades,Pagamentos,59,8,8,2026-07-26 23:34:46.048292+00:00,2026-07-31 09:31:53.621411+00:00,0.0,0.7142857142857143,True
loja_de_cidadao_de_vila_de_rei,Cartão de Cidadão - Pedido/Renovação,59,20,8,2026-07-26 23:34:46.048292+00:00,2026-07-31 09:31:53.621411+00:00,0.6,0.7142857142857143,True
loja_de_cidadao_do_cacem,Contencioso,59,8,8,2026-07-26 23:34:46.048292+00:00,2026-07-31 09:31:53.621411+00:00,0.0,0.7142857142857143,True
loja_de_cidadao_de_vila_de_rei,Execuções Fiscais,59,8,8,2026-07-26 23:34:46.048292+00:00,2026-07-31 09:31:53.621411+00:00,0.0,0.7142857142857143,True
loja_de_cidadao_de_abrantes,Rendimento,59,8,8,2026-07-26 23:34:46.048292+00:00,2026-07-31 09:31:53.621411+00:00,0.0,0.7142857142857143,True
loja_de_cidadao_de_oliveira_de_frades,Contencioso,59,8,8,2026-07-26 23:34:46.048292+00:00,2026-07-31 09:31:53.621411+00:00,0.0,0.7142857142857143,True
loja_de_cidadao_de_alvaiazere,Execuções Fiscais,59,8,8,2026-07-26 23:34:46.048292+00:00,2026-07-31 09:31:53.621411+00:00,0.0,0.7142857142857143,True
loja_de_cidadao_do_vimioso,Pagamentos,59,8,8,2026-07-26 23:34:46.048292+00:00,2026-07-31 09:31:53.621411+00:00,0.0,0.7142857142857143,True
loja_de_cidadao_de_abrantes,Contencioso,59,8,8,2026-07-26 23:34:46.048292+00:00,2026-07-31 09:31:53.621411+00:00,0.0,0.7142857142857143,True
loja_de_cidadao_de_vila_de_rei,Património,59,8,8,2026-07-26 23:34:46.048292+00:00,2026-07-31 09:31:53.621411+00:00,0.0,0.7142857142857143,True
loja_de_cidadao_de_alvaiazere,Contencioso,59,8,8,2026-07-26 23:34:46.048292+00:00,2026-07-31 09:31:53.621411+00:00,0.0,0.7142857142857143,True
loja_de_cidadao_de_nelas,Execuções Fiscais,59,8,8,2026-07-26 23:34:46.048292+00:00,2026-07-31 09:31:53.621411+00:00,0.0,0.7142857142857143,True
loja_de_cidadao_de_abrantes,Execuções Fiscais,59,8,8,2026-07-26 23:34:46.048292+00:00,2026-07-31 09:31:53.621411+00:00,0.0,0.7142857142857143,True
loja_de_cidadao_de_vila_de_rei,Pagamentos,59,8,8,2026-07-26 23:34:46.048292+00:00,2026-07-31 09:31:53.621411+00:00,0.0,0.7142857142857143,True
loja_de_cidadao_de_penalva_do_castelo,Contencioso,59,8,8,2026-07-26 23:34:46.048292+00:00,2026-07-31 09:31:53.621411+00:00,0.0,0.7142857142857143,True
loja_de_cidadao_do_bombarral,Cartão de Cidadão - Pedido/Renovação,59,16,8,2026-07-26 23:34:46.048292+00:00,2026-07-31 09:31:53.621411+00:00,0.5,0.7142857142857143,True
loja_de_cidadao_de_oliveira_de_frades,Património,59,8,8,2026-07-26 23:34:46.048292+00:00,2026-07-31 09:31:53.621411+00:00,0.0,0.7142857142857143,True
loja_de_cidadao_de_vila_velha_de_rodao,Rendimento,59,8,8,2026-07-26 23:34:46.048292+00:00,2026-07-31 09:31:53.621411+00:00,0.0,0.7142857142857143,True
loja_de_cidadao_de_vila_pouca_aguiar,Pagamentos,59,8,8,2026-07-26 23:34:46.048292+00:00,2026-07-31 09:31:53.621411+00:00,0.0,0.7142857142857143,True
loja_de_cidadao_do_saldanha,Registo Civil - Certidões / Inf.,59,41,8,2026-07-26 23:34:46.048292+00:00,2026-07-31 09:31:53.621411+00:00,0.8048780487804879,0.7142857142857143,True
loja_de_cidadao_de_penalva_do_castelo,Pagamentos,59,8,8,2026-07-26 23:34:46.048292+00:00,2026-07-31 09:31:53.621411+00:00,0.0,0.7142857142857143,True
loja_de_cidadao_de_vila_real,Contencioso,59,8,8,2026-07-26 23:34:46.048292+00:00,2026-07-31 09:31:53.621411+00:00,0.0,0.7142857142857143,True
loja_de_cidadao_de_vila_real,Registo Civil - Casamento / Divórcio/Separação / Outros processos especiais,59,25,8,2026-07-26 23:34:46.048292+00:00,2026-07-31 09:31:53.621411+00:00,0.6799999999999999,0.7142857142857143,True
loja_de_cidadao_de_penafiel,Registo Comercial - Certidões / Inf.,59,24,8,2026-07-26 23:34:46.048292+00:00,2026-07-31 09:31:53.621411+00:00,0.6666666666666667,0.7142857142857143,True
loja_de_cidadao_de_borba,Passaporte - Levantamento / Inf.,59,25,8,2026-07-26 23:34:46.048292+00:00,2026-07-31 09:31:53.621411+00:00,0.6799999999999999,0.7142857142857143,True
loja_de_cidadao_da_anadia,Pagamentos,59,8,8,2026-07-26 23:34:46.048292+00:00,2026-07-31 09:31:53.621411+00:00,0.0,0.7142857142857143,True
loja_de_cidadao_de_vila_velha_de_rodao,Contencioso,59,8,8,2026-07-26 23:34:46.048292+00:00,2026-07-31 09:31:53.621411+00:00,0.0,0.7142857142857143,True
loja_de_cidadao_de_vila_velha_de_rodao,Património,59,8,8,2026-07-26 23:34:46.048292+00:00,2026-07-31 09:31:53.621411+00:00,0.0,0.7142857142857143,True
loja_de_cidadao_de_vila_nova_de_gaia,Contencioso,59,8,8,2026-07-26 23:34:46.048292+00:00,2026-07-31 09:31:53.621411+00:00,0.0,0.7142857142857143,True
loja_de_cidadao_de_carregal_do_sal,Execuções Fiscais,59,8,8,2026-07-26 23:34:46.048292+00:00,2026-07-31 09:31:53.621411+00:00,0.0,0.7142857142857143,True
loja_de_cidadao_de_aveiro,Registo veículos - Certidões / Inf.,59,44,8,2026-07-26 23:34:46.048292+00:00,2026-07-31 09:31:53.621411+00:00,0.8181818181818181,0.7142857142857143,True
loja_de_cidadao_do_bombarral,Registo Civil - Óbito/Espaço Óbito,59,16,8,2026-07-26 23:34:46.048292+00:00,2026-07-31 09:31:53.621411+00:00,0.5,0.7142857142857143,True
loja_de_cidadao_de_arruda_dos_vinhos,Rendimento,59,8,8,2026-07-26 23:34:46.048292+00:00,2026-07-31 09:31:53.621411+00:00,0.0,0.7142857142857143,True
loja_de_cidadao_de_arruda_dos_vinhos,Execuções Fiscais,59,8,8,2026-07-26 23:34:46.048292+00:00,2026-07-31 09:31:53.621411+00:00,0.0,0.7142857142857143,True
loja_de_cidadao_de_arruda_dos_vinhos,Contencioso,59,8,8,2026-07-26 23:34:46.048292+00:00,2026-07-31 09:31:53.621411+00:00,0.0,0.7142857142857143,True
loja_de_cidadao_de_ansiao,Município de Ansião / Ansião Municipality,59,20,8,2026-07-26 23:34:46.048292+00:00,2026-07-31 09:31:53.621411+00:00,0.6,0.7142857142857143,True
loja_de_cidadao_de_vila_franca_de_xira,Pagamentos,58,8,8,2026-07-26 23:34:46.048292+00:00,2026-07-31 09:31:53.621411+00:00,0.0,0.7142857142857143,True
loja_de_cidadao_de_ansiao,Geral,59,20,8,2026-07-26 23:34:46.048292+00:00,2026-07-31 09:31:53.621411+00:00,0.6,0.7142857142857143,False
loja_de_cidadao_de_ansiao,Contencioso,59,8,8,2026-07-26 23:34:46.048292+00:00,2026-07-31 09:31:53.621411+00:00,0.0,0.7142857142857143,True
loja_de_cidadao_de_vila_pouca_aguiar,Contencioso,59,8,8,2026-07-26 23:34:46.048292+00:00,2026-07-31 09:31:53.621411+00:00,0.0,0.7142857142857143,True
loja_de_cidadao_do_bombarral,Cartão de Cidadão Renovação maiores de 25 anos/ Citizen Card – Renewal for +25 years old,59,25,8,2026-07-26 23:34:46.048292+00:00,2026-07-31 09:31:53.621411+00:00,0.6799999999999999,0.7142857142857143,True
loja_de_cidadao_de_nelas,Contencioso,59,8,8,2026-07-26 23:34:46.048292+00:00,2026-07-31 09:31:53.621411+00:00,0.0,0.7142857142857143,True
loja_de_cidadao_de_meda,Execuções Fiscais,59,8,8,2026-07-26 23:34:46.048292+00:00,2026-07-31 09:31:53.621411+00:00,0.0,0.7142857142857143,True
loja_de_cidadao_do_bombarral,Pagamentos,59,8,8,2026-07-26 23:34:46.048292+00:00,2026-07-31 09:31:53.621411+00:00,0.0,0.7142857142857143,True
loja_de_cidadao_de_belmonte,Contencioso,59,8,8,2026-07-26 23:34:46.048292+00:00,2026-07-31 09:31:53.621411+00:00,0.0,0.7142857142857143,True
loja_de_cidadao_de_vila_de_rei,Contencioso,59,8,8,2026-07-26 23:34:46.048292+00:00,2026-07-31 09:31:53.621411+00:00,0.0,0.7142857142857143,True
loja_de_cidadao_de_santarem,Rendimento,59,8,8,2026-07-26 23:34:46.048292+00:00,2026-07-31 09:31:53.621411+00:00,0.0,0.7142857142857143,True
loja_de_cidadao_de_resende,Cartão de Cidadão - Pedido/Renovação,59,25,8,2026-07-26 23:34:46.048292+00:00,2026-07-31 09:31:53.621411+00:00,0.6799999999999999,0.7142857142857143,True
loja_de_cidadao_de_santo_tirso,Levantamento de NISS,59,11,8,2026-07-26 23:34:46.048292+00:00,2026-07-31 09:31:53.621411+00:00,0.2727272727272727,0.7142857142857143,True
loja_de_cidadao_de_torres_novas,Rendimento,59,8,8,2026-07-26 23:34:46.048292+00:00,2026-07-31 09:31:53.621411+00:00,0.0,0.7142857142857143,True
loja_de_cidadao_de_macao,Contencioso,59,8,8,2026-07-26 23:34:46.048292+00:00,2026-07-31 09:31:53.621411+00:00,0.0,0.7142857142857143,True
loja_de_cidadao_de_torres_novas,Património,59,8,8,2026-07-26 23:34:46.048292+00:00,2026-07-31 09:31:53.621411+00:00,0.0,0.7142857142857143,True
loja_de_cidadao_de_mafra,Contencioso,59,8,8,2026-07-26 23:34:46.048292+00:00,2026-07-31 09:31:53.621411+00:00,0.0,0.7142857142857143,True
loja_de_cidadao_de_ribeira_de_pena,Execuções Fiscais,59,8,8,2026-07-26 23:34:46.048292+00:00,2026-07-31 09:31:53.621411+00:00,0.0,0.7142857142857143,True
loja_de_cidadao_de_ribeira_de_pena,Contencioso,59,8,8,2026-07-26 23:34:46.048292+00:00,2026-07-31 09:31:53.621411+00:00,0.0,0.7142857142857143,True
loja_de_cidadao_de_torres_novas,Execuções Fiscais,59,8,8,2026-07-26 23:34:46.048292+00:00,2026-07-31 09:31:53.621411+00:00,0.0,0.7142857142857143,True
loja_de_cidadao_de_castelo_de_paiva,Pagamentos,59,8,8,2026-07-26 23:34:46.048292+00:00,2026-07-31 09:31:53.621411+00:00,0.0,0.7142857142857143,True
loja_de_cidadao_do_sardoal,Rendimento,59,8,8,2026-07-26 23:34:46.048292+00:00,2026-07-31 09:31:53.621411+00:00,0.0,0.7142857142857143,True
loja_de_cidadao_do_sardoal,Geral,59,18,8,2026-07-26 23:34:46.048292+00:00,2026-07-31 09:31:53.621411+00:00,0.5555555555555556,0.7142857142857143,False
loja_de_cidadao_do_sardoal,Património,59,8,8,2026-07-26 23:34:46.048292+00:00,2026-07-31 09:31:53.621411+00:00,0.0,0.7142857142857143,True
loja_de_cidadao_de_torres_novas,Contencioso,59,8,8,2026-07-26 23:34:46.048292+00:00,2026-07-31 09:31:53.621411+00:00,0.0,0.7142857142857143,True
loja_de_cidadao_do_sardoal,Pagamentos,59,8,8,2026-07-26 23:34:46.048292+00:00,2026-07-31 09:31:53.621411+00:00,0.0,0.7142857142857143,True
loja_de_cidadao_de_santiago_do_cacem,Contencioso,59,8,8,2026-07-26 23:34:46.048292+00:00,2026-07-31 09:31:53.621411+00:00,0.0,0.7142857142857143,True
loja_de_cidadao_de_rio_maior,Registo veículos - Pedido,59,25,8,2026-07-26 23:34:46.048292+00:00,2026-07-31 09:31:53.621411+00:00,0.6799999999999999,0.7142857142857143,True
loja_de_cidadao_de_castelo_branco,Passaporte - Levantamento / Inf.,59,25,8,2026-07-26 23:34:46.048292+00:00,2026-07-31 09:31:53.621411+00:00,0.6799999999999999,0.7142857142857143,True
loja_de_cidadao_de_sao_joao_da_madeira,Registo Comercial - Certidões / Inf.,59,25,8,2026-07-26 23:34:46.048292+00:00,2026-07-31 09:31:53.621411+00:00,0.6799999999999999,0.7142857142857143,True
loja_de_cidadao_de_santarem,Património,59,8,8,2026-07-26 23:34:46.048292+00:00,2026-07-31 09:31:53.621411+00:00,0.0,0.7142857142857143,True
loja_de_cidadao_de_santarem,Contencioso,59,8,8,2026-07-26 23:34:46.048292+00:00,2026-07-31 09:31:53.621411+00:00,0.0,0.7142857142857143,True
loja_de_cidadao_de_castelo_branco,Cartão de Cidadão - Levantamento,59,25,8,2026-07-26 23:34:46.048292+00:00,2026-07-31 09:31:53.621411+00:00,0.6799999999999999,0.7142857142857143,True
loja_de_cidadao_do_sardoal,Execuções Fiscais,59,8,8,2026-07-26 23:34:46.048292+00:00,2026-07-31 09:31:53.621411+00:00,0.0,0.7142857142857143,True
loja_de_cidadao_de_setubal,Geral,59,44,8,2026-07-26 23:34:46.048292+00:00,2026-07-31 09:31:53.621411+00:00,0.8181818181818181,0.7142857142857143,False
loja_de_cidadao_de_leiria,Tesouraria,59,25,8,2026-07-26 23:34:46.048292+00:00,2026-07-31 09:31:53.621411+00:00,0.6799999999999999,0.7142857142857143,True
loja_de_cidadao_de_pombal,Geral,59,25,8,2026-07-26 23:34:46.048292+00:00,2026-07-31 09:31:53.621411+00:00,0.6799999999999999,0.7142857142857143,False
loja_de_cidadao_de_valpacos,Rendimento,59,8,8,2026-07-26 23:34:46.048292+00:00,2026-07-31 09:31:53.621411+00:00,0.0,0.7142857142857143,True
loja_de_cidadao_de_satao,Contencioso,59,8,8,2026-07-26 23:34:46.048292+00:00,2026-07-31 09:31:53.621411+00:00,0.0,0.7142857142857143,True
loja_de_cidadao_de_valpacos,Execuções Fiscais,59,8,8,2026-07-26 23:34:46.048292+00:00,2026-07-31 09:31:53.621411+00:00,0.0,0.7142857142857143,True
loja_de_cidadao_de_valpacos,Contencioso,59,8,8,2026-07-26 23:34:46.048292+00:00,2026-07-31 09:31:53.621411+00:00,0.0,0.7142857142857143,True
loja_de_cidadao_do_vimioso,Atendimento Geral,59,8,8,2026-07-26 23:34:46.048292+00:00,2026-07-31 09:31:53.621411+00:00,0.0,0.7142857142857143,True
loja_de_cidadao_de_ribeira_de_pena,Registo Civil - Casamento / Divórcio/Separação / Outros processos especiais,59,25,8,2026-07-26 23:34:46.048292+00:00,2026-07-31 09:31:53.621411+00:00,0.6799999999999999,0.7142857142857143,True
loja_de_cidadao_do_sardoal,Contencioso,59,8,8,2026-07-26 23:34:46.048292+00:00,2026-07-31 09:31:53.621411+00:00,0.0,0.7142857142857143,True
loja_de_cidadao_de_ribeira_de_pena,Registo veículos - Pedido,59,25,8,2026-07-26 23:34:46.048292+00:00,2026-07-31 09:31:53.621411+00:00,0.6799999999999999,0.7142857142857143,True
loja_de_cidadao_de_carregal_do_sal,Pagamentos,59,8,8,2026-07-26 23:34:46.048292+00:00,2026-07-31 09:31:53.621411+00:00,0.0,0.7142857142857143,True
loja_de_cidadao_de_santarem,Execuções Fiscais,59,8,8,2026-07-26 23:34:46.048292+00:00,2026-07-31 09:31:53.621411+00:00,0.0,0.7142857142857143,True
loja_de_cidadao_do_seixal,Cartão de Cidadão - Pedido/Renovação,59,44,8,2026-07-26 23:34:46.048292+00:00,2026-07-31 09:31:53.621411+00:00,0.8181818181818181,0.7142857142857143,True
loja_de_cidadao_de_carregal_do_sal,Rendimento,59,8,8,2026-07-26 23:34:46.048292+00:00,2026-07-31 09:31:53.621411+00:00,0.0,0.7142857142857143,True
loja_de_cidadao_de_faro,Registo Civil - Certidões / Inf.,59,44,7,2026-07-26 23:34:46.048292+00:00,2026-07-31 09:31:53.621411+00:00,0.8409090909090909,0.7407407407407407,True
loja_de_cidadao_de_faro,Registo veículos - Pedido,59,44,7,2026-07-26 23:34:46.048292+00:00,2026-07-31 09:31:53.621411+00:00,0.8409090909090909,0.7407407407407407,True
loja_de_cidadao_do_bombarral,Registo Civil - Certidões / Inf.,59,16,7,2026-07-26 23:34:46.048292+00:00,2026-07-31 09:31:53.621411+00:00,0.5625,0.7407407407407407,True
loja_de_cidadao_do_bombarral,Registo Civil - Nascimento,59,16,7,2026-07-26 23:34:46.048292+00:00,2026-07-31 09:31:53.621411+00:00,0.5625,0.7407407407407407,True
loja_de_cidadao_do_barreiro,Cartão de Cidadão - Pedido/Renovação,59,27,7,2026-07-26 23:34:46.048292+00:00,2026-07-31 09:31:53.621411+00:00,0.7407407407407407,0.7407407407407407,True
loja_de_cidadao_de_vila_velha_de_rodao,Execuções Fiscais,59,8,7,2026-07-26 23:34:46.048292+00:00,2026-07-31 09:31:53.621411+00:00,0.125,0.7407407407407407,True
loja_de_cidadao_de_aveiro,Registo veículos - Pedido,59,44,7,2026-07-26 23:34:46.048292+00:00,2026-07-31 09:31:53.621411+00:00,0.8409090909090909,0.7407407407407407,True
loja_de_cidadao_do_bombarral,Registo veículos - Pedido,59,16,7,2026-07-26 23:34:46.048292+00:00,2026-07-31 09:31:53.621411+00:00,0.5625,0.7407407407407407,True
loja_de_cidadao_de_felgueiras,Registo Civil - Certidões / Inf.,59,16,7,2026-07-26 23:34:46.048292+00:00,2026-07-31 09:31:53.621411+00:00,0.5625,0.7407407407407407,True
loja_de_cidadao_de_meda,Registo veículos - Pedido,59,25,7,2026-07-26 23:34:46.048292+00:00,2026-07-31 09:31:53.621411+00:00,0.72,0.7407407407407407,True
loja_de_cidadao_de_satao,Rendimento,59,8,7,2026-07-26 23:34:46.048292+00:00,2026-07-31 09:31:53.621411+00:00,0.125,0.7407407407407407,True
loja_de_cidadao_de_castelo_branco,Cartão de Cidadão - Pedido/Renovação,59,25,7,2026-07-26 23:34:46.048292+00:00,2026-07-31 09:31:53.621411+00:00,0.72,0.7407407407407407,True
loja_de_cidadao_de_faro,Registo Predial - Certidões / Inf. ,59,44,7,2026-07-26 23:34:46.048292+00:00,2026-07-31 09:31:53.621411+00:00,0.8409090909090909,0.7407407407407407,False
loja_de_cidadao_de_castelo_branco,Cartão de Cidadão - Outros,59,25,7,2026-07-26 23:34:46.048292+00:00,2026-07-31 09:31:53.621411+00:00,0.72,0.7407407407407407,True
loja_de_cidadao_de_felgueiras,Registo Predial - Pedido,59,16,7,2026-07-26 23:34:46.048292+00:00,2026-07-31 09:31:53.621411+00:00,0.5625,0.7407407407407407,True
loja_de_cidadao_de_penafiel,Casa Pronta,59,7,7,2026-07-26 23:34:46.048292+00:00,2026-07-31 09:31:53.621411+00:00,0.0,0.7407407407407407,True
loja_de_cidadao_de_ponte_da_barca,Registo Civil - Certidões / Inf.,59,25,7,2026-07-26 23:34:46.048292+00:00,2026-07-31 09:31:53.621411+00:00,0.72,0.7407407407407407,True
loja_de_cidadao_de_vila_real,Registo Predial - Certidões / Inf. ,59,25,7,2026-07-26 23:34:46.048292+00:00,2026-07-31 09:31:53.621411+00:00,0.72,0.7407407407407407,False
loja_de_cidadao_de_amares,Cartão de Cidadão - Pedido/Renovação,59,25,7,2026-07-26 23:34:46.048292+00:00,2026-07-31 09:31:53.621411+00:00,0.72,0.7407407407407407,True
loja_de_cidadao_de_felgueiras,Contencioso,59,8,7,2026-07-26 23:34:46.048292+00:00,2026-07-31 09:31:53.621411+00:00,0.125,0.7407407407407407,True
loja_de_cidadao_de_coimbra,Atendimento Geral,59,44,7,2026-07-26 23:34:46.048292+00:00,2026-07-31 09:31:53.621411+00:00,0.8409090909090909,0.7407407407407407,True
loja_de_cidadao_de_oliveira_de_frades,Rendimento,59,8,7,2026-07-26 23:34:46.048292+00:00,2026-07-31 09:31:53.621411+00:00,0.125,0.7407407407407407,True
loja_de_cidadao_de_setubal,Passaporte - Pedido,59,44,7,2026-07-26 23:34:46.048292+00:00,2026-07-31 09:31:53.621411+00:00,0.8409090909090909,0.7407407407407407,True
loja_de_cidadao_do_bombarral,Cartão de Cidadão - Outros,59,16,7,2026-07-26 23:34:46.048292+00:00,2026-07-31 09:31:53.621411+00:00,0.5625,0.7407407407407407,True
loja_de_cidadao_de_resende,Registo Civil - Certidões / Inf.,59,25,7,2026-07-26 23:34:46.048292+00:00,2026-07-31 09:31:53.621411+00:00,0.72,0.7407407407407407,True
loja_de_cidadao_do_saldanha,Passaporte - Pedido,59,41,7,2026-07-26 23:34:46.048292+00:00,2026-07-31 09:31:53.621411+00:00,0.8292682926829268,0.7407407407407407,True
loja_de_cidadao_de_ansiao,Execuções Fiscais,59,8,7,2026-07-26 23:34:46.048292+00:00,2026-07-31 09:31:53.621411+00:00,0.125,0.7407407407407407,True
loja_de_cidadao_de_braga,Construção,59,44,7,2026-07-26 23:34:46.048292+00:00,2026-07-31 09:31:53.621411+00:00,0.8409090909090909,0.7407407407407407,True
loja_de_cidadao_de_ponte_da_barca,Registo Civil - Óbito/Espaço Óbito,59,25,7,2026-07-26 23:34:46.048292+00:00,2026-07-31 09:31:53.621411+00:00,0.72,0.7407407407407407,True
loja_de_cidadao_da_batalha,Pagamentos,59,8,7,2026-07-26 23:34:46.048292+00:00,2026-07-31 09:31:53.621411+00:00,0.125,0.7407407407407407,True
loja_de_cidadao_de_serpa,Tesouraria,59,25,7,2026-07-26 23:34:46.048292+00:00,2026-07-31 09:31:53.621411+00:00,0.72,0.7407407407407407,True
loja_de_cidadao_de_belmonte,Pagamentos,59,8,7,2026-07-26 23:34:46.048292+00:00,2026-07-31 09:31:53.621411+00:00,0.125,0.7407407407407407,True
loja_de_cidadao_de_queluz,Passaporte - Pedido,59,25,7,2026-07-26 23:34:46.048292+00:00,2026-07-31 09:31:53.621411+00:00,0.72,0.7407407407407407,True
loja_de_cidadao_de_esmoriz,Cartão de Cidadão - Pedido/Renovação,59,25,7,2026-07-26 23:34:46.048292+00:00,2026-07-31 09:31:53.621411+00:00,0.72,0.7407407407407407,True
loja_de_cidadao_de_montalegre,Pagamentos,59,7,7,2026-07-26 23:34:46.048292+00:00,2026-07-31 09:31:53.621411+00:00,0.0,0.7407407407407407,True
loja_de_cidadao_de_montalegre,Contencioso,59,7,7,2026-07-26 23:34:46.048292+00:00,2026-07-31 09:31:53.621411+00:00,0.0,0.7407407407407407,True
loja_de_cidadao_de_resende,Registo Civil - Óbito/Espaço Óbito,59,25,7,2026-07-26 23:34:46.048292+00:00,2026-07-31 09:31:53.621411+00:00,0.72,0.7407407407407407,True
loja_de_cidadao_de_sao_joao_da_madeira,Passaporte - Levantamento / Inf.,59,25,7,2026-07-26 23:34:46.048292+00:00,2026-07-31 09:31:53.621411+00:00,0.72,0.7407407407407407,True
loja_de_cidadao_de_rio_maior,Registo Civil - Certidões / Inf.,59,25,7,2026-07-26 23:34:46.048292+00:00,2026-07-31 09:31:53.621411+00:00,0.72,0.7407407407407407,True
loja_de_cidadao_de_ribeira_de_pena,Registo Civil - Óbito/Espaço Óbito,59,25,7,2026-07-26 23:34:46.048292+00:00,2026-07-31 09:31:53.621411+00:00,0.72,0.7407407407407407,True
loja_de_cidadao_de_ribeira_de_pena,Pagamentos,59,8,7,2026-07-26 23:34:46.048292+00:00,2026-07-31 09:31:53.621411+00:00,0.125,0.7407407407407407,True
loja_de_cidadao_de_vila_nova_de_gaia,Habilitação / Partilha de Herança / Partilha por divórcio,59,25,7,2026-07-26 23:34:46.048292+00:00,2026-07-31 09:31:53.621411+00:00,0.72,0.7407407407407407,True
loja_de_cidadao_de_nelas,Rendimento,59,8,7,2026-07-26 23:34:46.048292+00:00,2026-07-31 09:31:53.621411+00:00,0.125,0.7407407407407407,True
loja_de_cidadao_das_laranjeiras,Registo veículos - Pedido,59,44,7,2026-07-26 23:34:46.048292+00:00,2026-07-31 09:31:53.621411+00:00,0.8409090909090909,0.7407407407407407,True
loja_de_cidadao_de_torres_vedras,Registo Comercial - Certidões / Inf.,59,25,7,2026-07-26 23:34:46.048292+00:00,2026-07-31 09:31:53.621411+00:00,0.72,0.7407407407407407,True
loja_de_cidadao_de_vila_nova_de_gaia,Passaporte - Levantamento / Inf.,59,25,7,2026-07-26 23:34:46.048292+00:00,2026-07-31 09:31:53.621411+00:00,0.72,0.7407407407407407,True
loja_de_cidadao_da_batalha,Registo Predial - Certidões / Inf. ,59,25,7,2026-07-26 23:34:46.048292+00:00,2026-07-31 09:31:53.621411+00:00,0.72,0.7407407407407407,False
loja_de_cidadao_das_laranjeiras,Registo Predial - Certidões / Inf. ,59,44,7,2026-07-26 23:34:46.048292+00:00,2026-07-31 09:31:53.621411+00:00,0.8409090909090909,0.7407407407407407,False
loja_de_cidadao_das_laranjeiras,Pedido de Emissão de Certificado,59,30,7,2026-07-26 23:34:46.048292+00:00,2026-07-31 09:31:53.621411+00:00,0.7666666666666666,0.7407407407407407,True
loja_de_cidadao_do_porto,Atendimento Geral/ General Attendance,59,44,7,2026-07-26 23:34:46.048292+00:00,2026-07-31 09:31:53.621411+00:00,0.8409090909090909,0.7407407407407407,False
loja_de_cidadao_de_odivelas,Atendimento Geral/ General Attendance,59,44,7,2026-07-26 23:34:46.048292+00:00,2026-07-31 09:31:53.621411+00:00,0.8409090909090909,0.7407407407407407,False
loja_de_cidadao_de_torres_novas,Atendimento Geral Empresa,59,24,7,2026-07-26 23:34:46.048292+00:00,2026-07-31 09:31:53.621411+00:00,0.7083333333333333,0.7407407407407407,False
loja_de_cidadao_de_leiria,Habilitação / Partilha de Herança / Partilha por divórcio,59,25,7,2026-07-26 23:34:46.048292+00:00,2026-07-31 09:31:53.621411+00:00,0.72,0.7407407407407407,True
loja_de_cidadao_de_nelas,Pagamentos,59,8,7,2026-07-26 23:34:46.048292+00:00,2026-07-31 09:31:53.621411+00:00,0.125,0.7407407407407407,True
loja_de_cidadao_de_torres_novas,Registo Civil - Nascimento,59,25,7,2026-07-26 23:34:46.048292+00:00,2026-07-31 09:31:53.621411+00:00,0.72,0.7407407407407407,True
loja_de_cidadao_de_felgueiras,Registo veículos - Pedido,59,16,7,2026-07-26 23:34:46.048292+00:00,2026-07-31 09:31:53.621411+00:00,0.5625,0.7407407407407407,True
loja_de_cidadao_do_seixal,Registo veículos - Certidões / Inf.,59,27,7,2026-07-26 23:34:46.048292+00:00,2026-07-31 09:31:53.621411+00:00,0.7407407407407407,0.7407407407407407,True
loja_de_cidadao_de_carregal_do_sal,Passaporte - Levantamento / Inf.,59,25,7,2026-07-26 23:34:46.048292+00:00,2026-07-31 09:31:53.621411+00:00,0.72,0.7407407407407407,True
loja_de_cidadao_de_vila_nova_de_gaia,Registo Predial - Pedido,59,25,7,2026-07-26 23:34:46.048292+00:00,2026-07-31 09:31:53.621411+00:00,0.72,0.7407407407407407,True
loja_de_cidadao_de_torres_novas,Registo Civil - Casamento / Divórcio/Separação / Outros processos especiais,59,25,7,2026-07-26 23:34:46.048292+00:00,2026-07-31 09:31:53.621411+00:00,0.72,0.7407407407407407,True
loja_de_cidadao_de_santo_tirso,Entrega de Documentos,59,11,6,2026-07-26 23:34:46.048292+00:00,2026-07-31 09:31:53.621411+00:00,0.4545454545454546,0.7692307692307692,True
loja_de_cidadao_de_esmoriz,Cartão de Cidadão - Outros,59,25,6,2026-07-26 23:34:46.048292+00:00,2026-07-31 09:31:53.621411+00:00,0.76,0.7692307692307692,True
loja_de_cidadao_de_penalva_do_castelo,Registo Predial - Certidões / Inf. ,59,25,6,2026-07-26 23:34:46.048292+00:00,2026-07-31 09:31:53.621411+00:00,0.76,0.7692307692307692,False
loja_de_cidadao_de_cantanhede,Registo veículos - Pedido,59,25,6,2026-07-26 23:34:46.048292+00:00,2026-07-31 09:31:53.621411+00:00,0.76,0.7692307692307692,True
loja_de_cidadao_de_castelo_branco,Carta de Condução/ Driving License,59,25,6,2026-07-26 23:34:46.048292+00:00,2026-07-31 09:31:53.621411+00:00,0.76,0.7692307692307692,True
loja_de_cidadao_de_penalva_do_castelo,Rendimento,59,8,6,2026-07-26 23:34:46.048292+00:00,2026-07-31 09:31:53.621411+00:00,0.25,0.7692307692307692,True
loja_de_cidadao_de_queluz,Cartão de Cidadão - Levantamento,59,25,6,2026-07-26 23:34:46.048292+00:00,2026-07-31 09:31:53.621411+00:00,0.76,0.7692307692307692,True
loja_de_cidadao_de_setubal,Cartão de Cidadão - Pedido/Renovação,59,44,6,2026-07-26 23:34:46.048292+00:00,2026-07-31 09:31:53.621411+00:00,0.8636363636363636,0.7692307692307692,True
loja_de_cidadao_de_macao,Execuções Fiscais,59,8,6,2026-07-26 23:34:46.048292+00:00,2026-07-31 09:31:53.621411+00:00,0.25,0.7692307692307692,True
loja_de_cidadao_de_penalva_do_castelo,Registo veículos - Pedido,59,25,6,2026-07-26 23:34:46.048292+00:00,2026-07-31 09:31:53.621411+00:00,0.76,0.7692307692307692,True
loja_de_cidadao_de_penafiel,Geral,59,25,6,2026-07-26 23:34:46.048292+00:00,2026-07-31 09:31:53.621411+00:00,0.76,0.7692307692307692,False
loja_de_cidadao_da_batalha,Geral,59,25,6,2026-07-26 23:34:46.048292+00:00,2026-07-31 09:31:53.621411+00:00,0.76,0.7692307692307692,False
loja_de_cidadao_de_satao,Registo Predial - Certidões / Inf. ,59,25,6,2026-07-26 23:34:46.048292+00:00,2026-07-31 09:31:53.621411+00:00,0.76,0.7692307692307692,False
loja_de_cidadao_de_torres_vedras,Cartão de Cidadão - Levantamento,59,25,6,2026-07-26 23:34:46.048292+00:00,2026-07-31 09:31:53.621411+00:00,0.76,0.7692307692307692,True
loja_de_cidadao_de_cascais,Atendimento ao Migrante,59,35,6,2026-07-26 23:34:46.048292+00:00,2026-07-31 09:31:53.621411+00:00,0.8285714285714285,0.7692307692307692,True
loja_de_cidadao_de_faro,Cartão de Cidadão - Levantamento,59,44,6,2026-07-26 23:34:46.048292+00:00,2026-07-31 09:31:53.621411+00:00,0.8636363636363636,0.7692307692307692,True
loja_de_cidadao_de_cascais,Atendimento Geral/ General Attendance,59,35,6,2026-07-26 23:34:46.048292+00:00,2026-07-31 09:31:53.621411+00:00,0.8285714285714285,0.7692307692307692,False
loja_de_cidadao_de_vila_velha_de_rodao,Pagamentos,59,8,6,2026-07-26 23:34:46.048292+00:00,2026-07-31 09:31:53.621411+00:00,0.25,0.7692307692307692,True
loja_de_cidadao_de_belmonte,Execuções Fiscais,59,8,6,2026-07-26 23:34:46.048292+00:00,2026-07-31 09:31:53.621411+00:00,0.25,0.7692307692307692,True
loja_de_cidadao_de_resende,Cartão de Cidadão - Outros,59,25,6,2026-07-26 23:34:46.048292+00:00,2026-07-31 09:31:53.621411+00:00,0.76,0.7692307692307692,True
loja_de_cidadao_de_torres_vedras,Registo Predial - Certidões / Inf. ,59,25,6,2026-07-26 23:34:46.048292+00:00,2026-07-31 09:31:53.621411+00:00,0.76,0.7692307692307692,False
loja_de_cidadao_de_valpacos,Património,59,8,6,2026-07-26 23:34:46.048292+00:00,2026-07-31 09:31:53.621411+00:00,0.25,0.7692307692307692,True
loja_de_cidadao_de_satao,Cartão de Cidadão - Levantamento,59,25,6,2026-07-26 23:34:46.048292+00:00,2026-07-31 09:31:53.621411+00:00,0.76,0.7692307692307692,True
loja_de_cidadao_de_resende,Atendimento Geral/ General Attendance,59,25,6,2026-07-26 23:34:46.048292+00:00,2026-07-31 09:31:53.621411+00:00,0.76,0.7692307692307692,False
loja_de_cidadao_de_carregal_do_sal,Contencioso,59,8,6,2026-07-26 23:34:46.048292+00:00,2026-07-31 09:31:53.621411+00:00,0.25,0.7692307692307692,True
loja_de_cidadao_da_anadia,Execuções Fiscais,59,8,6,2026-07-26 23:34:46.048292+00:00,2026-07-31 09:31:53.621411+00:00,0.25,0.7692307692307692,True
loja_de_cidadao_de_santo_tirso,Contencioso,59,8,6,2026-07-26 23:34:46.048292+00:00,2026-07-31 09:31:53.621411+00:00,0.25,0.7692307692307692,True
loja_de_cidadao_do_barreiro,Passaporte - Pedido,59,27,6,2026-07-26 23:34:46.048292+00:00,2026-07-31 09:31:53.621411+00:00,0.7777777777777778,0.7692307692307692,True
loja_de_cidadao_de_vila_de_rei,Atendimento Geral/ General Attendance,59,20,6,2026-07-26 23:34:46.048292+00:00,2026-07-31 09:31:53.621411+00:00,0.7,0.7692307692307692,False
loja_de_cidadao_de_gondomar,Cartão de Cidadão - Pedido/Renovação,59,25,6,2026-07-26 23:34:46.048292+00:00,2026-07-31 09:31:53.621411+00:00,0.76,0.7692307692307692,True
loja_de_cidadao_de_nelas,Património,59,8,6,2026-07-26 23:34:46.048292+00:00,2026-07-31 09:31:53.621411+00:00,0.25,0.7692307692307692,True
loja_de_cidadao_de_torres_novas,Cartão de Cidadão - Pedido/Renovação,59,25,6,2026-07-26 23:34:46.048292+00:00,2026-07-31 09:31:53.621411+00:00,0.76,0.7692307692307692,True
loja_de_cidadao_do_bombarral,Registo Predial - Pedido,59,16,6,2026-07-26 23:34:46.048292+00:00,2026-07-31 09:31:53.621411+00:00,0.625,0.7692307692307692,True
loja_de_cidadao_de_cantanhede,Cartão de Cidadão - Outros,59,25,6,2026-07-26 23:34:46.048292+00:00,2026-07-31 09:31:53.621411+00:00,0.76,0.7692307692307692,True
loja_de_cidadao_de_vila_pouca_aguiar,Registo Predial - Certidões / Inf. ,59,25,6,2026-07-26 23:34:46.048292+00:00,2026-07-31 09:31:53.621411+00:00,0.76,0.7692307692307692,False
loja_de_cidadao_de_amares,Registo Predial - Pedido,59,25,6,2026-07-26 23:34:46.048292+00:00,2026-07-31 09:31:53.621411+00:00,0.76,0.7692307692307692,True
loja_de_cidadao_do_bombarral,Registo Civil - Casamento / Divórcio/Separação / Outros processos especiais,59,16,6,2026-07-26 23:34:46.048292+00:00,2026-07-31 09:31:53.621411+00:00,0.625,0.7692307692307692,True
loja_de_cidadao_do_saldanha,Transportes,59,41,6,2026-07-26 23:34:46.048292+00:00,2026-07-31 09:31:53.621411+00:00,0.8536585365853658,0.7692307692307692,True
loja_de_cidadao_de_castelo_de_paiva,Atendimento Geral/ General Attendance,59,17,6,2026-07-26 23:34:46.048292+00:00,2026-07-31 09:31:53.621411+00:00,0.6470588235294117,0.7692307692307692,False
loja_de_cidadao_de_tarouca,Cartão de Cidadão - Pedido/Renovação,59,25,6,2026-07-26 23:34:46.048292+00:00,2026-07-31 09:31:53.621411+00:00,0.76,0.7692307692307692,True
loja_de_cidadao_de_ponte_da_barca,Cartão de Cidadão - Outros,59,25,6,2026-07-26 23:34:46.048292+00:00,2026-07-31 09:31:53.621411+00:00,0.76,0.7692307692307692,True
loja_de_cidadao_de_penalva_do_castelo,Património,59,8,6,2026-07-26 23:34:46.048292+00:00,2026-07-31 09:31:53.621411+00:00,0.25,0.7692307692307692,True
loja_de_cidadao_do_bombarral,Execuções Fiscais,59,8,6,2026-07-26 23:34:46.048292+00:00,2026-07-31 09:31:53.621411+00:00,0.25,0.7692307692307692,True
loja_de_cidadao_do_seixal,Passaporte - Pedido,59,44,6,2026-07-26 23:34:46.048292+00:00,2026-07-31 09:31:53.621411+00:00,0.8636363636363636,0.7692307692307692,True
loja_de_cidadao_de_felgueiras,Execuções Fiscais,59,8,6,2026-07-26 23:34:46.048292+00:00,2026-07-31 09:31:53.621411+00:00,0.25,0.7692307692307692,True
loja_de_cidadao_de_mafra,Pagamentos,58,8,6,2026-07-26 23:34:46.048292+00:00,2026-07-31 09:31:53.621411+00:00,0.25,0.7692307692307692,True
loja_de_cidadao_de_felgueiras,Registo Comercial - Pedido,59,16,6,2026-07-26 23:34:46.048292+00:00,2026-07-31 09:31:53.621411+00:00,0.625,0.7692307692307692,True
loja_de_cidadao_de_santarem,Recolha de Imagem,59,27,6,2026-07-26 23:34:46.048292+00:00,2026-07-31 09:31:53.621411+00:00,0.7777777777777778,0.7692307692307692,True
loja_de_cidadao_de_felgueiras,Geral,59,25,6,2026-07-26 23:34:46.048292+00:00,2026-07-31 09:31:53.621411+00:00,0.76,0.7692307692307692,False
loja_de_cidadao_do_saldanha,Cartão de Cidadão - Levantamento,59,41,6,2026-07-26 23:34:46.048292+00:00,2026-07-31 09:31:53.621411+00:00,0.8536585365853658,0.7692307692307692,True
loja_de_cidadao_de_alvaiazere,Registo Civil - Óbito/Espaço Óbito,59,25,6,2026-07-26 23:34:46.048292+00:00,2026-07-31 09:31:53.621411+00:00,0.76,0.7692307692307692,True
loja_de_cidadao_de_nelas,Câmara Municipal de Nelas / Nelas Municipality,59,30,6,2026-07-26 23:34:46.048292+00:00,2026-07-31 09:31:53.621411+00:00,0.8,0.7692307692307692,True
loja_de_cidadao_da_batalha,Registo Predial - Pedido,59,25,6,2026-07-26 23:34:46.048292+00:00,2026-07-31 09:31:53.621411+00:00,0.76,0.7692307692307692,True
loja_de_cidadao_de_felgueiras,Passaporte - Pedido,59,16,6,2026-07-26 23:34:46.048292+00:00,2026-07-31 09:31:53.621411+00:00,0.625,0.7692307692307692,True
loja_de_cidadao_de_sao_joao_da_madeira,Cartão de Cidadão - Levantamento,59,25,5,2026-07-26 23:34:46.048292+00:00,2026-07-31 09:31:53.621411+00:00,0.8,0.8,True
loja_de_cidadao_de_ribeira_de_pena,Registo Predial - Certidões / Inf. ,59,25,5,2026-07-26 23:34:46.048292+00:00,2026-07-31 09:31:53.621411+00:00,0.8,0.8,False
loja_de_cidadao_de_alvaiazere,Registo Civil - Certidões / Inf.,59,25,5,2026-07-26 23:34:46.048292+00:00,2026-07-31 09:31:53.621411+00:00,0.8,0.8,True
loja_de_cidadao_de_ribeira_de_pena,Registo Civil - Certidões / Inf.,59,25,5,2026-07-26 23:34:46.048292+00:00,2026-07-31 09:31:53.621411+00:00,0.8,0.8,True
loja_de_cidadao_do_bombarral,Rendimento,59,8,5,2026-07-26 23:34:46.048292+00:00,2026-07-31 09:31:53.621411+00:00,0.375,0.8,True
loja_de_cidadao_de_arruda_dos_vinhos,Património,59,8,5,2026-07-26 23:34:46.048292+00:00,2026-07-31 09:31:53.621411+00:00,0.375,0.8,True
loja_de_cidadao_de_felgueiras,Registo veículos - Certidões / Inf.,59,16,5,2026-07-26 23:34:46.048292+00:00,2026-07-31 09:31:53.621411+00:00,0.6875,0.8,True
loja_de_cidadao_de_ribeira_de_pena,Património,59,8,5,2026-07-26 23:34:46.048292+00:00,2026-07-31 09:31:53.621411+00:00,0.375,0.8,True
loja_de_cidadao_de_santo_tirso,Património,59,8,5,2026-07-26 23:34:46.048292+00:00,2026-07-31 09:31:53.621411+00:00,0.375,0.8,True
loja_de_cidadao_da_anadia,Cartão de Cidadão - Pedido/Renovação,59,25,5,2026-07-26 23:34:46.048292+00:00,2026-07-31 09:31:53.621411+00:00,0.8,0.8,True
loja_de_cidadao_do_seixal,Posto de serviços rápidos,59,44,5,2026-07-26 23:34:46.048292+00:00,2026-07-31 09:31:53.621411+00:00,0.8863636363636364,0.8,True
loja_de_cidadao_de_leiria,Pagamentos,59,8,5,2026-07-26 23:34:46.048292+00:00,2026-07-31 09:31:53.621411+00:00,0.375,0.8,True
loja_de_cidadao_de_odivelas,Cartão de Cidadão - Levantamento,59,44,5,2026-07-26 23:34:46.048292+00:00,2026-07-31 09:31:53.621411+00:00,0.8863636363636364,0.8,True
loja_de_cidadao_de_alvaiazere,Pagamentos,59,8,5,2026-07-26 23:34:46.048292+00:00,2026-07-31 09:31:53.621411+00:00,0.375,0.8,True
loja_de_cidadao_de_leiria,Passaporte - Levantamento / Inf.,59,25,5,2026-07-26 23:34:46.048292+00:00,2026-07-31 09:31:53.621411+00:00,0.8,0.8,True
loja_de_cidadao_de_amares,Registo veículos - Pedido,59,25,5,2026-07-26 23:34:46.048292+00:00,2026-07-31 09:31:53.621411+00:00,0.8,0.8,True
loja_de_cidadao_de_leiria,Cartão de Cidadão - Levantamento,59,25,5,2026-07-26 23:34:46.048292+00:00,2026-07-31 09:31:53.621411+00:00,0.8,0.8,True
loja_de_cidadao_do_barreiro,Pagamentos,59,10,5,2026-07-26 23:34:46.048292+00:00,2026-07-31 09:31:53.621411+00:00,0.5,0.8,True
loja_de_cidadao_de_gondomar,Registo veículos - Pedido,59,25,5,2026-07-26 23:34:46.048292+00:00,2026-07-31 09:31:53.621411+00:00,0.8,0.8,True
loja_de_cidadao_de_rio_maior,Passaporte - Pedido,59,25,5,2026-07-26 23:34:46.048292+00:00,2026-07-31 09:31:53.621411+00:00,0.8,0.8,True
loja_de_cidadao_de_rio_maior,Registo Predial - Certidões / Inf. ,59,25,5,2026-07-26 23:34:46.048292+00:00,2026-07-31 09:31:53.621411+00:00,0.8,0.8,False
loja_de_cidadao_de_faro,Cartão de Cidadão - Outros,59,44,5,2026-07-26 23:34:46.048292+00:00,2026-07-31 09:31:53.621411+00:00,0.8863636363636364,0.8,True
loja_de_cidadao_de_castelo_de_paiva,Cartão de Cidadão Renovação maiores de 25 anos/ Citizen Card – Renewal for +25 years old,59,17,5,2026-07-26 23:34:46.048292+00:00,2026-07-31 09:31:53.621411+00:00,0.7058823529411764,0.8,True
loja_de_cidadao_de_cantanhede,Registo Predial - Pedido,59,25,5,2026-07-26 23:34:46.048292+00:00,2026-07-31 09:31:53.621411+00:00,0.8,0.8,True
loja_de_cidadao_de_penalva_do_castelo,Passaporte - Pedido,59,25,5,2026-07-26 23:34:46.048292+00:00,2026-07-31 09:31:53.621411+00:00,0.8,0.8,True
loja_de_cidadao_da_batalha,Registo veículos - Pedido,59,25,5,2026-07-26 23:34:46.048292+00:00,2026-07-31 09:31:53.621411+00:00,0.8,0.8,True
loja_de_cidadao_de_castelo_de_paiva,Contencioso,59,8,5,2026-07-26 23:34:46.048292+00:00,2026-07-31 09:31:53.621411+00:00,0.375,0.8,True
loja_de_cidadao_de_vila_nova_de_gaia,Cartão de Cidadão - Levantamento,59,25,5,2026-07-26 23:34:46.048292+00:00,2026-07-31 09:31:53.621411+00:00,0.8,0.8,True
loja_de_cidadao_de_tavira,Registo veículos - Pedido,59,25,5,2026-07-26 23:34:46.048292+00:00,2026-07-31 09:31:53.621411+00:00,0.8,0.8,True
loja_de_cidadao_de_esmoriz,Passaporte - Levantamento / Inf.,59,25,5,2026-07-26 23:34:46.048292+00:00,2026-07-31 09:31:53.621411+00:00,0.8,0.8,True
loja_de_cidadao_de_mafra,Património,59,8,5,2026-07-26 23:34:46.048292+00:00,2026-07-31 09:31:53.621411+00:00,0.375,0.8,True
loja_de_cidadao_de_penafiel,Registo veículos - Certidões / Inf.,59,7,5,2026-07-26 23:34:46.048292+00:00,2026-07-31 09:31:53.621411+00:00,0.2857142857142857,0.8,True
loja_de_cidadao_de_penafiel,Registo veículos - Pedido,59,7,5,2026-07-26 23:34:46.048292+00:00,2026-07-31 09:31:53.621411+00:00,0.2857142857142857,0.8,True
loja_de_cidadao_de_satao,Registo Civil - Certidões / Inf.,59,25,5,2026-07-26 23:34:46.048292+00:00,2026-07-31 09:31:53.621411+00:00,0.8,0.8,True
loja_de_cidadao_de_queluz,Levantamento de NISS,59,25,5,2026-07-26 23:34:46.048292+00:00,2026-07-31 09:31:53.621411+00:00,0.8,0.8,True
loja_de_cidadao_de_meda,Pagamentos,59,8,5,2026-07-26 23:34:46.048292+00:00,2026-07-31 09:31:53.621411+00:00,0.375,0.8,True
loja_de_cidadao_da_anadia,Rendimento,59,8,5,2026-07-26 23:34:46.048292+00:00,2026-07-31 09:31:53.621411+00:00,0.375,0.8,True
loja_de_cidadao_de_satao,Execuções Fiscais,59,8,5,2026-07-26 23:34:46.048292+00:00,2026-07-31 09:31:53.621411+00:00,0.375,0.8,True
loja_de_cidadao_de_castelo_de_paiva,Rendimento,59,8,5,2026-07-26 23:34:46.048292+00:00,2026-07-31 09:31:53.621411+00:00,0.375,0.8,True
loja_de_cidadao_de_vila_nova_de_gaia,Registo veículos - Certidões / Inf.,59,25,5,2026-07-26 23:34:46.048292+00:00,2026-07-31 09:31:53.621411+00:00,0.8,0.8,True
loja_de_cidadao_de_mafra,Espaço Cidadão/ Citizen Spot,59,31,5,2026-07-26 23:34:46.048292+00:00,2026-07-31 09:31:53.621411+00:00,0.8387096774193549,0.8,True
loja_de_cidadao_de_campo_maior,Passaporte - Levantamento / Inf.,59,21,5,2026-07-26 23:34:46.048292+00:00,2026-07-31 09:31:53.621411+00:00,0.7619047619047619,0.8,True
loja_de_cidadao_de_meda,Rendimento,59,8,5,2026-07-26 23:34:46.048292+00:00,2026-07-31 09:31:53.621411+00:00,0.375,0.8,True
loja_de_cidadao_de_coimbra,Atendimento Geral/ General Attendance,59,44,5,2026-07-26 23:34:46.048292+00:00,2026-07-31 09:31:53.621411+00:00,0.8863636363636364,0.8,False
loja_de_cidadao_de_vila_nova_de_gaia,Registo Predial - Certidões / Inf. ,59,25,5,2026-07-26 23:34:46.048292+00:00,2026-07-31 09:31:53.621411+00:00,0.8,0.8,False
loja_de_cidadao_de_vila_nova_de_gaia,Registo veículos - Pedido,59,25,4,2026-07-26 23:34:46.048292+00:00,2026-07-31 09:31:53.621411+00:00,0.84,0.8333333333333334,True
loja_de_cidadao_de_tavira,Registo Predial - Certidões / Inf. ,59,25,4,2026-07-26 23:34:46.048292+00:00,2026-07-31 09:31:53.621411+00:00,0.84,0.8333333333333334,False
loja_de_cidadao_do_sardoal,Marcação de agendamento,59,4,4,2026-07-26 23:34:46.048292+00:00,2026-07-31 09:31:53.621411+00:00,0.0,0.8333333333333334,True
loja_de_cidadao_do_cacem,Espaço Cidadão/ Citizen Spot,59,28,4,2026-07-26 23:34:46.048292+00:00,2026-07-31 09:31:53.621411+00:00,0.8571428571428572,0.8333333333333334,True
loja_de_cidadao_de_alvaiazere,Rendimento,59,8,4,2026-07-26 23:34:46.048292+00:00,2026-07-31 09:31:53.621411+00:00,0.5,0.8333333333333334,True
loja_de_cidadao_de_vila_nova_de_gaia,Registo Comercial - Pedido,59,25,4,2026-07-26 23:34:46.048292+00:00,2026-07-31 09:31:53.621411+00:00,0.84,0.8333333333333334,True
loja_de_cidadao_de_felgueiras,Património,59,8,4,2026-07-26 23:34:46.048292+00:00,2026-07-31 09:31:53.621411+00:00,0.5,0.8333333333333334,True
loja_de_cidadao_do_sardoal,Oportunidades de emprego,59,4,4,2026-07-26 23:34:46.048292+00:00,2026-07-31 09:31:53.621411+00:00,0.0,0.8333333333333334,True
loja_de_cidadao_de_santarem,Veículos,59,27,4,2026-07-26 23:34:46.048292+00:00,2026-07-31 09:31:53.621411+00:00,0.8518518518518519,0.8333333333333334,True
loja_de_cidadao_do_cacem,Entrega de Documentos,59,25,4,2026-07-26 23:34:46.048292+00:00,2026-07-31 09:31:53.621411+00:00,0.84,0.8333333333333334,True
loja_de_cidadao_do_sardoal,Oportunidades de formação e outros apoios,59,4,4,2026-07-26 23:34:46.048292+00:00,2026-07-31 09:31:53.621411+00:00,0.0,0.8333333333333334,True
loja_de_cidadao_de_tavira,Passaporte - Levantamento / Inf.,59,25,4,2026-07-26 23:34:46.048292+00:00,2026-07-31 09:31:53.621411+00:00,0.84,0.8333333333333334,True
loja_de_cidadao_do_sardoal,(Re)Inscrição; Prestação de desemprego ,59,4,4,2026-07-26 23:34:46.048292+00:00,2026-07-31 09:31:53.621411+00:00,0.0,0.8333333333333334,False
loja_de_cidadao_de_gondomar,Cartão de Cidadão - Levantamento,59,25,4,2026-07-26 23:34:46.048292+00:00,2026-07-31 09:31:53.621411+00:00,0.84,0.8333333333333334,True
loja_de_cidadao_de_alvaiazere,Património,59,8,4,2026-07-26 23:34:46.048292+00:00,2026-07-31 09:31:53.621411+00:00,0.5,0.8333333333333334,True
loja_de_cidadao_de_leiria,Empresa na Hora / Marca / Associação / Cooperativa / Sucursal na Hora,59,25,4,2026-07-26 23:34:46.048292+00:00,2026-07-31 09:31:53.621411+00:00,0.84,0.8333333333333334,True
loja_de_cidadao_de_carregal_do_sal,Património,59,8,4,2026-07-26 23:34:46.048292+00:00,2026-07-31 09:31:53.621411+00:00,0.5,0.8333333333333334,True
loja_de_cidadao_de_pombal,Atendimento de entidades,59,4,4,2026-07-26 23:34:46.048292+00:00,2026-07-31 09:31:53.621411+00:00,0.0,0.8333333333333334,True
loja_de_cidadao_do_sardoal,Atendimento individual com convocatória,59,4,4,2026-07-26 23:34:46.048292+00:00,2026-07-31 09:31:53.621411+00:00,0.0,0.8333333333333334,True
loja_de_cidadao_de_torres_vedras,Registo Comercial - Pedido,59,25,4,2026-07-26 23:34:46.048292+00:00,2026-07-31 09:31:53.621411+00:00,0.84,0.8333333333333334,True
loja_de_cidadao_de_ribeira_de_pena,Rendimento,59,8,4,2026-07-26 23:34:46.048292+00:00,2026-07-31 09:31:53.621411+00:00,0.5,0.8333333333333334,True
loja_de_cidadao_de_pinhal_novo,Atendimento Geral/ General Attendance,59,25,4,2026-07-26 23:34:46.048292+00:00,2026-07-31 09:31:53.621411+00:00,0.84,0.8333333333333334,False
loja_de_cidadao_de_pombal,Atendimento geral; Declarações; Atualizações,59,4,4,2026-07-26 23:34:46.048292+00:00,2026-07-31 09:31:53.621411+00:00,0.0,0.8333333333333334,False
loja_de_cidadao_de_leiria,Contencioso,59,8,4,2026-07-26 23:34:46.048292+00:00,2026-07-31 09:31:53.621411+00:00,0.5,0.8333333333333334,True
loja_de_cidadao_de_pombal,Oportunidades de emprego,59,4,4,2026-07-26 23:34:46.048292+00:00,2026-07-31 09:31:53.621411+00:00,0.0,0.8333333333333334,True
loja_de_cidadao_de_pombal,Oportunidades de formação e outros apoios,59,4,4,2026-07-26 23:34:46.048292+00:00,2026-07-31 09:31:53.621411+00:00,0.0,0.8333333333333334,True
loja_de_cidadao_do_sardoal,Atendimento geral; Declarações; Atualizações,59,4,4,2026-07-26 23:34:46.048292+00:00,2026-07-31 09:31:53.621411+00:00,0.0,0.8333333333333334,False
loja_de_cidadao_de_rio_maior,Cartão de Cidadão - Outros,59,25,4,2026-07-26 23:34:46.048292+00:00,2026-07-31 09:31:53.621411+00:00,0.84,0.8333333333333334,True
loja_de_cidadao_do_sardoal,Atendimento de entidades,59,4,4,2026-07-26 23:34:46.048292+00:00,2026-07-31 09:31:53.621411+00:00,0.0,0.8333333333333334,True
loja_de_cidadao_de_mafra,Rendimento,59,8,4,2026-07-26 23:34:46.048292+00:00,2026-07-31 09:31:53.621411+00:00,0.5,0.8333333333333334,True
loja_de_cidadao_de_vila_franca_de_xira,Património,59,8,4,2026-07-26 23:34:46.048292+00:00,2026-07-31 09:31:53.621411+00:00,0.5,0.8333333333333334,True
loja_de_cidadao_de_cantanhede,Registo Predial - Certidões / Inf. ,59,25,4,2026-07-26 23:34:46.048292+00:00,2026-07-31 09:31:53.621411+00:00,0.84,0.8333333333333334,False
loja_de_cidadao_da_guarda,Registo Predial - Pedido,59,24,4,2026-07-26 23:34:46.048292+00:00,2026-07-31 09:31:53.621411+00:00,0.8333333333333334,0.8333333333333334,True
loja_de_cidadao_de_meda,Património,59,8,4,2026-07-26 23:34:46.048292+00:00,2026-07-31 09:31:53.621411+00:00,0.5,0.8333333333333334,True
loja_de_cidadao_de_cantanhede,Passaporte - Levantamento / Inf.,59,25,4,2026-07-26 23:34:46.048292+00:00,2026-07-31 09:31:53.621411+00:00,0.84,0.8333333333333334,True
loja_de_cidadao_de_torres_novas,Passaporte - Levantamento / Inf.,59,25,4,2026-07-26 23:34:46.048292+00:00,2026-07-31 09:31:53.621411+00:00,0.84,0.8333333333333334,True
loja_de_cidadao_de_felgueiras,Pagamentos,59,4,4,2026-07-26 23:34:46.048292+00:00,2026-07-31 09:31:53.621411+00:00,0.0,0.8333333333333334,True
loja_de_cidadao_de_castelo_branco,Passaporte - Pedido,59,25,4,2026-07-26 23:34:46.048292+00:00,2026-07-31 09:31:53.621411+00:00,0.84,0.8333333333333334,True
loja_de_cidadao_de_esmoriz,Atendimento Geral,59,7,4,2026-07-26 23:34:46.048292+00:00,2026-07-31 09:31:53.621411+00:00,0.4285714285714286,0.8333333333333334,True
loja_de_cidadao_de_satao,Cartão de Cidadão - Pedido/Renovação,59,25,4,2026-07-26 23:34:46.048292+00:00,2026-07-31 09:31:53.621411+00:00,0.84,0.8333333333333334,True
loja_de_cidadao_de_santo_tirso,Pagamentos,59,8,4,2026-07-26 23:34:46.048292+00:00,2026-07-31 09:31:53.621411+00:00,0.5,0.8333333333333334,True
loja_de_cidadao_de_vila_real,Registo veículos - Certidões / Inf.,59,25,4,2026-07-26 23:34:46.048292+00:00,2026-07-31 09:31:53.621411+00:00,0.84,0.8333333333333334,True
loja_de_cidadao_da_batalha,Gabinete de Inserção Profissional,59,8,4,2026-07-26 23:34:46.048292+00:00,2026-07-31 09:31:53.621411+00:00,0.5,0.8333333333333334,True
loja_de_cidadao_de_vila_real,Pagamentos,59,8,4,2026-07-26 23:34:46.048292+00:00,2026-07-31 09:31:53.621411+00:00,0.5,0.8333333333333334,True
loja_de_cidadao_do_bombarral,Cartão de Cidadão - Levantamento,59,16,4,2026-07-26 23:34:46.048292+00:00,2026-07-31 09:31:53.621411+00:00,0.75,0.8333333333333334,True
loja_de_cidadao_de_macao,Rendimento,59,8,4,2026-07-26 23:34:46.048292+00:00,2026-07-31 09:31:53.621411+00:00,0.5,0.8333333333333334,True
loja_de_cidadao_de_belmonte,Rendimento,59,8,4,2026-07-26 23:34:46.048292+00:00,2026-07-31 09:31:53.621411+00:00,0.5,0.8333333333333334,True
loja_de_cidadao_de_montalegre,Rendimento,59,7,4,2026-07-26 23:34:46.048292+00:00,2026-07-31 09:31:53.621411+00:00,0.4285714285714286,0.8333333333333334,True
loja_de_cidadao_de_sao_joao_da_madeira,Cartão de Cidadão - Pedido/Renovação,59,25,4,2026-07-26 23:34:46.048292+00:00,2026-07-31 09:31:53.621411+00:00,0.84,0.8333333333333334,True
loja_de_cidadao_do_bombarral,Contencioso,59,8,4,2026-07-26 23:34:46.048292+00:00,2026-07-31 09:31:53.621411+00:00,0.5,0.8333333333333334,True
loja_de_cidadao_de_satao,Registo Predial - Pedido,59,25,4,2026-07-26 23:34:46.048292+00:00,2026-07-31 09:31:53.621411+00:00,0.84,0.8333333333333334,True
loja_de_cidadao_de_leiria,Registo Civil - Certidões / Inf.,59,25,4,2026-07-26 23:34:46.048292+00:00,2026-07-31 09:31:53.621411+00:00,0.84,0.8333333333333334,True
loja_de_cidadao_de_montalegre,Passaporte - Levantamento / Inf.,59,25,4,2026-07-26 23:34:46.048292+00:00,2026-07-31 09:31:53.621411+00:00,0.84,0.8333333333333334,True
loja_de_cidadao_do_saldanha,Levantamento Apreensão Veículos,59,41,4,2026-07-26 23:34:46.048292+00:00,2026-07-31 09:31:53.621411+00:00,0.9024390243902439,0.8333333333333334,True
loja_de_cidadao_de_ansiao,Património,59,8,3,2026-07-26 23:34:46.048292+00:00,2026-07-31 09:31:53.621411+00:00,0.625,0.8695652173913044,True
loja_de_cidadao_do_sardoal,Atendimento Geral,59,20,3,2026-07-26 23:34:46.048292+00:00,2026-07-31 09:31:53.621411+00:00,0.85,0.8695652173913044,True
loja_de_cidadao_de_esmoriz,Passaporte - Pedido,59,25,3,2026-07-26 23:34:46.048292+00:00,2026-07-31 09:31:53.621411+00:00,0.88,0.8695652173913044,True
loja_de_cidadao_de_ansiao,Espaço Cidadão/ Citizen Spot,59,20,3,2026-07-26 23:34:46.048292+00:00,2026-07-31 09:31:53.621411+00:00,0.85,0.8695652173913044,True
loja_de_cidadao_de_aveiro,Geral,59,44,3,2026-07-26 23:34:46.048292+00:00,2026-07-31 09:31:53.621411+00:00,0.9318181818181819,0.8695652173913044,False
loja_de_cidadao_de_alvaiazere,Cartão de Cidadão - Pedido/Renovação,59,25,3,2026-07-26 23:34:46.048292+00:00,2026-07-31 09:31:53.621411+00:00,0.88,0.8695652173913044,True
loja_de_cidadao_do_seixal,Habilitação / Partilha de Herança / Partilha por divórcio,59,27,3,2026-07-26 23:34:46.048292+00:00,2026-07-31 09:31:53.621411+00:00,0.8888888888888888,0.8695652173913044,True
loja_de_cidadao_da_batalha,Registo Civil - Certidões / Inf.,59,25,3,2026-07-26 23:34:46.048292+00:00,2026-07-31 09:31:53.621411+00:00,0.88,0.8695652173913044,True
loja_de_cidadao_de_gondomar,Registo Predial - Certidões / Inf. ,59,25,3,2026-07-26 23:34:46.048292+00:00,2026-07-31 09:31:53.621411+00:00,0.88,0.8695652173913044,False
loja_de_cidadao_de_valpacos,Pagamentos,59,4,3,2026-07-26 23:34:46.048292+00:00,2026-07-31 09:31:53.621411+00:00,0.25,0.8695652173913044,True
loja_de_cidadao_de_gondomar,Registo Predial - Pedido,59,25,3,2026-07-26 23:34:46.048292+00:00,2026-07-31 09:31:53.621411+00:00,0.88,0.8695652173913044,True
loja_de_cidadao_de_satao,Cartão de Cidadão - Outros,59,25,3,2026-07-26 23:34:46.048292+00:00,2026-07-31 09:31:53.621411+00:00,0.88,0.8695652173913044,True
loja_de_cidadao_de_abrantes,Atendimento Geral,59,25,3,2026-07-26 23:34:46.048292+00:00,2026-07-31 09:31:53.621411+00:00,0.88,0.8695652173913044,True
loja_de_cidadao_de_rio_maior,Cartão de Cidadão - Pedido/Renovação,59,25,3,2026-07-26 23:34:46.048292+00:00,2026-07-31 09:31:53.621411+00:00,0.88,0.8695652173913044,True
loja_de_cidadao_de_pombal,(Re)Inscrição; Prestação de desemprego ,59,4,3,2026-07-26 23:34:46.048292+00:00,2026-07-31 09:31:53.621411+00:00,0.25,0.8695652173913044,False
loja_de_cidadao_de_sao_joao_da_madeira,Registo Predial - Certidões / Inf. ,59,25,3,2026-07-26 23:34:46.048292+00:00,2026-07-31 09:31:53.621411+00:00,0.88,0.8695652173913044,False
loja_de_cidadao_de_sao_joao_da_madeira,Registo veículos - Pedido,59,25,3,2026-07-26 23:34:46.048292+00:00,2026-07-31 09:31:53.621411+00:00,0.88,0.8695652173913044,True
loja_de_cidadao_de_aveiro,Transportes,59,44,3,2026-07-26 23:34:46.048292+00:00,2026-07-31 09:31:53.621411+00:00,0.9318181818181819,0.8695652173913044,True
loja_de_cidadao_da_batalha,Cartão de Cidadão - Pedido/Renovação,59,25,3,2026-07-26 23:34:46.048292+00:00,2026-07-31 09:31:53.621411+00:00,0.88,0.8695652173913044,True
loja_de_cidadao_de_viseu,Geral,59,44,3,2026-07-26 23:34:46.048292+00:00,2026-07-31 09:31:53.621411+00:00,0.9318181818181819,0.8695652173913044,False
loja_de_cidadao_de_leiria,Cartão de Cidadão - Outros,59,25,3,2026-07-26 23:34:46.048292+00:00,2026-07-31 09:31:53.621411+00:00,0.88,0.8695652173913044,True
loja_de_cidadao_de_vila_franca_de_xira,Carta de Condução/ Driving License,59,31,3,2026-07-26 23:34:46.048292+00:00,2026-07-31 09:31:53.621411+00:00,0.9032258064516129,0.8695652173913044,True
loja_de_cidadao_de_ribeira_de_pena,Passaporte - Pedido,59,25,3,2026-07-26 23:34:46.048292+00:00,2026-07-31 09:31:53.621411+00:00,0.88,0.8695652173913044,True
loja_de_cidadao_de_penafiel,Cartão de Cidadão - Pedido/Renovação,59,25,3,2026-07-26 23:34:46.048292+00:00,2026-07-31 09:31:53.621411+00:00,0.88,0.8695652173913044,True
loja_de_cidadao_de_aveiro,Entrega de Documentos,59,44,3,2026-07-26 23:34:46.048292+00:00,2026-07-31 09:31:53.621411+00:00,0.9318181818181819,0.8695652173913044,True
loja_de_cidadao_de_santo_tirso,Execuções Fiscais,59,8,3,2026-07-26 23:34:46.048292+00:00,2026-07-31 09:31:53.621411+00:00,0.625,0.8695652173913044,True
loja_de_cidadao_da_batalha,Contencioso,59,8,3,2026-07-26 23:34:46.048292+00:00,2026-07-31 09:31:53.621411+00:00,0.625,0.8695652173913044,True
loja_de_cidadao_de_mafra,Execuções Fiscais,59,8,3,2026-07-26 23:34:46.048292+00:00,2026-07-31 09:31:53.621411+00:00,0.625,0.8695652173913044,True
loja_de_cidadao_de_penalva_do_castelo,Cartão de Cidadão - Levantamento,59,25,3,2026-07-26 23:34:46.048292+00:00,2026-07-31 09:31:53.621411+00:00,0.88,0.8695652173913044,True
loja_de_cidadao_do_bombarral,Registo Predial - Certidões / Inf. ,59,16,3,2026-07-26 23:34:46.048292+00:00,2026-07-31 09:31:53.621411+00:00,0.8125,0.8695652173913044,False
loja_de_cidadao_do_bombarral,Património,59,8,3,2026-07-26 23:34:46.048292+00:00,2026-07-31 09:31:53.621411+00:00,0.625,0.8695652173913044,True
loja_de_cidadao_de_vila_pouca_aguiar,Rendimento,59,8,3,2026-07-26 23:34:46.048292+00:00,2026-07-31 09:31:53.621411+00:00,0.625,0.8695652173913044,True
loja_de_cidadao_de_campo_maior,Cartão de Cidadão - Levantamento,59,21,3,2026-07-26 23:34:46.048292+00:00,2026-07-31 09:31:53.621411+00:00,0.8571428571428572,0.8695652173913044,True
loja_de_cidadao_da_anadia,Património,59,8,3,2026-07-26 23:34:46.048292+00:00,2026-07-31 09:31:53.621411+00:00,0.625,0.8695652173913044,True
loja_de_cidadao_de_vila_pouca_aguiar,Execuções Fiscais,59,8,3,2026-07-26 23:34:46.048292+00:00,2026-07-31 09:31:53.621411+00:00,0.625,0.8695652173913044,True
loja_de_cidadao_do_bombarral,Geral,59,20,3,2026-07-26 23:34:46.048292+00:00,2026-07-31 09:31:53.621411+00:00,0.85,0.8695652173913044,False
loja_de_cidadao_de_penalva_do_castelo,Execuções Fiscais,59,8,3,2026-07-26 23:34:46.048292+00:00,2026-07-31 09:31:53.621411+00:00,0.625,0.8695652173913044,True
loja_de_cidadao_de_braga,Geral,59,44,3,2026-07-26 23:34:46.048292+00:00,2026-07-31 09:31:53.621411+00:00,0.9318181818181819,0.8695652173913044,False
loja_de_cidadao_de_tavira,Cartão de Cidadão - Levantamento,59,25,3,2026-07-26 23:34:46.048292+00:00,2026-07-31 09:31:53.621411+00:00,0.88,0.8695652173913044,True
loja_de_cidadao_do_saldanha,Registo Civil - Óbito/Espaço Óbito,59,41,3,2026-07-26 23:34:46.048292+00:00,2026-07-31 09:31:53.621411+00:00,0.926829268292683,0.8695652173913044,True
loja_de_cidadao_do_saldanha,Condutores,59,41,3,2026-07-26 23:34:46.048292+00:00,2026-07-31 09:31:53.621411+00:00,0.926829268292683,0.8695652173913044,True
loja_de_cidadao_da_batalha,Execuções Fiscais,59,8,3,2026-07-26 23:34:46.048292+00:00,2026-07-31 09:31:53.621411+00:00,0.625,0.8695652173913044,True
loja_de_cidadao_de_amares,Registo Predial - Certidões / Inf. ,59,25,3,2026-07-26 23:34:46.048292+00:00,2026-07-31 09:31:53.621411+00:00,0.88,0.8695652173913044,False
loja_de_cidadao_de_penafiel,Registo Predial - Pedido,59,7,3,2026-07-26 23:34:46.048292+00:00,2026-07-31 09:31:53.621411+00:00,0.5714285714285714,0.8695652173913044,True
loja_de_cidadao_do_barreiro,Património,59,10,3,2026-07-26 23:34:46.048292+00:00,2026-07-31 09:31:53.621411+00:00,0.7,0.8695652173913044,True
loja_de_cidadao_de_queluz,Cartão de Cidadão - Outros,59,25,3,2026-07-26 23:34:46.048292+00:00,2026-07-31 09:31:53.621411+00:00,0.88,0.8695652173913044,True
loja_de_cidadao_de_vila_nova_de_gaia,Passaporte - Pedido,59,25,3,2026-07-26 23:34:46.048292+00:00,2026-07-31 09:31:53.621411+00:00,0.88,0.8695652173913044,True
loja_de_cidadao_de_macao,Pagamentos,59,8,3,2026-07-26 23:34:46.048292+00:00,2026-07-31 09:31:53.621411+00:00,0.625,0.8695652173913044,True
loja_de_cidadao_da_anadia,Registo Predial - Pedido,59,25,2,2026-07-26 23:34:46.048292+00:00,2026-07-31 09:31:53.621411+00:00,0.92,0.9090909090909091,True
loja_de_cidadao_do_saldanha,Rendimento,59,40,2,2026-07-26 23:34:46.048292+00:00,2026-07-31 09:31:53.621411+00:00,0.95,0.9090909090909091,True
loja_de_cidadao_da_batalha,Rendimento,59,8,2,2026-07-26 23:34:46.048292+00:00,2026-07-31 09:31:53.621411+00:00,0.75,0.9090909090909091,True
loja_de_cidadao_do_saldanha,Cartão de Cidadão - Pedido/Renovação,59,41,2,2026-07-26 23:34:46.048292+00:00,2026-07-31 09:31:53.621411+00:00,0.9512195121951219,0.9090909090909091,True
loja_de_cidadao_do_saldanha,Acolhimento,59,40,2,2026-07-26 23:34:46.048292+00:00,2026-07-31 09:31:53.621411+00:00,0.95,0.9090909090909091,True
loja_de_cidadao_da_anadia,Registo veículos - Pedido,59,25,2,2026-07-26 23:34:46.048292+00:00,2026-07-31 09:31:53.621411+00:00,0.92,0.9090909090909091,True
loja_de_cidadao_do_saldanha,Levantamento de Carta de Condução,59,41,2,2026-07-26 23:34:46.048292+00:00,2026-07-31 09:31:53.621411+00:00,0.9512195121951219,0.9090909090909091,True
loja_de_cidadao_do_seixal,Registo Predial - Pedido,59,27,2,2026-07-26 23:34:46.048292+00:00,2026-07-31 09:31:53.621411+00:00,0.9259259259259259,0.9090909090909091,True
loja_de_cidadao_do_seixal,Geral,59,44,2,2026-07-26 23:34:46.048292+00:00,2026-07-31 09:31:53.621411+00:00,0.9545454545454546,0.9090909090909091,False
loja_de_cidadao_da_batalha,Património,59,8,2,2026-07-26 23:34:46.048292+00:00,2026-07-31 09:31:53.621411+00:00,0.75,0.9090909090909091,True
loja_de_cidadao_do_saldanha,ID cidadão estrangeiro/ Foreign Citizen ID,59,42,2,2026-07-26 23:34:46.048292+00:00,2026-07-31 09:31:53.621411+00:00,0.9523809523809523,0.9090909090909091,True
loja_de_cidadao_da_batalha,Ação Social,59,8,2,2026-07-26 23:34:46.048292+00:00,2026-07-31 09:31:53.621411+00:00,0.75,0.9090909090909091,True
loja_de_cidadao_do_seixal,Registo veículos - Pedido,59,27,2,2026-07-26 23:34:46.048292+00:00,2026-07-31 09:31:53.621411+00:00,0.9259259259259259,0.9090909090909091,True
loja_de_cidadao_do_saldanha,Património,59,40,2,2026-07-26 23:34:46.048292+00:00,2026-07-31 09:31:53.621411+00:00,0.95,0.9090909090909091,True
loja_de_cidadao_de_torres_vedras,Cartão de Cidadão - Pedido/Renovação,59,25,2,2026-07-26 23:34:46.048292+00:00,2026-07-31 09:31:53.621411+00:00,0.92,0.9090909090909091,True
loja_de_cidadao_de_castelo_de_paiva,Execuções Fiscais,59,8,2,2026-07-26 23:34:46.048292+00:00,2026-07-31 09:31:53.621411+00:00,0.75,0.9090909090909091,True
loja_de_cidadao_de_penalva_do_castelo,Cartão de Cidadão - Pedido/Renovação,59,25,2,2026-07-26 23:34:46.048292+00:00,2026-07-31 09:31:53.621411+00:00,0.92,0.9090909090909091,True
loja_de_cidadao_de_ansiao,Rendimento,59,8,2,2026-07-26 23:34:46.048292+00:00,2026-07-31 09:31:53.621411+00:00,0.75,0.9090909090909091,True
loja_de_cidadao_de_vila_franca_de_xira,Execuções Fiscais,59,8,2,2026-07-26 23:34:46.048292+00:00,2026-07-31 09:31:53.621411+00:00,0.75,0.9090909090909091,True
loja_de_cidadao_de_ponte_da_barca,Cartão de Cidadão - Pedido/Renovação,59,25,2,2026-07-26 23:34:46.048292+00:00,2026-07-31 09:31:53.621411+00:00,0.92,0.9090909090909091,True
loja_de_cidadao_de_aveiro,Cartão de Cidadão - Pedido/Renovação,59,44,2,2026-07-26 23:34:46.048292+00:00,2026-07-31 09:31:53.621411+00:00,0.9545454545454546,0.9090909090909091,True
loja_de_cidadao_de_felgueiras,Rendimento,59,8,2,2026-07-26 23:34:46.048292+00:00,2026-07-31 09:31:53.621411+00:00,0.75,0.9090909090909091,True
loja_de_cidadao_de_aveiro,Passaporte - Pedido,59,44,2,2026-07-26 23:34:46.048292+00:00,2026-07-31 09:31:53.621411+00:00,0.9545454545454546,0.9090909090909091,True
loja_de_cidadao_de_aveiro,Veículos,59,44,2,2026-07-26 23:34:46.048292+00:00,2026-07-31 09:31:53.621411+00:00,0.9545454545454546,0.9090909090909091,True
loja_de_cidadao_de_belmonte,Património,59,8,2,2026-07-26 23:34:46.048292+00:00,2026-07-31 09:31:53.621411+00:00,0.75,0.9090909090909091,True
loja_de_cidadao_de_vila_real,Rendimento,59,8,2,2026-07-26 23:34:46.048292+00:00,2026-07-31 09:31:53.621411+00:00,0.75,0.9090909090909091,True
loja_de_cidadao_de_rio_maior,Cartão de Cidadão - Levantamento,59,25,2,2026-07-26 23:34:46.048292+00:00,2026-07-31 09:31:53.621411+00:00,0.92,0.9090909090909091,True
loja_de_cidadao_de_queluz,Cartão de Cidadão - Pedido/Renovação,59,25,2,2026-07-26 23:34:46.048292+00:00,2026-07-31 09:31:53.621411+00:00,0.92,0.9090909090909091,True
loja_de_cidadao_de_vila_pouca_aguiar,Património,59,8,2,2026-07-26 23:34:46.048292+00:00,2026-07-31 09:31:53.621411+00:00,0.75,0.9090909090909091,True
loja_de_cidadao_de_leiria,Rendimento,59,8,2,2026-07-26 23:34:46.048292+00:00,2026-07-31 09:31:53.621411+00:00,0.75,0.9090909090909091,True
loja_de_cidadao_de_queluz,Geral,59,25,2,2026-07-26 23:34:46.048292+00:00,2026-07-31 09:31:53.621411+00:00,0.92,0.9090909090909091,False
loja_de_cidadao_de_santo_tirso,Cartão de Cidadão - Levantamento,59,25,2,2026-07-26 23:34:46.048292+00:00,2026-07-31 09:31:53.621411+00:00,0.92,0.9090909090909091,True
loja_de_cidadao_de_tavira,Passaporte - Pedido,59,25,2,2026-07-26 23:34:46.048292+00:00,2026-07-31 09:31:53.621411+00:00,0.92,0.9090909090909091,True
loja_de_cidadao_de_torres_vedras,Registo Predial - Pedido,59,25,2,2026-07-26 23:34:46.048292+00:00,2026-07-31 09:31:53.621411+00:00,0.92,0.9090909090909091,True
loja_de_cidadao_de_cantanhede,Passaporte - Pedido,59,25,2,2026-07-26 23:34:46.048292+00:00,2026-07-31 09:31:53.621411+00:00,0.92,0.9090909090909091,True
loja_de_cidadao_de_vila_nova_de_gaia,Atendimento Geral,59,28,2,2026-07-26 23:34:46.048292+00:00,2026-07-31 09:31:53.621411+00:00,0.9285714285714286,0.9090909090909091,True
loja_de_cidadao_do_barreiro,Acolhimento,59,10,2,2026-07-26 23:34:46.048292+00:00,2026-07-31 09:31:53.621411+00:00,0.8,0.9090909090909091,True
loja_de_cidadao_de_vila_franca_de_xira,Outros Assuntos,59,8,2,2026-07-26 23:34:46.048292+00:00,2026-07-31 09:31:53.621411+00:00,0.75,0.9090909090909091,True
loja_de_cidadao_de_santarem,Condutores,59,27,2,2026-07-26 23:34:46.048292+00:00,2026-07-31 09:31:53.621411+00:00,0.9259259259259259,0.9090909090909091,True
loja_de_cidadao_de_odivelas,Nacionalidade - Cidadão / Particulares,59,44,2,2026-07-26 23:34:46.048292+00:00,2026-07-31 09:31:53.621411+00:00,0.9545454545454546,0.9090909090909091,True
loja_de_cidadao_de_santo_tirso,Rendimento,59,8,2,2026-07-26 23:34:46.048292+00:00,2026-07-31 09:31:53.621411+00:00,0.75,0.9090909090909091,True
loja_de_cidadao_de_nelas,Espaço Cidadão/ Citizen Spot,59,30,2,2026-07-26 23:34:46.048292+00:00,2026-07-31 09:31:53.621411+00:00,0.9333333333333333,0.9090909090909091,True
loja_de_cidadao_de_felgueiras,Registo Predial - Certidões / Inf. ,59,16,2,2026-07-26 23:34:46.048292+00:00,2026-07-31 09:31:53.621411+00:00,0.875,0.9090909090909091,False
loja_de_cidadao_de_santo_tirso,Geral,59,11,2,2026-07-26 23:34:46.048292+00:00,2026-07-31 09:31:53.621411+00:00,0.8181818181818181,0.9090909090909091,False
loja_de_cidadao_de_santiago_do_cacem,Património,59,8,2,2026-07-26 23:34:46.048292+00:00,2026-07-31 09:31:53.621411+00:00,0.75,0.9090909090909091,True
loja_de_cidadao_de_odivelas,Geral,59,44,2,2026-07-26 23:34:46.048292+00:00,2026-07-31 09:31:53.621411+00:00,0.9545454545454546,0.9090909090909091,False
loja_de_cidadao_de_montalegre,Execuções Fiscais,59,7,2,2026-07-26 23:34:46.048292+00:00,2026-07-31 09:31:53.621411+00:00,0.7142857142857143,0.9090909090909091,True
loja_de_cidadao_do_cacem,Património,59,8,2,2026-07-26 23:34:46.048292+00:00,2026-07-31 09:31:53.621411+00:00,0.75,0.9090909090909091,True
loja_de_cidadao_de_penafiel,Registo Civil - Certidões / Inf.,59,25,2,2026-07-26 23:34:46.048292+00:00,2026-07-31 09:31:53.621411+00:00,0.92,0.9090909090909091,True
loja_de_cidadao_de_satao,Património,59,8,2,2026-07-26 23:34:46.048292+00:00,2026-07-31 09:31:53.621411+00:00,0.75,0.9090909090909091,True
loja_de_cidadao_de_satao,Registo veículos - Pedido,59,25,2,2026-07-26 23:34:46.048292+00:00,2026-07-31 09:31:53.621411+00:00,0.92,0.9090909090909091,True
loja_de_cidadao_de_montalegre,Cartão de Cidadão - Outros,59,25,2,2026-07-26 23:34:46.048292+00:00,2026-07-31 09:31:53.621411+00:00,0.92,0.9090909090909091,True
loja_de_cidadao_de_setubal,Atendimento Geral,59,44,2,2026-07-26 23:34:46.048292+00:00,2026-07-31 09:31:53.621411+00:00,0.9545454545454546,0.9090909090909091,True
loja_de_cidadao_de_felgueiras,Cartão de Cidadão - Outros,59,16,2,2026-07-26 23:34:46.048292+00:00,2026-07-31 09:31:53.621411+00:00,0.875,0.9090909090909091,True
loja_de_cidadao_de_felgueiras,Cartão de Cidadão - Levantamento,59,16,1,2026-07-26 23:34:46.048292+00:00,2026-07-31 09:31:53.621411+00:00,0.9375,0.9523809523809523,True
loja_de_cidadao_de_torres_vedras,Registo veículos - Pedido,59,25,1,2026-07-26 23:34:46.048292+00:00,2026-07-31 09:31:53.621411+00:00,0.96,0.9523809523809523,True
loja_de_cidadao_de_torres_vedras,Cartão de Cidadão - Outros,59,25,1,2026-07-26 23:34:46.048292+00:00,2026-07-31 09:31:53.621411+00:00,0.96,0.9523809523809523,True
loja_de_cidadao_de_leiria,Geral,59,25,1,2026-07-26 23:34:46.048292+00:00,2026-07-31 09:31:53.621411+00:00,0.96,0.9523809523809523,False
loja_de_cidadao_de_faro,Registo veículos - Certidões / Inf.,59,44,1,2026-07-26 23:34:46.048292+00:00,2026-07-31 09:31:53.621411+00:00,0.9772727272727273,0.9523809523809523,True
loja_de_cidadao_de_leiria,Execuções Fiscais,59,8,1,2026-07-26 23:34:46.048292+00:00,2026-07-31 09:31:53.621411+00:00,0.875,0.9523809523809523,True
loja_de_cidadao_de_santo_tirso,Registo Predial - Pedido,59,25,1,2026-07-26 23:34:46.048292+00:00,2026-07-31 09:31:53.621411+00:00,0.96,0.9523809523809523,True
loja_de_cidadao_de_tavira,Cartão de Cidadão - Pedido/Renovação,59,25,1,2026-07-26 23:34:46.048292+00:00,2026-07-31 09:31:53.621411+00:00,0.96,0.9523809523809523,True
loja_de_cidadao_de_ribeira_de_pena,Registo Predial - Pedido,59,25,1,2026-07-26 23:34:46.048292+00:00,2026-07-31 09:31:53.621411+00:00,0.96,0.9523809523809523,True
loja_de_cidadao_de_satao,Pagamentos,59,8,1,2026-07-26 23:34:46.048292+00:00,2026-07-31 09:31:53.621411+00:00,0.875,0.9523809523809523,True
loja_de_cidadao_de_satao,Passaporte - Pedido,59,25,1,2026-07-26 23:34:46.048292+00:00,2026-07-31 09:31:53.621411+00:00,0.96,0.9523809523809523,True
loja_de_cidadao_de_castelo_de_paiva,Património,59,8,1,2026-07-26 23:34:46.048292+00:00,2026-07-31 09:31:53.621411+00:00,0.875,0.9523809523809523,True
loja_de_cidadao_do_seixal,Atendimento Geral,59,44,1,2026-07-26 23:34:46.048292+00:00,2026-07-31 09:31:53.621411+00:00,0.9772727272727273,0.9523809523809523,True
loja_de_cidadao_de_santo_tirso,Cartão de Cidadão - Pedido/Renovação,59,25,1,2026-07-26 23:34:46.048292+00:00,2026-07-31 09:31:53.621411+00:00,0.96,0.9523809523809523,True
loja_de_cidadao_de_vila_franca_de_xira,Geral,59,25,1,2026-07-26 23:34:46.048292+00:00,2026-07-31 09:31:53.621411+00:00,0.96,0.9523809523809523,False
loja_de_cidadao_do_saldanha,Atendimento Geral/ General Attendance,59,42,1,2026-07-26 23:34:46.048292+00:00,2026-07-31 09:31:53.621411+00:00,0.9761904761904762,0.9523809523809523,False
loja_de_cidadao_do_cacem,Rendimento,59,8,1,2026-07-26 23:34:46.048292+00:00,2026-07-31 09:31:53.621411+00:00,0.875,0.9523809523809523,True
loja_de_cidadao_das_laranjeiras,Registo Civil - Certidões / Inf.,59,44,1,2026-07-26 23:34:46.048292+00:00,2026-07-31 09:31:53.621411+00:00,0.9772727272727273,0.9523809523809523,True
loja_de_cidadao_de_odivelas,Cartão de Cidadão - Pedido/Renovação,59,44,1,2026-07-26 23:34:46.048292+00:00,2026-07-31 09:31:53.621411+00:00,0.9772727272727273,0.9523809523809523,True
loja_de_cidadao_da_guarda,Registo Predial - Certidões / Inf. ,59,24,1,2026-07-26 23:34:46.048292+00:00,2026-07-31 09:31:53.621411+00:00,0.9583333333333334,0.9523809523809523,False
loja_de_cidadao_de_montalegre,Cartão de Cidadão - Pedido/Renovação,59,25,1,2026-07-26 23:34:46.048292+00:00,2026-07-31 09:31:53.621411+00:00,0.96,0.9523809523809523,True
loja_de_cidadao_do_cacem,Execuções Fiscais,59,8,1,2026-07-26 23:34:46.048292+00:00,2026-07-31 09:31:53.621411+00:00,0.875,0.9523809523809523,True
loja_de_cidadao_de_penafiel,Registo Predial - Certidões / Inf. ,59,7,1,2026-07-26 23:34:46.048292+00:00,2026-07-31 09:31:53.621411+00:00,0.8571428571428572,0.9523809523809523,False
loja_de_cidadao_de_penalva_do_castelo,Cartão de Cidadão - Outros,59,25,1,2026-07-26 23:34:46.048292+00:00,2026-07-31 09:31:53.621411+00:00,0.96,0.9523809523809523,True
loja_de_cidadao_de_vila_franca_de_xira,Rendimento,59,8,1,2026-07-26 23:34:46.048292+00:00,2026-07-31 09:31:53.621411+00:00,0.875,0.9523809523809523,True
loja_de_cidadao_do_barreiro,Rendimento,59,10,1,2026-07-26 23:34:46.048292+00:00,2026-07-31 09:31:53.621411+00:00,0.9,0.9523809523809523,True
loja_de_cidadao_do_barreiro,Execuções Fiscais,59,10,1,2026-07-26 23:34:46.048292+00:00,2026-07-31 09:31:53.621411+00:00,0.9,0.9523809523809523,True
loja_de_cidadao_das_laranjeiras,Passaporte - Pedido,59,44,1,2026-07-26 23:34:46.048292+00:00,2026-07-31 09:31:53.621411+00:00,0.9772727272727273,0.9523809523809523,True
loja_de_cidadao_de_mafra,Geral,59,25,1,2026-07-26 23:34:46.048292+00:00,2026-07-31 09:31:53.621411+00:00,0.96,0.9523809523809523,False
loja_de_cidadao_de_queluz,Atendimento Geral,59,25,1,2026-07-26 23:34:46.048292+00:00,2026-07-31 09:31:53.621411+00:00,0.96,0.9523809523809523,True
loja_de_cidadao_de_macao,Património,59,8,1,2026-07-26 23:34:46.048292+00:00,2026-07-31 09:31:53.621411+00:00,0.875,0.9523809523809523,True
loja_de_cidadao_de_vila_real,Execuções Fiscais,59,8,1,2026-07-26 23:34:46.048292+00:00,2026-07-31 09:31:53.621411+00:00,0.875,0.9523809523809523,True
loja_de_cidadao_de_vila_nova_de_gaia,Património,59,8,1,2026-07-26 23:34:46.048292+00:00,2026-07-31 09:31:53.621411+00:00,0.875,0.9523809523809523,True
loja_de_cidadao_de_leiria,Posto de serviços rápidos,59,25,1,2026-07-26 23:34:46.048292+00:00,2026-07-31 09:31:53.621411+00:00,0.96,0.9523809523809523,True
loja_de_cidadao_de_vila_nova_de_gaia,Execuções Fiscais,59,8,1,2026-07-26 23:34:46.048292+00:00,2026-07-31 09:31:53.621411+00:00,0.875,0.9523809523809523,True
loja_de_cidadao_de_cantanhede,Cartão de Cidadão - Pedido/Renovação,59,25,1,2026-07-26 23:34:46.048292+00:00,2026-07-31 09:31:53.621411+00:00,0.96,0.9523809523809523,True
loja_de_cidadao_das_laranjeiras,Geral,59,44,1,2026-07-26 23:34:46.048292+00:00,2026-07-31 09:31:53.621411+00:00,0.9772727272727273,0.9523809523809523,False
loja_de_cidadao_de_vila_nova_de_gaia,Cartão de Cidadão - Pedido/Renovação,59,25,1,2026-07-26 23:34:46.048292+00:00,2026-07-31 09:31:53.621411+00:00,0.96,0.9523809523809523,True
loja_de_cidadao_de_montalegre,Património,59,7,1,2026-07-26 23:34:46.048292+00:00,2026-07-31 09:31:53.621411+00:00,0.8571428571428572,0.9523809523809523,True
loja_de_cidadao_de_santiago_do_cacem,Rendimento,59,8,0,2026-07-26 23:34:46.048292+00:00,2026-07-31 09:31:53.621411+00:00,1.0,1.0,True
loja_de_cidadao_de_santarem,URBANISMO - Informações Técnicas,59,3,0,2026-07-26 23:34:46.048292+00:00,2026-07-31 09:31:53.621411+00:00,1.0,1.0,True
loja_de_cidadao_de_santiago_do_cacem,Pagamentos,59,4,0,2026-07-26 23:34:46.048292+00:00,2026-07-31 09:31:53.621411+00:00,1.0,1.0,True
loja_de_cidadao_de_santiago_do_cacem,Execuções Fiscais,59,8,0,2026-07-26 23:34:46.048292+00:00,2026-07-31 09:31:53.621411+00:00,1.0,1.0,True
loja_de_cidadao_de_pinhal_novo,Geral,59,21,0,2026-07-26 23:34:46.048292+00:00,2026-07-31 09:31:53.621411+00:00,1.0,1.0,False
loja_de_cidadao_de_leiria,Cartão de Cidadão - Pedido/Renovação,59,25,0,2026-07-26 23:34:46.048292+00:00,2026-07-31 09:31:53.621411+00:00,1.0,1.0,True
loja_de_cidadao_de_leiria,Passaporte - Pedido,59,25,0,2026-07-26 23:34:46.048292+00:00,2026-07-31 09:31:53.621411+00:00,1.0,1.0,True
loja_de_cidadao_de_leiria,Património,59,8,0,2026-07-26 23:34:46.048292+00:00,2026-07-31 09:31:53.621411+00:00,1.0,1.0,True
loja_de_cidadao_das_laranjeiras,Cartão de Cidadão - Pedido/Renovação,59,44,0,2026-07-26 23:34:46.048292+00:00,2026-07-31 09:31:53.621411+00:00,1.0,1.0,True
loja_de_cidadao_de_felgueiras,Cartão de Cidadão - Pedido/Renovação,59,16,0,2026-07-26 23:34:46.048292+00:00,2026-07-31 09:31:53.621411+00:00,1.0,1.0,True
loja_de_cidadao_de_vila_real,Património,59,8,0,2026-07-26 23:34:46.048292+00:00,2026-07-31 09:31:53.621411+00:00,1.0,1.0,True
loja_de_cidadao_de_aveiro,Condutores,59,44,0,2026-07-26 23:34:46.048292+00:00,2026-07-31 09:31:53.621411+00:00,1.0,1.0,True
loja_de_cidadao_de_aveiro,Atendimento Geral,59,44,0,2026-07-26 23:34:46.048292+00:00,2026-07-31 09:31:53.621411+00:00,1.0,1.0,True
loja_de_cidadao_de_viseu,Pagamentos,59,0,0,2026-07-26 23:34:46.048292+00:00,2026-07-31 09:31:53.621411+00:00,0.0,1.0,True
loja_de_cidadao_do_saldanha,Geral,59,40,0,2026-07-26 23:34:46.048292+00:00,2026-07-31 09:31:53.621411+00:00,1.0,1.0,False
loja_de_cidadao_do_cacem,Atendimento Geral,59,31,0,2026-07-26 23:34:46.048292+00:00,2026-07-31 09:31:53.621411+00:00,1.0,1.0,True
loja_de_cidadao_do_cacem,CLAIM,59,31,0,2026-07-26 23:34:46.048292+00:00,2026-07-31 09:31:53.621411+00:00,1.0,1.0,True
loja_de_cidadao_do_cacem,Cartão de Cidadão - Pedido/Renovação,59,25,0,2026-07-26 23:34:46.048292+00:00,2026-07-31 09:31:53.621411+00:00,1.0,1.0,True
loja_de_cidadao_do_cacem,Geral,59,25,0,2026-07-26 23:34:46.048292+00:00,2026-07-31 09:31:53.621411+00:00,1.0,1.0,False
loja_de_cidadao_do_cacem,Registo Predial - Pedido,59,25,0,2026-07-26 23:34:46.048292+00:00,2026-07-31 09:31:53.621411+00:00,1.0,1.0,True
loja_de_cidadao_da_guarda,Registo Comercial - Pedido,59,24,0,2026-07-26 23:34:46.048292+00:00,2026-07-31 09:31:53.621411+00:00,1.0,1.0,True
loja_de_cidadao_do_porto,Atendimento Geral,59,44,0,2026-07-26 23:34:46.048292+00:00,2026-07-31 09:31:53.621411+00:00,1.0,1.0,True
loja_de_cidadao_do_porto,Atendimento com Marcação,59,0,0,2026-07-26 23:34:46.048292+00:00,2026-07-31 09:31:53.621411+00:00,0.0,1.0,True
loja_de_cidadao_do_porto,Geral,59,44,0,2026-07-26 23:34:46.048292+00:00,2026-07-31 09:31:53.621411+00:00,1.0,1.0,False
loja_de_cidadao_das_laranjeiras,Atendimento com Marcação,59,0,0,2026-07-26 23:34:46.048292+00:00,2026-07-31 09:31:53.621411+00:00,0.0,1.0,True
loja_de_cidadao_das_laranjeiras,Envios Urgentes - CTT Expresso,59,0,0,2026-07-26 23:34:46.048292+00:00,2026-07-31 09:31:53.621411+00:00,0.0,1.0,True
loja_de_cidadao_de_viseu,Atendimento com Marcação,59,0,0,2026-07-26 23:34:46.048292+00:00,2026-07-31 09:31:53.621411+00:00,0.0,1.0,True
loja_de_cidadao_de_campo_maior,Cartão de Cidadão - Pedido/Renovação,59,21,0,2026-07-26 23:34:46.048292+00:00,2026-07-31 09:31:53.621411+00:00,1.0,1.0,True
loja_de_cidadao_de_faro,Passaporte - Pedido,59,44,0,2026-07-26 23:34:46.048292+00:00,2026-07-31 09:31:53.621411+00:00,1.0,1.0,True
loja_de_cidadao_de_vila_nova_de_gaia,Rendimento,59,8,0,2026-07-26 23:34:46.048292+00:00,2026-07-31 09:31:53.621411+00:00,1.0,1.0,True
loja_de_cidadao_de_faro,Empresa na Hora / Marca / Associação / Cooperativa / Sucursal na Hora,59,44,0,2026-07-26 23:34:46.048292+00:00,2026-07-31 09:31:53.621411+00:00,1.0,1.0,True
loja_de_cidadao_de_faro,Cartão de Cidadão - Pedido/Renovação,59,44,0,2026-07-26 23:34:46.048292+00:00,2026-07-31 09:31:53.621411+00:00,1.0,1.0,True
loja_de_cidadao_do_seixal,Carta de Condução/ Driving License,59,44,0,2026-07-26 23:34:46.048292+00:00,2026-07-31 09:31:53.621411+00:00,1.0,1.0,True
loja_de_cidadao_do_seixal,Atendimento com Marcação,59,0,0,2026-07-26 23:34:46.048292+00:00,2026-07-31 09:31:53.621411+00:00,0.0,1.0,True
loja_de_cidadao_de_setubal,Atendimento com Marcação,59,0,0,2026-07-26 23:34:46.048292+00:00,2026-07-31 09:31:53.621411+00:00,0.0,1.0,True
loja_de_cidadao_de_castelo_de_paiva,Nacionalidade - Profissionais,59,0,0,2026-07-26 23:34:46.048292+00:00,2026-07-31 09:31:53.621411+00:00,0.0,1.0,True
loja_de_cidadao_de_castelo_de_paiva,Nacionalidade - Cidadão / Particulares,59,0,0,2026-07-26 23:34:46.048292+00:00,2026-07-31 09:31:53.621411+00:00,0.0,1.0,True
loja_de_cidadao_das_laranjeiras,Construção,59,19,0,2026-07-26 23:34:46.048292+00:00,2026-07-31 09:31:53.621411+00:00,1.0,1.0,True
loja_de_cidadao_de_castelo_de_paiva,Casa Pronta,59,0,0,2026-07-26 23:34:46.048292+00:00,2026-07-31 09:31:53.621411+00:00,0.0,1.0,True
loja_de_cidadao_de_castelo_de_paiva, Certificados /Traduções / Procurações/ Reconhecimentos / Fotocópias/ Instrumentos/ Outros,59,0,0,2026-07-26 23:34:46.048292+00:00,2026-07-31 09:31:53.621411+00:00,0.0,1.0,False
loja_de_cidadao_de_cascais,Geral,59,25,0,2026-07-26 23:34:46.048292+00:00,2026-07-31 09:31:53.621411+00:00,1.0,1.0,False
loja_de_cidadao_de_cantanhede,Geral,59,25,0,2026-07-26 23:34:46.048292+00:00,2026-07-31 09:31:53.621411+00:00,1.0,1.0,False
loja_de_cidadao_de_vila_nova_de_gaia,Geral,59,25,0,2026-07-26 23:34:46.048292+00:00,2026-07-31 09:31:53.621411+00:00,1.0,1.0,False
loja_de_cidadao_de_cantanhede,Cartão de Cidadão - Levantamento,59,25,0,2026-07-26 23:34:46.048292+00:00,2026-07-31 09:31:53.621411+00:00,1.0,1.0,True
loja_de_cidadao_de_vila_nova_de_gaia,Pagamentos,59,8,0,2026-07-26 23:34:46.048292+00:00,2026-07-31 09:31:53.621411+00:00,1.0,1.0,True
loja_de_cidadao_de_odivelas,Registo Civil - Certidões / Inf.,59,44,0,2026-07-26 23:34:46.048292+00:00,2026-07-31 09:31:53.621411+00:00,1.0,1.0,True
